Fundos,Setor,Preço Atual (R$),Liquidez Diária (R$),P/VP,Último Dividendo,Dividend Yield (%),DY (3M) Acumulado (%),DY (6M) Acumulado (%),DY (12M) Acumulado (%),DY (3M) média (%),DY (6M) média (%),DY (12M) média (%),DY Ano (%),Variação Preço (%),Rentab. Período (%),Rentab. Acumulada (%),Patrimônio Líquido,VPA,P/VPA,DY Patrimonial (%),Variação Patrimonial (%),Rentab. Patr. Período (%),Rentab. Patr. Acumulada (%),Quant. Ativos,Volatilidade,Num. Cotistas,Tax. Gestão (%aa),Tax. Performance (%aa),Tax. Administração (%aa)
AAGR11,Indefinido,115.06,20655.76,N/A,1.36,1.14,1.14,5.39,14.05,0.38,0.9,1.17,4.03,33.34,34.86,35.26,N/A,N/A,N/A,0.0,0.0,0.0,0.0,0,6499.95,0,N/A,N/A,N/A
AAZQ11,Indefinido,6.83,382254.19,0.8,0.08,1.14,3.55,7.5,16.99,1.18,1.25,1.42,9.12,-9.83,-8.8,5.41,"206.934.777,00",8.61,0.79,1.22,0.0,0.0,0.0,0,1820.59,30949,N/A,10.0,1.2
ABCP11,Shoppings,74.2,64922.24,0.66,0.65,0.78,2.45,4.59,9.76,0.82,0.77,0.81,1.59,4.02,4.83,12.5,"521.976.248,89",110.81,0.67,0.59,20.68,21.39,30.03,1,2499.75,13433,N/A,N/A,0.1
AFHI11,Papéis,95.24,668290.24,1.0,1.01,1.05,3.17,6.53,13.6,1.06,1.09,1.13,1.05,0.9,1.96,1.96,"456.555.370,03",95.08,1.0,1.06,0.12,1.18,7.52,14,588.73,38646,N/A,N/A,1.0
AGRX11,Indefinido,8.35,197361.62,0.8,0.12,1.41,4.21,8.6,18.39,1.4,1.43,1.53,10.07,1.92,3.36,26.28,"185.862.251,96",10.38,0.8,1.16,0.0,0.0,0.0,0,1548.89,19643,N/A,10.0,1.0
AIEC11,Lajes Corporativas,56.7,297833.62,0.75,0.34,0.63,1.92,3.94,8.36,0.64,0.66,0.7,1.27,1.92,2.57,3.85,"366.755.058,46",75.96,0.75,0.45,-18.77,-18.4,-17.46,2,1454.47,11513,N/A,20.0,0.75
AJFI11,Shoppings,8.05,142969.43,0.74,0.06,0.68,1.89,3.76,7.97,0.63,0.63,0.66,3.76,1.56,2.25,16.61,"371.925.482,96",N/A,N/A,N/A,N/A,N/A,N/A,12,952.23,9532,0.6,N/A,0.1
ALMI11,Lajes Corporativas,632.99,9982.3,0.31,4.53,0.72,2.24,3.67,6.5,0.75,0.61,0.54,1.53,6.22,6.98,-5.73,"227.267.303,51",2046.78,0.31,0.0,-0.05,-0.05,0.9,1,11339.34,1843,N/A,N/A,0.38
ALZC11,Papéis,7.39,230204.19,0.8,0.11,1.38,3.91,8.03,16.6,1.3,1.34,1.38,1.38,-0.64,0.73,0.73,"183.000.003,55",N/A,N/A,N/A,N/A,N/A,N/A,14,1404.08,10920,N/A,20.0,1.3
ALZR11,Misto,10.02,2863587.86,0.94,0.08,0.84,2.44,4.86,10.07,0.81,0.81,0.84,4.86,-5.26,-4.46,1.48,"1.755.504.582,43",10.67,0.94,0.78,-90.02,-89.94,-89.13,21,859.91,201297,0.7,N/A,0.25
APTO11,Imóveis Residenciais,8.3,8513.14,0.85,0.08,0.93,3.06,6.32,13.22,1.02,1.05,1.1,1.99,1.77,2.72,4.18,"45.095.218,73",9.78,0.85,0.82,-1.81,-1.0,13.04,3,1214.66,7626,N/A,20.0,1.5
APXM11,Shoppings,64.3,83659.14,0.51,0.39,0.53,1.8,3.65,6.04,0.6,0.61,0.5,3.65,-0.59,-0.06,-4.42,"355.329.617,14",N/A,N/A,N/A,N/A,N/A,N/A,1,5034.42,687,N/A,N/A,N/A
ARCT11,Imóveis Industriais e Logísticos,87.13,1053903.45,0.87,0.5,0.0,1.3,3.82,12.55,0.43,0.64,1.05,0.0,0.0,0.0,N/A,"371.534.654,03",99.77,0.87,0.76,0.04,0.8,6.31,9,15.63,43228,N/A,20.0,1.0
AROA11,Imóveis Industriais e Logísticos,1.32,11179.95,1.4,0.01,0.66,1.77,3.82,9.29,0.59,0.64,0.77,6.09,-7.2,-6.59,25.77,"158.451.747,39",N/A,N/A,N/A,N/A,N/A,N/A,5,7109.24,6383,N/A,N/A,N/A
ARRI11,Papéis,4.61,136007.76,0.55,0.07,1.52,4.07,7.85,16.7,1.36,1.31,1.39,9.25,-8.35,-6.96,-17.83,"174.647.296,59",8.43,0.55,0.83,-4.85,-4.06,-89.45,1,1899.54,23191,N/A,N/A,N/A
ARTE11,Misto,7.3,91934.86,0.74,0.12,1.54,2.81,2.81,2.81,0.94,0.47,0.26,2.81,-17.72,-16.45,-16.45,"98.835.743,91",N/A,N/A,N/A,N/A,N/A,N/A,0,7453.91,877,N/A,N/A,N/A
ARXD11,Papéis,7.94,83195.1,0.86,0.11,1.36,3.61,7.11,15.07,1.2,1.19,1.26,8.34,2.02,3.4,25.72,"79.480.571,79",N/A,N/A,N/A,N/A,N/A,N/A,14,2080.93,2050,N/A,N/A,1.02
ASMT11,Lajes Corporativas,4.1,12484.0,0.41,0.08,1.12,0.0,0.0,0.0,0.0,0.0,0.0,2.19,-4.46,-3.39,-3.83,"169.085.584,25",N/A,N/A,N/A,N/A,N/A,N/A,3,52.59,1,N/A,20.0,1.2
ASRF11,Indefinido,10974.0,10974.0,1.15,256.33,0.0,0.0,0.0,0.0,0.0,0.0,0.0,0.0,0.0,0.0,N/A,"38.115.963,70",N/A,N/A,N/A,N/A,N/A,N/A,2,162.76,95,N/A,N/A,N/A
ATSA11,Shoppings,60.0,3174.43,0.81,1.2,2.0,2.51,3.29,4.19,0.84,0.55,0.35,3.29,1.68,3.71,7.5,"130.144.115,45",74.32,0.81,0.2,-8.74,-8.56,-16.96,1,3122.5,303,N/A,N/A,0.5
AURB11,Imóveis Comerciais - Outros,80.7,4.26,1.01,0.45,0.0,0.0,0.0,0.0,0.0,0.0,0.0,0.0,0.0,0.0,N/A,"86.942.080,23",N/A,N/A,N/A,N/A,N/A,N/A,2,23575.97,17,N/A,N/A,1.05
AZIN11,FIP-IE,101.45,1135365.62,N/A,1.4,1.39,4.2,8.58,20.35,1.4,1.43,1.7,8.58,0.23,1.62,16.76,N/A,N/A,N/A,N/A,N/A,N/A,N/A,0,1011.36,0,N/A,20.0,1.25
AZPE11,Papéis,N/A,N/A,N/A,0.14,0.0,0.0,0.0,0.0,0.0,0.0,0.0,0.0,0.0,0.0,N/A,"124.825.790,02",N/A,N/A,N/A,N/A,N/A,N/A,10,N/A,1,N/A,N/A,N/A
AZPL11,Serviços Financeiros Diversos,7.52,380824.05,0.87,0.09,1.11,3.14,6.13,12.45,1.05,1.02,1.04,7.15,-0.39,0.72,12.68,"360.697.172,42",N/A,N/A,N/A,N/A,N/A,N/A,1,851.33,5764,N/A,N/A,1.1
BBFO11,Fundo de Fundos,69.32,483379.43,0.93,0.95,1.37,4.01,7.93,15.43,1.34,1.32,1.29,9.1,-1.96,-0.62,29.67,"297.121.050,89",74.21,0.93,1.27,-9.2,-8.05,-3.68,14,1430.16,11450,N/A,N/A,0.5
BBGO11,Indefinido,67.0,256979.1,0.71,0.8,1.16,3.49,6.98,16.05,1.16,1.16,1.34,8.45,-3.41,-2.29,23.28,"379.748.380,06",94.81,0.71,0.9,-3.19,-2.32,5.59,0,1146.8,11757,N/A,10.0,0.85
BBIG11,Serviços Financeiros Diversos,5.67,1012701.14,0.59,0.02,0.32,2.35,5.48,12.92,0.78,0.91,1.08,6.71,-7.45,-7.15,3.16,"949.677.063,57",N/A,N/A,N/A,N/A,N/A,N/A,3,1467.41,38108,N/A,N/A,0.8
BBIM11,Papéis,N/A,N/A,N/A,0.1,0.0,0.0,0.0,0.0,0.0,0.0,0.0,0.0,0.0,0.0,N/A,66750,N/A,N/A,0.0,-100.0,0.0,0.0,14,N/A,20,N/A,N/A,N/A
BBRC11,Agências de Bancos,104.18,78114.67,0.97,1.05,1.03,4.14,7.38,14.04,1.38,1.23,1.17,3.07,-0.95,0.07,6.89,"168.024.527,21",104.82,0.99,1.0,-2.64,-1.66,9.53,21,1634.94,8572,N/A,N/A,0.6
BCIA11,Fundo de Fundos,88.55,422208.33,0.86,0.86,0.89,2.84,5.9,12.21,0.95,0.98,1.02,1.86,8.29,9.25,11.66,"378.442.687,17",104.86,0.84,0.82,4.59,5.45,10.2,14,1228.58,19658,N/A,20.0,0.5
BCRI11,Papéis,59.13,345993.19,0.7,0.75,1.09,3.71,7.92,16.06,1.24,1.32,1.34,2.41,0.0,1.09,8.43,"529.078.409,30",85.24,0.69,0.88,-15.53,-14.79,-8.41,14,1360.88,40878,N/A,N/A,1.0
BDIF11,Indefinido,72.59,2309350.67,N/A,0.85,1.16,3.44,6.89,13.6,1.15,1.15,1.13,6.89,0.1,1.26,19.36,N/A,N/A,N/A,N/A,N/A,N/A,N/A,0,1293.52,0,N/A,20.0,0.75
BDIV11,Indefinido,36.81,180348.71,N/A,1.6,4.18,4.18,8.36,17.34,1.39,1.39,1.45,8.36,-0.05,4.13,12.26,N/A,N/A,N/A,N/A,N/A,N/A,N/A,0,1696.97,0,N/A,N/A,1.1
BETW11,Indefinido,N/A,N/A,N/A,0.67,0.0,0.0,0.0,0.0,0.0,0.0,0.0,0.0,0.0,0.0,N/A,"276.162.152,35",N/A,N/A,N/A,N/A,N/A,N/A,1,N/A,2,N/A,N/A,N/A
BGRB11,Lajes Corporativas,102.5,65730.88,0.89,0.55,0.0,0.59,1.28,1.42,0.59,0.21,0.12,1.28,0.0,0.0,N/A,"223.145.849,86",N/A,N/A,N/A,N/A,N/A,N/A,1,9881.98,378,0.95,10.0,0.13
BICE11,Fundo de Fundos,534.02,520.25,0.49,5.98,1.11,27.59,27.59,27.59,9.2,4.6,2.3,1.11,-29.33,-28.55,-28.55,"145.381.110,34",1089.7,0.49,0.66,9.32,10.05,18.0,14,14173.05,120,N/A,N/A,N/A
BICR11,Papéis,35.92,72.0,0.86,0.36,1.02,0.0,0.0,0.0,0.0,0.0,0.0,4.52,-10.54,-9.63,-26.97,"20.805.910,51",42.51,0.84,0.85,-57.2,-56.84,-52.66,14,1.46,641,N/A,N/A,0.5
BIDB11,Indefinido,78.61,203919.38,N/A,1.0,1.26,3.76,7.56,16.13,1.25,1.26,1.34,8.89,-0.91,0.34,22.0,N/A,N/A,N/A,N/A,N/A,N/A,N/A,0,1202.84,0,N/A,N/A,0.8
BIME11,Indefinido,4.94,30656.1,0.58,0.08,1.22,3.45,6.7,15.0,1.15,1.12,1.25,2.49,3.97,5.24,7.94,"48.152.171,45",8.48,0.58,0.94,-6.09,-5.2,1.64,3,1775.74,7796,N/A,20.0,1.5
BINC11,Papéis,103.46,590740.33,N/A,1.5,1.47,2.65,7.0,16.57,0.88,1.17,1.38,8.46,0.01,1.48,21.36,N/A,N/A,N/A,N/A,N/A,N/A,N/A,0,981.28,0,N/A,N/A,0.9
BINR11,Indefinido,1673.35,N/A,1.38,297.59,0.0,0.0,0.0,0.0,0.0,0.0,0.0,0.0,0.0,0.0,N/A,"143.521.544,20",N/A,N/A,N/A,N/A,N/A,N/A,5,N/A,103,N/A,N/A,N/A
BIPD11,Indefinido,989.33,860222.5,1.06,10.77,0.0,0.0,0.0,0.0,0.0,0.0,0.0,0.0,0.0,0.0,N/A,"103.248.147,18",N/A,N/A,N/A,N/A,N/A,N/A,1,1543.13,111,N/A,N/A,N/A
BLCA11,Indefinido,93.54,3905.67,0.76,0.5,0.54,1.64,3.3,7.11,0.55,0.55,0.59,1.07,-3.08,-2.56,5.6,"202.913.953,55",128.74,0.73,0.39,-10.36,-10.01,27.23,1,3239.65,485,N/A,20.0,1.15
BLMG11,Imóveis Industriais e Logísticos,30.81,145472.38,0.66,0.39,1.22,3.67,7.33,14.34,1.22,1.22,1.2,7.33,-2.17,-0.98,8.68,"217.944.010,69",46.64,0.66,0.84,-51.39,-50.98,-48.87,1,2448.36,13043,N/A,20.0,0.95
BLMO11,Lajes Corporativas,88.87,6850.82,0.9,0.53,0.6,1.21,2.28,4.86,0.4,0.38,0.41,2.28,0.0,0.0,N/A,"97.939.357,15",98.45,0.9,0.54,-99.67,-99.67,-99.62,1,2669.87,273,N/A,15.0,1.0
BLMR11,Fundo de Fundos,6.78,1157702.33,0.11,0.37,0.0,0.0,0.0,0.0,0.0,0.0,0.0,0.0,0.0,0.0,N/A,"118.155.565,38",7.61,0.89,0.7,-1.68,-0.99,1.82,14,3.49,8102,N/A,20.0,1.0
BLOG11,Misto,6.6,6.59,0.59,0.02,0.2,0.0,0.0,0.57,0.0,0.0,0.57,2.76,-6.82,-6.63,-8.76,"346.922.775,80",N/A,N/A,N/A,N/A,N/A,N/A,6,5043.0,132,0.85,N/A,0.2
BLUR11,Papéis,76.03,228.0,1.0,74.29,0.0,0.0,0.0,3.04,0.0,0.0,0.25,4.01,0.0,0.0,N/A,"6.851.720,42",N/A,N/A,N/A,N/A,N/A,N/A,14,12052.14,1,N/A,N/A,N/A
BMLC11,Lajes Corporativas,100.19,18475.4,0.93,0.7,0.69,1.49,2.99,7.46,0.5,0.5,0.62,0.69,0.0,0.0,N/A,"107.715.546,33",109.56,0.91,0.64,-3.45,-2.83,6.1,1,2124.39,1210,0.2,N/A,0.2
BNFS11,Agências de Bancos,39.9,26980.29,0.57,0.7,0.97,3.07,7.0,15.74,1.02,1.17,1.31,1.98,-2.67,-1.73,0.93,"48.900.107,31",69.61,0.57,1.01,-23.84,-23.07,-18.09,19,2399.54,5065,N/A,N/A,0.3
BODB11,Indefinido,7.6,905870.43,N/A,0.1,1.27,3.8,7.43,15.76,1.27,1.24,1.31,8.77,0.0,1.27,25.65,N/A,N/A,N/A,N/A,N/A,N/A,N/A,0,1358.15,0,N/A,20.0,0.9
BPFF11,Fundo de Fundos,54.53,512062.0,0.88,2.24,0.0,0.0,0.0,7.09,0.0,0.0,0.59,9.5,0.0,0.0,N/A,"279.190.787,97",62.15,0.88,1.13,-15.43,-14.48,-11.96,14,995.9,20101,N/A,20.0,0.4
BPLC11,Misto,N/A,N/A,N/A,14.42,0.0,0.0,0.0,0.0,0.0,0.0,0.0,0.0,0.0,0.0,N/A,"323.206.888,13",N/A,N/A,N/A,N/A,N/A,N/A,1,N/A,126,N/A,N/A,N/A
BPML11,Shoppings,86.45,768831.76,0.7,0.92,1.0,3.24,6.83,15.11,1.08,1.14,1.26,1.0,8.26,9.34,9.34,"921.878.950,64",127.72,0.68,0.72,2.38,3.12,4.09,4,1533.97,6242,N/A,N/A,1.0
BPRP11,Imóveis Industriais e Logísticos,107.5,2150.0,0.86,0.93,0.0,0.0,0.0,0.0,0.0,0.0,0.0,4.54,0.0,0.0,N/A,"169.496.975,27",N/A,N/A,N/A,N/A,N/A,N/A,1,1.53,171,N/A,N/A,N/A
BRCO11,Imóveis Industriais e Logísticos,113.47,5741278.05,0.98,0.87,0.73,2.21,4.52,9.79,0.74,0.75,0.82,1.47,1.43,2.17,3.71,"2.085.468.575,60",116.62,0.97,0.75,-4.0,-3.28,5.25,14,1213.3,137451,1.0,20.0,N/A
BRCR11,Lajes Corporativas,40.26,992731.57,0.51,0.41,0.84,2.64,5.61,12.13,0.88,0.94,1.01,1.69,1.29,2.14,14.19,"2.152.303.066,79",85.83,0.47,0.48,-14.22,-13.81,-15.06,5,1292.23,112683,1.5,N/A,0.25
BREV11,Lajes Corporativas,105.0,532138.0,1.65,0.58,0.55,0.0,0.0,0.0,0.0,0.0,0.0,10.03,0.32,0.87,22.08,"118.155.565,38",N/A,N/A,0.0,-100.0,0.0,0.0,13,0.34,320,N/A,N/A,N/A
BRFT11,Misto,81.5,58728.71,N/A,0.99,1.17,3.84,8.05,18.04,1.28,1.34,1.5,9.57,-3.69,-2.56,19.79,"190.719.465,68",190719465.68,0.0,0.0,0.0,0.0,0.0,0,2359.26,1637,N/A,N/A,N/A
BRIM11,Fundo de Desenvolvimento,95.0,152.06,8.34,10.0,10.53,26.2,108.95,252.2,8.73,18.16,21.02,108.95,-50.05,-44.79,46.15,"1.414.482,94",N/A,N/A,N/A,N/A,N/A,N/A,1,11270.65,719,N/A,N/A,1.7
BRIP11,Fundo de Desenvolvimento,320.0,686.0,0.68,27.85,6.19,6.19,21.75,59.62,2.06,3.63,4.97,6.19,0.0,0.0,N/A,"101.166.719,79",N/A,N/A,N/A,N/A,N/A,N/A,10,10698.82,397,N/A,N/A,2.0
BRIX11,Indefinido,1673.35,195781.0,1.49,180.14,0.0,0.0,0.0,0.0,0.0,0.0,0.0,0.0,0.0,0.0,N/A,"133.780.649,39",N/A,N/A,N/A,N/A,N/A,N/A,10,N/A,103,N/A,N/A,N/A
BRLA11,Imóveis Industriais e Logísticos,148.0,21194.28,0.84,1.15,0.78,2.38,3.11,4.64,0.79,0.52,0.39,4.64,4.99,5.81,5.06,"815.145.198,38",166.46,0.89,0.69,5.36,6.09,-2.26,8,76.52,435,N/A,N/A,-0.75
BROF11,Lajes Corporativas,61.01,1469910.43,0.56,0.56,1.03,3.01,5.92,11.99,1.0,0.99,1.0,5.92,0.02,1.05,10.37,"1.275.089.415,10",N/A,N/A,N/A,N/A,N/A,N/A,1,1932.02,11096,0.45,N/A,0.15
BRZP11,N/A,182.0,1103113.14,N/A,1.2,0.64,1.61,3.16,7.04,0.54,0.53,0.59,3.71,-1.57,-0.94,33.7,N/A,N/A,N/A,N/A,N/A,N/A,N/A,0,1932.92,0,1.5,N/A,0.12
BTAG11,Indefinido,103.0,113226.95,1.02,1.3,1.17,3.5,7.17,15.85,1.17,1.2,1.32,8.43,-1.33,-0.18,21.76,"165.502.746,32",105.02,0.98,1.24,0.0,0.0,0.0,0,2757.27,4738,1.0,10.0,0.15
BTAL11,Imóveis Industriais e Logísticos,86.03,442350.57,0.74,1.0,1.14,3.37,6.77,14.42,1.12,1.13,1.2,6.77,-1.61,-0.49,23.5,"693.765.025,57",115.96,0.74,0.82,10.38,11.28,20.64,9,1592.68,38037,N/A,N/A,1.1
BTCI11,Papéis,9.19,3586813.57,0.89,0.11,1.14,3.29,6.38,13.2,1.1,1.06,1.1,7.47,0.44,1.58,12.6,"1.018.465.541,64",N/A,N/A,N/A,N/A,N/A,N/A,14,752.83,208872,N/A,N/A,0.95
BTCR11,Papéis,88.0,571148.0,0.92,0.9,0.98,0.0,0.0,0.0,0.0,0.0,0.0,12.53,-5.96,-5.04,14.54,"458.252.683,73",95.27,0.92,0.94,0.64,1.59,4.62,14,32.78,16934,N/A,N/A,1.0
BTHF11,Papéis,9.13,2988584.67,0.9,0.1,1.1,3.29,6.75,13.8,1.1,1.13,1.15,6.75,-1.61,-0.53,23.71,"2.052.861.600,57",N/A,N/A,N/A,N/A,N/A,N/A,0,1136.55,316625,N/A,N/A,1.1
BTHI11,Hotéis,43.99,19933.33,0.67,0.45,1.02,3.04,5.5,11.32,1.01,0.92,0.94,6.21,-0.54,0.47,1.33,"597.104.845,87",N/A,N/A,N/A,N/A,N/A,N/A,14,2830.11,1740,N/A,20.0,0.8
BTHR11,Hotéis,N/A,N/A,N/A,0.21,0.0,0.0,0.0,0.0,0.0,0.0,0.0,0.0,0.0,0.0,N/A,"332.505.271,79",N/A,N/A,N/A,N/A,N/A,N/A,13,N/A,24,N/A,N/A,N/A
BTLG11,Imóveis Industriais e Logísticos,102.6,9569084.29,1.0,0.81,0.79,2.37,4.76,9.67,0.79,0.79,0.81,4.76,0.35,1.14,9.87,"7.105.228.967,29",102.4,1.0,0.79,3.68,4.5,9.89,31,540.05,501290,N/A,N/A,0.9
BTML11,Lajes Corporativas,101.37,N/A,0.79,1.1,0.0,0.0,0.0,0.0,0.0,0.0,0.0,0.0,0.0,0.0,N/A,"145.476.950,69",N/A,N/A,N/A,N/A,N/A,N/A,2,2.44,1,N/A,N/A,N/A
BTRA11,Indefinido,64.01,231357.48,0.56,0.8,1.23,2.58,4.61,9.56,0.86,0.77,0.8,1.23,7.15,8.47,8.47,"384.307.620,02",111.86,0.57,0.36,-19.35,-19.06,15.25,5,2664.82,11244,N/A,20.0,1.2
BTSG11,Imóveis Industriais e Logísticos,145.92,146.0,0.93,1.0,0.0,0.0,1.37,3.17,0.0,0.23,0.26,0.0,0.0,0.0,N/A,"120.961.555,01",156.07,0.93,0.64,13.38,14.11,25.68,1,3507.03,106,N/A,N/A,N/A
BTSI11,Misto,109.17,31.21,0.88,0.83,0.0,0.0,0.0,0.78,0.0,0.0,0.78,0.0,0.0,0.0,N/A,"788.559.958,83",N/A,N/A,N/A,N/A,N/A,N/A,5,1917.17,220,N/A,N/A,N/A
BTWR11,Fundo de Desenvolvimento,90.0,28421.5,0.76,0.94,0.0,0.0,0.0,0.0,0.0,0.0,0.0,0.0,0.0,0.0,N/A,"95.985.219,78",118.61,0.76,0.59,5.89,6.52,15.09,1,2853.93,139,N/A,N/A,N/A
BTYU11,Incorporações,7.65,2665.76,0.72,0.09,1.19,3.72,6.78,13.63,1.24,1.13,1.14,6.78,-3.44,-2.29,-8.05,"307.155.136,13",N/A,N/A,N/A,N/A,N/A,N/A,14,4612.05,881,N/A,20.0,1.25
BZEL11,Misto,N/A,N/A,N/A,5.09,0.0,0.0,0.0,0.0,0.0,0.0,0.0,0.0,0.0,0.0,N/A,"526.045.991,98",N/A,N/A,N/A,N/A,N/A,N/A,14,N/A,3,N/A,N/A,N/A
CACR11,Papéis,20.07,572823.19,0.21,1.2,1.41,4.84,10.15,19.54,1.61,1.69,1.63,3.1,6.47,7.97,16.33,"471.926.680,37",95.04,0.21,1.26,-8.2,-7.04,29.82,14,6740.4,25317,N/A,20.0,1.0
CAFE11,Misto,N/A,N/A,N/A,1.01,0.0,0.0,0.0,0.0,0.0,0.0,0.0,0.0,0.0,0.0,N/A,N/A,N/A,N/A,N/A,N/A,N/A,N/A,0,N/A,0,N/A,N/A,N/A
CARE11,Misto,3.1,2486.95,0.1,0.01,0.23,0.0,0.0,0.0,0.0,0.0,0.0,0.45,-2.63,-2.41,-2.41,"249.416.931,74",1.6,1.93,0.1,-0.24,-0.14,3.56,14,5011.99,6772,N/A,20.0,1.55
CBOP11,Lajes Corporativas,32.49,7940.1,0.43,0.16,0.42,2.21,3.31,5.94,0.74,0.55,0.5,1.93,15.68,16.16,8.62,"102.081.535,85",72.21,0.45,0.22,-2.18,-1.96,-12.63,1,4932.74,1986,N/A,N/A,0.3
CCME11,Indefinido,8.86,234885.14,0.83,0.08,0.92,2.84,5.75,11.84,0.95,0.96,0.99,1.87,-1.84,-0.93,6.45,"723.891.982,59",N/A,N/A,N/A,N/A,N/A,N/A,1,1707.5,9617,1.25,20.0,0.15
CCRF11,Papéis,92.5,1276.82,0.99,3.5,0.0,0.0,0.0,0.0,0.0,0.0,0.0,0.0,0.0,0.0,N/A,"146.548.498,31",93.23,0.99,3.76,-2.86,0.79,3.55,14,8.06,317,N/A,N/A,N/A
CCVA11,Indefinido,98.97,159202.27,0.97,0.5,0.0,0.0,0.0,0.0,0.0,0.0,0.0,0.0,0.0,0.0,N/A,"64.196.049,44",N/A,N/A,N/A,N/A,N/A,N/A,1,0.95,1,N/A,N/A,N/A
CDII11,Indefinido,101.32,5921805.71,N/A,1.0,0.99,3.16,6.9,16.81,1.05,1.15,1.4,8.35,0.3,1.29,9.18,N/A,N/A,N/A,N/A,N/A,N/A,N/A,0,968.69,0,N/A,N/A,1.0
CEOC11,Lajes Corporativas,41.07,11349.1,0.59,0.43,0.94,3.15,6.53,13.91,1.05,1.09,1.16,2.05,-0.35,0.59,4.89,"124.299.758,89",68.17,0.6,0.63,-13.49,-12.94,-20.6,1,1517.92,3637,N/A,N/A,0.2
CFHI11,Fundo de Desenvolvimento,20.1,40.0,0.76,26.47,0.0,0.0,0.0,21.79,0.0,0.0,1.82,23.53,0.0,0.0,N/A,"2.514.034,94",N/A,N/A,N/A,N/A,N/A,N/A,4,1816410.65,96,N/A,N/A,N/A
CFII11,Indefinido,500.0,136.74,1.01,78.0,0.0,0.0,0.0,5.19,0.0,0.0,0.43,0.0,0.0,0.0,N/A,"62.812.673,81",N/A,N/A,N/A,N/A,N/A,N/A,4,46336.56,103,N/A,N/A,N/A
CIXM11,Misto,9.04,220499.5,0.22,0.15,0.0,0.0,0.0,0.0,0.0,0.0,0.0,0.0,0.0,0.0,N/A,"254.544.355,67",N/A,N/A,N/A,N/A,N/A,N/A,14,N/A,108,N/A,N/A,N/A
CJCT11,Lajes Corporativas,67.0,242.0,0.91,0.24,0.37,0.69,1.32,3.45,0.69,0.22,0.29,0.37,0.0,0.0,N/A,"232.168.790,15",57.9,1.16,0.0,0.58,0.58,0.58,1,12208.64,781,N/A,N/A,0.7
CLIN11,Fundo de Fundos,90.34,683052.19,0.92,1.15,1.25,3.32,6.47,13.88,1.11,1.08,1.16,6.47,-0.68,0.56,20.83,"428.908.370,71",N/A,N/A,N/A,N/A,N/A,N/A,14,913.71,10768,N/A,N/A,1.05
CNES11,Lajes Corporativas,1.46,33422.29,0.23,0.01,0.52,1.6,3.82,7.19,0.53,0.64,0.6,3.23,-2.74,-2.23,-17.15,"217.270.081,13",6.37,0.23,0.12,-92.88,-92.87,-92.56,1,6655.15,75774,N/A,N/A,0.3
COPP11,Lajes Corporativas,103.0,1827632.0,0.81,0.75,0.0,0.0,0.0,0.0,0.0,0.0,0.0,0.0,0.0,0.0,N/A,"694.923.954,59",N/A,N/A,N/A,N/A,N/A,N/A,5,17.75,118,N/A,N/A,N/A
CORM11,Lajes Corporativas,N/A,N/A,N/A,0.77,0.9,2.76,5.35,11.38,0.92,0.89,0.95,6.2,-2.97,-2.1,-4.27,N/A,90.56,N/A,0.89,-2.33,-1.45,0.21,0,N/A,0,N/A,N/A,N/A
CPFO11,Fundo de Fundos,N/A,N/A,N/A,31.42,0.0,0.0,0.0,0.0,0.0,0.0,0.0,0.0,0.0,0.0,N/A,"90.509.108,49",N/A,N/A,N/A,N/A,N/A,N/A,14,N/A,528,N/A,N/A,N/A
CPLG11,Misto,11.0,73505.67,1.06,0.12,1.08,3.4,7.35,13.82,1.13,1.23,1.15,7.35,-0.36,0.72,5.86,"592.814.804,02",N/A,N/A,N/A,N/A,N/A,N/A,2,1090.25,5398,N/A,10.0,0.9
CPOF11,Misto,107.01,28034830.37,0.9,0.43,0.39,0.0,0.39,1.21,0.0,0.39,0.1,0.39,0.0,0.0,N/A,"694.923.954,59",N/A,N/A,N/A,N/A,N/A,N/A,5,1339.29,118,N/A,N/A,N/A
CPSH11,Indefinido,10.0,1079050.33,0.86,0.11,1.1,3.26,6.45,13.6,1.09,1.08,1.13,6.45,1.42,2.53,4.64,"1.424.897.810,43",N/A,N/A,N/A,N/A,N/A,N/A,8,1024.0,37178,N/A,10.0,0.92
CPTA11,Fiagro,N/A,N/A,N/A,0.2,0.0,0.0,0.0,0.0,0.0,0.0,0.0,0.0,0.0,0.0,N/A,"66.610.441,00",3.09,N/A,0.97,0.0,0.0,0.0,0,N/A,1102,N/A,20.0,1.0
CPTI11,Indefinido,86.37,2153756.71,N/A,1.15,1.33,3.92,7.88,15.76,1.31,1.31,1.31,9.1,-2.92,-1.63,21.53,N/A,N/A,N/A,N/A,N/A,N/A,N/A,0,829.82,0,N/A,N/A,1.0
CPTR11,Indefinido,7.9,171214.19,0.78,0.11,1.36,4.07,8.33,18.0,1.36,1.39,1.5,8.33,-2.3,-0.97,25.56,"198.071.876,54",9.99,0.79,1.1,-89.88,-89.77,-89.62,0,1184.46,21287,N/A,20.0,1.0
CPTS11,Papéis,7.46,8456825.71,0.86,0.09,1.19,3.51,7.03,14.84,1.17,1.17,1.24,7.03,0.0,1.19,13.72,"3.195.466.071,47",8.79,0.85,1.02,-90.1,-90.0,-89.9,14,980.02,381877,0.82,N/A,N/A
CPUR11,Misto,10.49,1063872.76,1.06,0.1,0.98,2.53,5.44,10.67,0.84,0.91,0.89,5.44,-1.36,-0.39,8.33,"656.300.153,83",N/A,N/A,N/A,N/A,N/A,N/A,18,1391.12,1860,1.0,10.0,N/A
CRAA11,Indefinido,93.59,458224.67,0.92,1.0,1.03,3.35,7.14,15.6,1.12,1.19,1.3,8.46,-3.34,-2.34,18.73,"239.773.184,58",101.18,0.92,1.19,0.0,0.0,0.0,0,972.02,11321,N/A,20.0,1.15
CRFF11,Fundo de Fundos,66.88,8111.14,0.79,0.65,0.85,2.55,5.12,10.43,0.85,0.85,0.87,6.02,0.55,1.41,15.0,"58.358.289,75",84.57,0.79,0.77,0.68,1.45,7.13,14,2990.27,1144,N/A,N/A,N/A
CSMC11,Indefinido,N/A,N/A,N/A,8.2,0.0,0.0,0.0,0.0,0.0,0.0,0.0,0.0,0.0,0.0,N/A,"2.058.374.378,06",N/A,N/A,N/A,N/A,N/A,N/A,9,N/A,1,N/A,N/A,N/A
CTXT11,Lajes Corporativas,4.62,1309.47,0.29,0.01,0.04,0.0,0.0,0.0,0.0,0.0,0.0,0.75,1.4,1.44,-25.96,"94.619.368,35",48.33,0.1,0.19,-0.1,0.09,0.54,1,6350.84,2178,N/A,N/A,0.27
CVPR11,Indefinido,N/A,N/A,N/A,0.85,0.0,0.0,0.0,0.0,0.0,0.0,0.0,0.0,0.0,0.0,N/A,"64.992.083,27",N/A,N/A,N/A,N/A,N/A,N/A,14,N/A,3,0.2,20.0,0.9
CXAG11,Agências de Bancos,75.48,387403.24,0.68,0.72,0.91,3.01,5.89,12.7,1.0,0.98,1.06,2.03,3.43,4.38,10.16,"231.406.642,63",110.57,0.68,0.65,-3.56,-2.93,15.55,31,1330.45,11340,N/A,N/A,0.58
CXCE11,Lajes Corporativas,40.32,22212.1,0.63,0.46,1.14,3.37,6.86,14.27,1.12,1.14,1.19,8.09,-2.87,-1.76,14.75,"108.101.430,53",N/A,N/A,N/A,N/A,N/A,N/A,1,1747.24,2835,N/A,N/A,5.0
CXCE11B,Lajes Corporativas,44.01,9205.0,0.6,0.43,1.09,3.25,6.56,12.24,1.08,1.09,1.02,12.24,0.18,1.27,3.73,"110.543.765,88",64.53,0.68,0.67,-1.63,-0.97,0.19,1,22.21,3247,N/A,N/A,5.0
CXCI11,Indefinido,65.98,95122.14,0.79,0.75,1.02,3.45,6.91,14.43,1.15,1.15,1.2,2.26,1.23,2.26,11.87,"171.101.290,36",88.01,0.75,0.85,-5.48,-4.67,-2.62,14,1149.51,5374,N/A,20.0,0.7
CXCO11,Lajes Corporativas,70.13,219294.76,0.73,0.75,1.05,3.49,6.99,14.86,1.16,1.17,1.24,2.39,5.08,6.18,15.19,"375.382.084,34",95.48,0.73,0.79,-3.85,-3.09,9.2,10,2049.35,12003,0.13,N/A,0.13
CXRI11,Fundo de Fundos,65.96,41469.1,0.78,0.63,0.96,2.91,5.74,11.7,0.97,0.96,0.98,6.66,1.24,2.21,17.07,"134.096.301,65",85.1,0.78,0.74,2.96,3.73,8.55,1,3580.17,1783,N/A,N/A,1.2
CXTL11,Imóveis Industriais e Logísticos,250.0,12115.68,0.61,0.94,0.31,0.64,1.43,2.19,0.64,0.24,0.18,1.48,-6.46,-6.17,-8.41,"21.962.684,82",409.77,0.61,0.09,-16.29,-16.22,-29.76,1,11873.26,562,N/A,N/A,0.35
CYCR11,Indefinido,8.75,467109.0,0.93,0.11,1.14,3.58,7.36,15.47,1.19,1.23,1.29,2.34,4.97,6.17,10.95,"345.052.936,12",9.43,0.93,1.12,-1.15,-0.04,-89.22,14,998.8,16858,N/A,20.0,0.95
DAMA11,Misto,6.13,2459.62,0.81,0.07,1.02,2.97,6.22,14.04,0.99,1.04,1.17,6.22,-3.9,-2.92,-0.74,"41.189.388,34",N/A,N/A,N/A,N/A,N/A,N/A,14,5708.98,908,0.6,25.0,0.2
DAMT11B,Shoppings,11.45,23.0,0.8,0.58,0.0,0.0,3.5,3.5,0.0,0.58,0.29,0.0,0.0,0.0,N/A,"254.940.086,47",N/A,N/A,N/A,N/A,N/A,N/A,2,11.75,576,N/A,N/A,N/A
DAYM11,Lajes Corporativas,4.0,4630.81,0.39,0.04,0.88,2.66,5.48,8.99,0.89,0.91,0.75,5.48,-1.18,-0.31,7.14,"169.233.417,59",N/A,N/A,N/A,N/A,N/A,N/A,6,3717.37,922,N/A,20.0,1.2
DCRA11,Indefinido,6.7,86011.38,0.67,0.12,1.86,4.43,8.12,16.68,1.48,1.35,1.39,9.71,-7.71,-6.0,8.61,"66.354.143,03",9.85,0.68,0.91,0.0,0.0,0.0,0,1796.94,14509,0.87,10.0,0.17
DEVA11,Papéis,17.99,487817.57,0.19,0.34,1.78,4.81,8.59,17.55,1.6,1.43,1.46,10.19,4.95,6.81,-9.49,"1.334.067.797,89",94.99,0.19,0.32,-6.23,-5.93,12.8,14,2355.13,74905,1.0,10.0,0.2
DIVS11,FI-Infra,98.65,908027.62,N/A,1.2,1.16,2.25,5.81,13.54,0.75,0.97,1.13,7.09,-6.21,-5.12,19.45,N/A,N/A,N/A,N/A,N/A,N/A,N/A,0,1052.88,0,N/A,N/A,1.0
DLMT11,Varejo,N/A,N/A,N/A,0.0,0.0,0.0,0.0,0.0,0.0,0.0,0.0,0.0,0.0,0.0,N/A,"6.663.597,32",N/A,N/A,N/A,N/A,N/A,N/A,2,N/A,9,N/A,N/A,N/A
DPRO11,Indefinido,5.35,320.43,0.57,0.06,0.94,2.83,5.81,11.81,0.94,0.97,0.98,1.89,0.63,1.58,1.42,"46.867.527,41",N/A,N/A,N/A,N/A,N/A,N/A,1,4800.92,787,0.92,N/A,0.13
DRIT11B,Lajes Corporativas,83.3,1547.0,0.62,0.53,0.63,1.94,3.25,13.98,0.65,0.54,1.17,1.94,17.7,18.44,16.76,"60.485.010,41",130.56,0.64,0.46,-1.36,-0.91,7.46,4,29.85,348,N/A,15.0,0.5
DVFF11,Fundo de Fundos,5.27,45269.19,0.62,0.07,1.19,3.51,7.04,14.22,1.17,1.17,1.19,7.04,-3.37,-2.22,5.7,"93.513.518,13",8.49,0.62,0.77,-90.68,-90.61,-89.75,14,2966.89,2182,0.65,20.0,0.15
EDGA11,Lajes Corporativas,13.23,28051.57,0.31,0.04,0.3,0.81,2.11,2.78,0.81,0.35,0.23,2.11,5.7,6.02,-4.99,"162.882.793,64",42.73,0.31,0.12,-30.29,-30.21,-34.58,1,3351.38,3549,N/A,N/A,0.2
EDGE11,Papéis,946.66,210.11,0.77,77.33,7.36,7.36,15.12,15.12,7.36,15.12,15.12,15.12,2.86,10.44,10.44,"14.110.278,03",N/A,N/A,N/A,N/A,N/A,N/A,14,2449.22,127,N/A,N/A,N/A
EGAF11,Indefinido,87.52,657673.0,0.88,1.35,1.5,4.36,8.69,19.15,1.45,1.45,1.6,10.36,0.27,1.77,15.3,"310.127.971,92",99.02,0.88,1.33,0.0,0.0,0.0,0,1082.07,12644,N/A,10.0,1.2
EIRA11,Outros,104.55,3975.88,1.01,1.19,1.14,3.35,5.81,7.04,1.12,0.97,0.59,7.04,0.0,1.14,7.22,"35.901.915,52",N/A,N/A,N/A,N/A,N/A,N/A,0,16277.59,242,N/A,N/A,N/A
ELDO11B,N/A,N/A,N/A,N/A,0.3,0.0,0.0,0.0,0.0,0.0,0.0,0.0,0.0,0.0,0.0,N/A,N/A,1661.07,N/A,0.12,15.0,15.14,25.05,0,N/A,N/A,N/A,N/A,N/A
EMET11,Misto,8.96,287881.05,0.95,0.1,1.11,2.05,7.14,15.83,0.68,1.19,1.44,10.75,-1.85,-0.76,-2.07,"47.171.380,07",N/A,N/A,N/A,N/A,N/A,N/A,14,7289.87,242,N/A,N/A,1.15
ENDD11,Indefinido,108.5,241422.86,N/A,6.1,5.1,5.1,10.24,15.39,1.7,1.71,1.28,5.1,10.03,15.64,15.64,N/A,N/A,N/A,N/A,N/A,N/A,N/A,0,1731.43,0,N/A,N/A,0.3
EQIA11,Fiagro,N/A,N/A,N/A,0.45,N/A,N/A,N/A,N/A,N/A,N/A,N/A,N/A,N/A,N/A,N/A,N/A,N/A,N/A,N/A,N/A,N/A,N/A,0,N/A,0,N/A,N/A,N/A
EQIR11,Indefinido,8.31,67067.67,0.86,0.1,1.16,3.72,7.66,16.15,1.24,1.28,1.35,1.16,9.24,10.51,10.51,"105.679.976,17",9.63,0.86,1.04,-1.33,-0.31,-89.54,14,903.23,9594,N/A,N/A,1.0
ERCR11,Varejo,4641.78,179298.53,0.44,366.56,7.32,7.32,7.32,7.32,2.44,1.22,0.61,7.32,0.0,0.0,N/A,"25.111.040,17",10568.62,0.44,5.08,-84.11,-83.31,-82.29,14,2992.23,9,N/A,N/A,0.1
ERPA11,Lajes Corporativas,126.09,2120.0,0.76,0.94,0.75,2.2,4.41,5.2,0.73,0.74,0.43,4.41,-2.92,-2.19,2.99,"82.946.204,77",165.59,0.76,0.56,20.81,21.49,49.45,1,4178.27,841,N/A,N/A,N/A
ESUD11,Indefinido,243.0,48600.0,N/A,72.93,23.08,0.0,0.0,0.0,0.0,0.0,0.0,23.08,0.0,0.0,N/A,N/A,N/A,N/A,N/A,N/A,N/A,N/A,0,14667.3,0,N/A,N/A,N/A
ESUT11,Indefinido,1.0,20.0,N/A,67.49,210.9,0.0,0.0,0.0,0.0,0.0,0.0,210.9,0.0,0.0,N/A,N/A,N/A,N/A,N/A,N/A,N/A,N/A,0,61513.72,0,N/A,N/A,0.35
ESUU11,Indefinido,1.0,20.0,N/A,63.84,199.49,0.0,0.0,0.0,0.0,0.0,0.0,199.49,0.0,0.0,N/A,N/A,N/A,N/A,N/A,N/A,N/A,N/A,0,61513.72,0,N/A,N/A,N/A
EURO11,Imóveis Industriais e Logísticos,315.98,50439.57,0.78,2.08,0.63,2.01,4.36,9.62,0.67,0.73,0.8,1.32,10.3,10.99,10.68,"161.540.825,25",397.82,0.79,0.52,22.51,23.15,37.19,7,3293.65,1943,N/A,N/A,N/A
EXES11,Papéis,9.73,90027.67,0.99,0.13,1.37,4.11,8.28,17.42,1.37,1.38,1.45,1.37,0.0,1.37,1.37,"138.137.672,46",N/A,N/A,N/A,N/A,N/A,N/A,14,1313.8,2258,N/A,N/A,1.0
FAED11,Educacional,153.6,188894.19,0.68,1.78,1.18,3.33,6.7,14.02,1.11,1.12,1.17,7.89,-1.69,-0.53,17.36,"155.481.948,48",224.56,0.68,0.74,3.18,3.95,10.63,4,1661.18,3952,N/A,N/A,N/A
FAMB11B,Lajes Corporativas,609.99,47041.93,0.18,1001.61,0.0,0.0,0.0,0.0,0.0,0.0,0.0,0.0,0.0,0.0,N/A,"424.524.340,32",3593.26,0.17,0.25,0.53,0.79,12.82,1,47.01,2173,N/A,N/A,2.5
FAOE11,Indefinido,926.9,N/A,14.53,11.16,0.0,0.0,0.0,0.0,0.0,0.0,0.0,0.0,0.0,0.0,N/A,"118.155.565,38",N/A,N/A,N/A,N/A,N/A,N/A,2,N/A,8102,N/A,N/A,N/A
FATN11,Lajes Corporativas,79.88,2773855.9,0.83,0.8,0.9,2.76,5.63,12.23,0.92,0.94,1.02,1.83,2.85,3.77,5.22,"655.034.714,91",96.56,0.83,0.83,-2.47,-1.67,3.7,60,962.05,29245,N/A,N/A,0.8
FCFL11,Educacional,123.92,192742.38,0.98,0.93,0.76,2.26,4.53,9.12,0.75,0.76,0.76,4.53,-1.43,-0.68,6.88,"434.561.216,17",125.09,0.99,0.74,7.68,8.48,27.88,1,1462.8,2847,N/A,N/A,0.3
FGAA11,Indefinido,8.24,705748.19,0.87,0.11,1.3,3.79,7.74,16.66,1.26,1.29,1.39,9.13,-2.86,-1.6,12.55,"425.475.188,77",9.46,0.87,1.16,0.0,0.0,0.0,0,904.04,52107,N/A,10.0,1.15
FIGS11,Shoppings,50.37,89617.33,0.71,0.48,0.97,2.99,6.05,12.38,1.0,1.01,1.03,1.99,5.66,6.68,5.57,"199.771.293,69",70.04,0.72,0.69,-8.42,-7.79,-25.82,2,1324.06,11268,N/A,N/A,0.5
FIIB11,Imóveis Industriais e Logísticos,440.99,275738.05,0.75,3.1,0.65,2.14,4.32,9.06,0.71,0.72,0.76,1.4,0.0,0.65,0.15,"405.576.425,35",590.11,0.75,0.53,27.87,28.54,41.34,9,960.17,14156,N/A,N/A,N/A
FIIP11,Imóveis Industriais e Logísticos,132.14,401842.14,0.66,1.42,1.05,3.12,6.14,11.85,1.04,1.02,0.99,7.07,1.34,2.4,-12.31,"185.491.815,14",N/A,N/A,N/A,N/A,N/A,N/A,7,2460.91,5988,N/A,N/A,N/A
FIIP11B,Imóveis Industriais e Logísticos,161.37,1172.8,0.73,1.4,0.96,2.95,5.92,10.89,0.98,0.99,0.91,4.03,-1.78,-0.84,6.81,"184.360.354,72",198.84,0.81,0.7,6.81,7.56,8.46,7,11.96,6586,N/A,N/A,N/A
FISC11,Lajes Corporativas,58.6,8842.15,0.53,0.56,0.83,0.83,2.13,5.24,0.83,0.36,0.44,0.83,0.0,0.0,N/A,"188.957.666,37",111.11,0.53,0.5,-3.43,-2.95,-2.47,4,18363.43,221,N/A,N/A,3.6
FLCR11,Papéis,93.56,241454.67,0.98,1.1,1.14,3.43,6.73,14.46,1.14,1.12,1.21,2.39,0.71,1.86,3.07,"70.709.624,35",95.08,0.98,1.16,-3.39,-2.28,7.47,1,1247.05,2683,N/A,20.0,1.0
FLFL11,Fundo de Desenvolvimento,N/A,N/A,N/A,0.18,0.0,0.0,0.0,0.0,0.0,0.0,0.0,0.0,0.0,0.0,N/A,"475.591.739,84",N/A,N/A,N/A,N/A,N/A,N/A,1,N/A,1,N/A,N/A,N/A
FLMA11,Lajes Corporativas,147.5,50457.71,0.6,1.38,0.88,2.52,4.52,9.41,0.84,0.75,0.78,5.29,-1.69,-0.83,13.22,"346.156.033,36",250.72,0.59,0.57,56.46,57.35,71.74,1,1920.25,10833,N/A,N/A,0.12
FLRP11,Shoppings,20.39,12628.9,0.96,0.15,0.73,2.16,4.32,8.78,0.72,0.72,0.73,5.04,-0.1,0.63,11.06,"161.831.456,47",21.02,0.97,0.71,-98.85,-98.84,-98.71,1,1917.62,1893,N/A,N/A,0.6
FMOF11,Lajes Corporativas,35.99,800.7,0.74,0.1,0.27,0.27,8.34,119.7,0.27,1.39,9.98,8.34,2.68,2.96,4.68,"24.126.952,25",46.35,0.78,3.02,-60.92,-59.74,-60.99,1,19507.38,391,N/A,N/A,N/A
FPAB11,Lajes Corporativas,198.03,21575.74,0.55,1.8,0.82,3.68,4.33,7.86,1.23,0.72,0.66,2.91,3.53,4.38,8.54,"268.415.948,26",358.33,0.55,0.5,-4.45,-3.97,-7.88,2,6051.19,653,N/A,N/A,N/A
FPOR11,FIP-IE,24.0,1973.14,N/A,0.03,0.0,0.0,0.0,0.0,0.0,0.0,0.0,0.0,0.0,0.0,N/A,N/A,N/A,N/A,N/A,N/A,N/A,N/A,0,38750.24,0,N/A,N/A,N/A
FRHY11,Indefinido,N/A,N/A,N/A,1.03,0.0,0.0,0.0,0.0,0.0,0.0,0.0,0.0,0.0,0.0,N/A,"1.469.106,01",N/A,N/A,N/A,N/A,N/A,N/A,14,N/A,6,N/A,N/A,N/A
FTCA11,Indefinido,8.57,37244.62,0.81,0.11,0.0,0.0,0.0,0.0,0.0,0.0,0.0,0.0,0.0,0.0,N/A,"46.969.105,98",10.53,0.81,1.04,0.0,0.0,0.0,0,1619.0,7672,1.1,N/A,N/A
FVPQ11,Shoppings,57.27,38429.29,0.61,0.4,0.56,1.48,2.78,9.87,0.49,0.46,0.82,0.56,-9.62,-9.12,-9.12,"258.455.348,57",92.26,0.62,0.43,-52.02,-51.81,-51.01,1,2866.46,3416,N/A,N/A,0.12
FYTO11,Papéis,8.17,120188.33,0.83,0.1,1.23,3.56,6.99,15.33,1.19,1.17,1.28,8.32,-3.38,-2.19,19.27,"152.456.236,71",N/A,N/A,N/A,N/A,N/A,N/A,0,995.84,10301,N/A,N/A,1.1
FZDA11,Indefinido,122.7,294.44,0.7,4.32,3.55,3.55,3.55,3.55,1.18,0.89,0.89,3.55,0.59,4.16,4.16,"284.989.216,08",183.86,0.67,2.35,0.0,0.0,0.0,0,6716.03,280,0.7,15.0,0.12
FZDB11,Indefinido,154.46,1666685.67,0.86,3.94,3.39,3.39,3.39,3.39,1.7,1.7,1.7,3.39,-8.53,-5.43,-5.43,"642.871.106,93",178.58,0.86,2.21,0.0,0.0,0.0,0,20425.0,120,0.7,15.0,0.12
GAME11,Indefinido,8.49,284988.33,0.89,0.1,1.09,3.2,6.62,13.82,1.07,1.1,1.15,2.12,-1.19,-0.11,5.95,"272.386.907,66",9.64,0.88,1.04,-2.03,-1.02,-98.84,14,1275.82,20760,N/A,20.0,1.1
GARE11,Imóveis Industriais e Logísticos,8.13,10219582.86,0.88,0.08,1.02,3.0,5.97,11.85,1.0,1.0,0.99,6.93,-2.16,-1.16,-0.08,"2.680.905.837,98",N/A,N/A,N/A,N/A,N/A,N/A,3,662.81,522157,N/A,20.0,1.0
GCOI11,Indefinido,70.82,291.38,0.94,3.01,0.0,0.0,0.0,0.0,0.0,0.0,0.0,0.0,0.0,0.0,N/A,"8.473.573,49",N/A,N/A,N/A,N/A,N/A,N/A,2,27446.08,384,N/A,N/A,N/A
GCRA11,Indefinido,51.15,182117.0,0.59,0.68,1.32,3.89,7.68,16.22,1.3,1.28,1.35,8.99,-2.28,-0.99,18.6,"152.804.038,05",N/A,N/A,0.0,-100.0,-100.0,-100.0,0,1446.66,6624,N/A,20.0,1.15
GCRI11,Papéis,66.39,156854.67,0.72,0.8,1.21,3.74,7.75,16.87,1.25,1.29,1.41,1.21,5.06,6.34,6.34,"135.757.181,26",90.62,0.73,0.88,-3.97,-3.13,-1.06,14,1541.75,4048,N/A,20.0,1.0
GESE11B,Educacional,1520.0,N/A,1.36,1112.72,0.0,0.0,0.0,0.0,0.0,0.0,0.0,0.0,0.0,0.0,N/A,"58.192.036,94",1119.08,1.36,104.32,-36.85,29.02,33.17,1,N/A,56,N/A,N/A,0.18
GFDL11,Logística,118.08,11773.53,1.25,0.16,0.15,0.0,0.0,0.15,0.0,0.0,0.15,0.15,0.0,0.0,N/A,"24.160.022,64",N/A,N/A,N/A,N/A,N/A,N/A,0,147.15,2052,N/A,N/A,N/A
GGRC11,Imóveis Industriais e Logísticos,9.69,13744278.62,0.88,0.1,1.0,3.01,6.08,12.6,1.0,1.01,1.05,2.01,1.21,2.22,2.84,"2.363.600.563,21",11.25,0.86,0.89,-90.95,-90.87,-90.63,42,728.75,356495,1.1,N/A,N/A
GLCR11,Papéis,99.16,4037.94,1.0,0.9,0.9,2.72,3.65,6.08,0.91,0.61,0.51,3.65,0.0,0.9,1.81,"49.598.220,68",N/A,N/A,N/A,N/A,N/A,N/A,0,13768.55,887,N/A,N/A,N/A
GLOG11,Imóveis Industriais e Logísticos,75.0,4966.27,0.69,0.6,0.82,1.64,3.87,7.8,0.55,0.65,0.65,4.52,0.25,1.07,22.7,"81.722.702,68",N/A,N/A,N/A,N/A,N/A,N/A,1,1964.4,1466,N/A,N/A,0.7
GLPF11,Logística,109.16,23092.85,1.05,0.68,0.62,1.87,3.37,6.81,0.62,0.56,0.57,4.26,1.72,2.35,10.62,"155.966.699,11",N/A,N/A,N/A,N/A,N/A,N/A,0,1701.82,2448,N/A,N/A,N/A
GRUL11,Logística,8.18,236183.14,0.85,0.08,0.97,2.83,5.62,12.23,0.94,0.94,1.02,6.54,-4.17,-3.24,13.45,"239.163.458,88",N/A,N/A,N/A,N/A,N/A,N/A,1,2370.22,5220,1.0,N/A,0.15
GRWA11,Indefinido,7.47,19111.43,0.73,0.1,1.34,3.95,7.85,14.53,1.32,1.31,1.21,9.14,-4.49,-3.21,17.38,"28.278.548,57",10.25,0.73,0.98,0.0,0.0,0.0,0,2904.59,2099,N/A,10.0,1.15
GSFI11,Shoppings,11.14,17435240.86,0.88,0.0,0.03,0.03,0.03,0.03,0.01,0.0,0.0,0.03,0.0,0.03,0.03,"1.223.710.564,51",11.9,0.94,0.01,0.01,0.02,0.02,9,961.21,6708,N/A,N/A,1.0
GTLG11,Imóveis Industriais e Logísticos,63.99,22885.25,1.06,60.62,0.0,0.0,0.0,0.0,0.0,0.0,0.0,37.59,0.0,0.0,N/A,"434.811.690,70",60.62,1.06,100.0,-35.83,28.33,35.22,5,34.61,341,N/A,N/A,N/A
GTWR11,Lajes Corporativas,80.28,727618.71,0.79,0.9,1.11,3.24,6.51,14.02,1.08,1.09,1.17,7.65,-2.27,-1.19,19.5,"1.216.667.356,04",101.39,0.79,0.89,7.06,8.01,13.71,3,986.38,33431,N/A,N/A,0.25
GURB11,Indefinido,108.0,5000076.0,0.84,0.7,0.65,0.0,0.0,0.0,0.0,0.0,0.0,0.65,0.0,0.0,N/A,"145.476.950,69",N/A,N/A,N/A,N/A,N/A,N/A,2,1.17,1,N/A,N/A,N/A
GZIT11,Indefinido,42.61,474286.48,0.5,0.78,1.61,5.0,10.46,21.76,1.67,1.74,1.81,1.61,3.89,5.56,5.56,"2.028.146.076,20",N/A,N/A,N/A,N/A,N/A,N/A,6,1698.92,8032,N/A,20.0,0.96
HABT11,Papéis,71.57,978817.19,0.75,0.95,1.2,3.78,7.73,16.46,1.26,1.29,1.37,2.44,3.68,4.92,14.19,"772.911.596,36",95.39,0.75,1.0,-4.4,-3.45,13.04,14,1208.56,57158,1.26,20.0,N/A
HBCR11,Indefinido,146.0,49.94,1.25,0.55,0.38,0.76,0.88,7.76,0.76,0.88,0.65,0.88,5.15,5.55,5.55,"186.801.196,94",N/A,N/A,N/A,N/A,N/A,N/A,3,2850.82,73,N/A,20.0,0.18
HBRH11,Lajes Corporativas,90.8,14627.0,0.8,0.5,0.55,1.65,6.85,9.22,0.55,1.14,0.77,9.22,1.0,1.56,2.46,"316.852.348,31",112.23,0.81,0.45,-0.86,-0.42,7.6,5,13.98,720,N/A,N/A,0.86
HCHG11,Papéis,64.05,12367.37,0.9,0.71,0.89,2.82,4.49,10.76,0.94,0.75,0.9,4.49,-0.01,0.88,11.2,"99.549.645,67",82.96,0.77,0.92,-17.96,-17.21,-4.39,14,4201.25,513,0.7,N/A,0.2
HCRA11,Indefinido,10.22,0.83,0.22,14.85,145.3,0.0,0.0,0.0,0.0,0.0,0.0,233.94,2.2,150.7,11.17,"19.407.697,42",N/A,N/A,0.0,0.0,0.0,0.0,0,1797.9,108,N/A,N/A,1.2
HCRI11,Hospitalar,265.81,45251.29,0.92,3.32,1.06,10.43,13.74,21.29,3.48,2.29,1.77,1.06,9.53,10.69,10.69,"57.356.168,83",276.21,0.96,1.2,-10.31,-9.23,-2.86,1,2904.83,3009,N/A,N/A,2.0
HCTR11,Papéis,16.44,634139.67,0.16,0.3,1.72,4.86,8.61,17.93,1.62,1.44,1.49,10.58,7.39,9.24,0.73,"2.216.689.880,53",100.37,0.16,0.26,-17.31,-17.1,-2.25,14,2133.58,123678,0.99,10.0,0.21
HDEL11,Imóveis Industriais e Logísticos,3.45,166.18,0.78,15.3,0.0,0.0,0.0,0.0,0.0,0.0,0.0,0.0,0.0,0.0,N/A,"3.697.614,77",N/A,N/A,N/A,N/A,N/A,N/A,1,220384.25,144,N/A,20.0,1.5
HFOF11,Fundo de Fundos,6.22,2188387.57,0.8,0.06,0.86,2.58,5.4,11.59,0.86,0.9,0.97,1.7,5.58,6.49,12.12,"1.707.518.504,88",8.02,0.78,0.75,-90.08,-90.01,-89.6,14,1321.92,94205,N/A,20.0,0.6
HGAG11,Indefinido,13.5,538.44,0.55,0.14,0.0,1.89,4.94,8.69,0.63,0.82,0.72,5.78,0.0,0.0,N/A,"5.828.419,86",23.48,0.57,0.6,0.0,0.0,0.0,0,13270.89,973,1.0,20.0,N/A
HGBL11,Misto,8.78,76449.14,0.9,0.07,0.8,2.35,4.74,10.01,0.78,0.79,0.83,5.67,-3.23,-2.45,7.97,"257.621.581,89",N/A,N/A,N/A,N/A,N/A,N/A,1,1355.91,4832,0.5,N/A,0.1
HGBS11,Shoppings,19.38,4121961.38,0.95,0.17,0.87,2.54,5.07,9.93,0.85,0.85,0.83,5.85,-2.74,-1.9,8.45,"2.942.000.393,20",20.38,0.95,0.83,-90.82,-90.74,-89.75,16,983.12,194805,N/A,N/A,0.6
HGCR11,Papéis,91.95,3673203.29,0.94,0.95,0.96,3.05,6.41,13.46,1.02,1.07,1.12,1.98,0.87,1.84,8.02,"1.518.188.028,49",99.58,0.92,0.95,-1.37,-0.43,13.23,14,1038.79,103812,N/A,20.0,0.8
HGIC11,Papéis,53.95,2419.38,0.49,0.67,1.24,3.3,6.49,14.28,1.1,1.08,1.19,7.77,-6.55,-5.39,-5.43,"51.204.172,04",110.75,0.49,0.54,-3.46,-2.94,15.4,2,4320.17,727,1.0,20.0,0.25
HGLG11,Imóveis Industriais e Logísticos,148.5,14427058.43,0.89,1.1,0.73,2.15,4.29,8.69,0.72,0.72,0.72,5.01,-3.02,-2.32,2.81,"7.570.056.166,40",166.0,0.89,0.66,7.77,8.49,25.77,37,748.55,573386,N/A,N/A,0.6
HGRE11,Lajes Corporativas,122.18,1952701.71,0.82,0.85,0.69,2.61,4.81,11.1,0.87,0.8,0.93,1.9,0.02,0.71,5.56,"1.741.832.777,19",147.73,0.83,0.58,-5.84,-5.3,-5.0,12,1520.24,144569,N/A,N/A,1.0
HGRU11,Misto,127.15,5431962.1,1.0,0.95,0.74,2.64,4.94,10.21,0.88,0.82,0.85,1.89,2.33,3.09,3.56,"2.995.424.135,35",129.14,0.98,0.74,5.09,5.86,20.34,100,970.5,232223,N/A,20.0,0.7
HILG11,Indefinido,184.96,186.67,0.75,0.98,0.0,0.0,0.0,0.0,0.0,0.0,0.0,0.0,0.0,0.0,N/A,"128.961.347,44",N/A,N/A,N/A,N/A,N/A,N/A,1,786.03,107,N/A,N/A,N/A
HIRE11,Imóveis Industriais e Logísticos,100.36,2367716.65,1.0,0.87,0.87,0.87,0.87,0.87,0.87,0.87,0.87,0.87,0.0,0.0,N/A,"274.535.713,93",N/A,N/A,N/A,N/A,N/A,N/A,4,259.89,110,N/A,N/A,N/A
HLMB11,Misto,N/A,N/A,N/A,49.6,0.0,0.0,0.0,0.0,0.0,0.0,0.0,0.0,0.0,0.0,N/A,"49.750.189,06",N/A,N/A,N/A,N/A,N/A,N/A,24,N/A,49,N/A,N/A,N/A
HLOG11,Imóveis Industriais e Logísticos,8.78,63288.0,0.74,0.07,0.75,2.98,5.4,10.55,0.99,0.9,0.88,2.21,0.76,1.51,5.27,"507.210.129,52",12.01,0.73,0.58,-89.69,-89.63,-88.5,2,1222.8,4071,N/A,N/A,0.8
HOFC11,Lajes Corporativas,34.0,273510.38,0.6,0.21,0.65,0.0,0.0,0.0,0.0,0.0,0.0,2.01,75.72,76.86,67.59,"214.282.245,00",N/A,N/A,N/A,N/A,N/A,N/A,2,3748.44,4126,N/A,N/A,0.83
HOSI11,Imóveis Residenciais,77.55,2180.79,0.64,0.25,0.3,0.3,2.6,7.1,0.3,0.43,0.59,0.3,0.0,0.0,N/A,"69.477.364,30",121.16,0.64,0.21,31.61,31.89,39.52,14,2137.03,1085,N/A,20.0,0.35
HPDP11,Shoppings,91.17,2846.85,0.94,0.61,0.7,2.05,4.82,8.12,0.68,0.8,0.68,6.1,-0.32,0.38,13.54,"673.427.789,71",95.51,0.95,0.64,7.0,7.69,7.44,1,3060.0,610,N/A,N/A,0.5
HRDF11,Fundo de Desenvolvimento,4.45,34.4,0.51,6.8,0.0,0.0,0.0,0.0,0.0,0.0,0.0,0.0,0.0,0.0,N/A,"13.195.695,60",N/A,N/A,N/A,N/A,N/A,N/A,14,22799.91,839,N/A,N/A,0.75
HREC11,Papéis,8.17,156064.33,0.92,0.1,1.09,3.31,6.23,12.6,1.1,1.04,1.05,7.25,2.35,3.47,18.06,"460.267.229,38",8.91,0.92,1.07,-89.98,-89.87,-88.85,14,1666.67,2417,N/A,20.0,0.8
HRES11,Imóveis Residenciais,141.53,2140733.0,1.26,19.43,0.0,0.0,0.0,0.0,0.0,0.0,0.0,0.0,0.0,0.0,N/A,"52.564.815,88",N/A,N/A,N/A,N/A,N/A,N/A,14,3284.79,135,N/A,N/A,N/A
HSAF11,Papéis,77.59,491455.71,0.87,0.95,1.19,3.59,7.3,15.02,1.2,1.22,1.25,2.37,-1.12,0.06,4.42,"225.481.752,46",89.41,0.87,1.06,-2.11,-1.07,7.92,14,1292.05,8802,N/A,20.0,1.0
HSLG11,Imóveis Industriais e Logísticos,91.06,1392169.19,0.84,0.72,0.79,2.36,4.82,9.9,0.79,0.8,0.83,1.57,-0.63,0.16,1.83,"1.386.117.337,47",109.86,0.83,0.66,4.69,5.37,6.84,6,1572.77,40116,N/A,20.0,0.85
HSML11,Shoppings,86.36,4160376.62,0.83,0.75,0.88,2.44,4.73,9.82,0.81,0.79,0.82,5.52,-7.57,-6.76,7.33,"2.222.527.268,64",104.2,0.83,0.68,6.78,7.51,13.14,10,1443.87,191016,1.05,20.0,N/A
HSRE11,Misto,87.73,1101292.9,1.01,0.85,0.79,2.61,5.39,10.83,0.87,0.9,0.9,1.68,1.41,2.21,7.67,"769.710.080,04",87.39,1.0,0.97,-9.01,-8.12,-2.28,22,2431.86,792,N/A,20.0,0.85
HTMX11,Hotéis,138.78,534070.52,0.93,2.95,2.11,3.89,6.38,12.7,1.3,1.06,1.06,7.25,4.48,6.68,10.61,"430.803.119,92",149.17,0.93,0.8,6.28,7.14,23.98,20,1034.65,33089,N/A,20.0,0.5
HUCG11,Hospitalar,88.22,1331.6,0.69,0.79,0.83,2.47,3.29,3.29,0.82,0.55,0.27,1.67,7.97,8.86,9.76,"143.721.044,07",N/A,N/A,N/A,N/A,N/A,N/A,2,6930.59,241,0.1,N/A,0.6
HUSC11,Hospitalar,96.01,2417.0,0.64,1.05,1.07,2.14,5.45,10.29,0.71,0.91,0.86,1.07,-1.92,-0.87,-0.87,"127.709.454,20",150.93,0.64,0.7,2.85,3.56,12.04,1,3785.69,763,N/A,N/A,0.35
HUSI11,Hospitalar,1010.0,10013.94,0.83,9.34,0.78,1.53,2.3,2.3,0.51,0.38,0.19,2.3,-0.74,0.03,0.03,"153.130.257,95",1315.98,0.77,0.7,32.51,33.43,40.35,14,34190.72,106,N/A,N/A,N/A
HYPI11,Outros,180.54,363.0,93.54,0.69,0.0,0.0,0.0,0.0,0.0,0.0,0.0,0.0,0.0,0.0,N/A,"2.525.439,51",N/A,N/A,N/A,N/A,N/A,N/A,1,2500.79,109,N/A,N/A,N/A
IAAG11,Indefinido,8.25,145872.0,0.85,0.11,1.29,4.09,8.5,18.6,1.36,1.42,1.55,10.07,1.67,2.98,30.44,"100.620.221,64",9.69,0.85,1.24,0.0,0.0,0.0,0,1731.53,16132,N/A,20.0,1.15
IAGR11,Indefinido,4.31,17981.9,0.63,0.01,0.15,0.0,0.0,0.0,0.0,0.0,0.0,1.03,-3.18,-3.03,45.49,"18.892.398,72",6.26,0.69,0.1,0.0,0.0,0.0,0,2137.21,3318,0.8,20.0,0.2
IBBP11,Imóveis Industriais e Logísticos,7.92,115720.67,0.85,0.08,1.02,2.87,5.61,11.41,0.96,0.94,0.95,5.61,0.62,1.65,1.35,"696.681.175,82",N/A,N/A,N/A,N/A,N/A,N/A,25,10594.47,1521,N/A,N/A,N/A
IBCR11,Papéis,44.85,61101.52,0.5,0.6,1.2,4.04,8.31,18.01,1.35,1.39,1.5,2.63,2.11,3.33,3.12,"85.371.234,57",90.14,0.5,0.67,-4.02,-3.39,4.78,14,2076.37,3794,0.8,20.0,0.2
ICNE11,Imóveis Residenciais,700.0,314.16,1.14,13.54,2.08,2.08,5.37,5.37,0.69,0.9,0.45,5.37,0.0,0.0,N/A,"73.722.465,55",N/A,N/A,N/A,N/A,N/A,N/A,14,26857.4,10,N/A,N/A,N/A
ICRI11,Misto,92.95,716097.52,0.92,1.1,1.15,3.41,6.56,13.34,1.14,1.09,1.11,7.66,-0.53,0.61,24.76,"393.021.351,52",N/A,N/A,N/A,N/A,N/A,N/A,14,1277.8,11954,N/A,N/A,1.0
IDFI11,Indefinido,2.0,2592.8,1.25,1.56,78.04,0.0,0.0,0.0,0.0,0.0,0.0,1043.04,-54.34,-18.7,44259.43,"3.283.391,87",1.6,1.25,269.79,-97.14,-89.43,-91.38,5,6.01,617,N/A,N/A,N/A
IDGR11,Misto,1.5,332.83,16.67,0.09,5.99,0.0,0.0,0.0,0.0,0.0,0.0,5.99,-50.98,-48.04,-48.04,"79.368,95",N/A,N/A,N/A,N/A,N/A,N/A,1,49.5,171,N/A,N/A,N/A
IDUA11,Imóveis Comerciais - Outros,64.42,N/A,8.18,0.14,0.0,0.0,0.0,0.0,0.0,0.0,0.0,0.0,0.0,0.0,N/A,"3.169.700,86",N/A,N/A,N/A,N/A,N/A,N/A,14,2.03,1,N/A,N/A,N/A
IFRA11,Indefinido,92.78,2475429.05,N/A,0.95,1.03,3.15,5.95,11.82,1.05,0.99,0.99,6.84,-5.86,-4.89,12.04,N/A,N/A,N/A,N/A,N/A,N/A,N/A,0,1516.9,0,N/A,N/A,0.85
IFRI11,Misto,102.49,2190665.33,N/A,1.2,1.18,1.18,4.78,14.07,0.39,0.8,1.17,6.21,-0.77,0.4,14.6,N/A,N/A,N/A,N/A,N/A,N/A,N/A,0,1218.59,0,N/A,N/A,0.85
IMOV11,Indefinido,N/A,N/A,N/A,0.1,0.0,0.0,0.0,0.0,0.0,0.0,0.0,0.0,0.0,0.0,N/A,"496.430.254,84",N/A,N/A,N/A,N/A,N/A,N/A,14,N/A,13027,N/A,20.0,1.5
INFA11,Outros,9.82,N/A,N/A,0.09,0.0,0.0,0.0,0.0,0.0,0.0,0.0,14.56,0.0,0.0,N/A,N/A,N/A,N/A,N/A,N/A,N/A,N/A,0,2.72,0,N/A,N/A,N/A
INFB11,Indefinido,76.0,44411.6,N/A,1.0,0.99,0.0,0.0,0.0,0.0,0.0,0.0,2.23,26.33,27.58,23.05,N/A,N/A,N/A,N/A,N/A,N/A,N/A,0,10237.02,0,N/A,N/A,N/A
INLG11,Imóveis Industriais e Logísticos,67.0,219816.71,0.63,0.6,0.83,2.57,4.97,11.44,0.86,0.83,0.95,5.98,6.65,7.54,8.5,"480.086.510,35",N/A,N/A,N/A,N/A,N/A,N/A,4,1273.72,14847,N/A,N/A,0.46
INRD11,Fundo de Desenvolvimento,75.0,96068.9,0.63,0.72,0.92,2.77,5.44,11.1,0.92,0.91,0.93,6.36,2.14,3.08,17.07,"133.794.671,29",N/A,N/A,N/A,N/A,N/A,N/A,5,1948.31,5856,N/A,N/A,1.0
IRIF11,Papéis,8.83,50920.1,N/A,0.12,1.34,0.0,2.7,11.32,0.0,0.45,0.94,2.7,1.36,2.72,14.09,N/A,N/A,N/A,N/A,N/A,N/A,N/A,0,2253.11,0,0.8,15.0,N/A
IRIM11,Indefinido,65.71,2604691.52,0.78,0.69,1.02,3.43,6.8,14.64,1.14,1.13,1.22,2.31,-1.62,-0.62,-7.14,"2.953.072.420,00",84.13,0.78,0.82,-13.55,-12.84,-9.53,14,1736.81,205624,0.83,N/A,0.15
ISCJ11,Papéis,50.71,10174.0,0.3,1.6,3.56,0.0,0.0,387.54,0.0,0.0,32.3,401.19,21.77,26.1,594.83,"32.247.797,88",N/A,N/A,N/A,N/A,N/A,N/A,14,65721.71,69,N/A,N/A,N/A
ITIP11,Papéis,57.79,431261.9,0.85,0.69,1.04,3.16,6.72,14.24,1.05,1.12,1.19,2.06,0.71,1.76,4.9,"51.249.599,16",69.68,0.83,0.99,-13.0,-12.14,-10.04,14,1480.48,7316,0.3,N/A,N/A
ITIT11,Fundo de Fundos,58.44,318242.38,0.75,0.61,0.84,2.59,5.37,11.14,0.86,0.9,0.93,1.71,4.06,4.94,8.35,"70.648.021,19",82.1,0.71,0.74,3.98,4.75,11.78,14,1530.45,8998,N/A,N/A,0.3
ITRI11,Shoppings,79.29,989338.38,0.84,0.85,1.04,3.02,6.03,13.39,1.01,1.01,1.12,7.7,-3.45,-2.45,19.49,"585.701.060,04",N/A,N/A,N/A,N/A,N/A,N/A,14,1460.88,18032,N/A,-1.0,1.2
IVCI11,Papéis,96.86,N/A,0.97,2.23,0.0,0.0,0.0,0.0,0.0,0.0,0.0,0.0,0.0,0.0,N/A,"49.944.439,00",N/A,N/A,N/A,N/A,N/A,N/A,0,1.15,16,N/A,N/A,N/A
JASC11,Imóveis Comerciais - Outros,100.0,14705.88,0.87,0.7,0.7,1.37,2.06,4.6,0.46,0.34,0.38,0.7,-2.89,-2.21,-2.21,"441.099.359,45",N/A,N/A,N/A,N/A,N/A,N/A,17,23977.63,161,N/A,N/A,0.99
JBFO11,Papéis,15.03,82.0,1.94,7.77,0.0,0.0,0.0,0.0,0.0,0.0,0.0,0.77,0.0,0.0,N/A,"9.919.792,95",N/A,N/A,N/A,N/A,N/A,N/A,14,68.9,369,N/A,N/A,N/A
JCCJ11,Papéis,139.69,316267.14,0.7,1.77,1.12,3.43,7.04,7.77,1.14,1.17,0.65,7.04,3.13,4.28,21.06,"1.046.775.192,71",N/A,N/A,N/A,N/A,N/A,N/A,1,5822.02,337,1.0,N/A,0.12
JCIN11,Fundo de Fundos,148.9,9973769.0,0.83,7082.94,0.0,0.0,0.0,0.0,0.0,0.0,0.0,0.0,0.0,0.0,N/A,"237.606.319,89",N/A,N/A,N/A,N/A,N/A,N/A,14,1357.06,6,N/A,N/A,N/A
JFLL11,Imóveis Residenciais,55.58,55828.95,0.54,0.2,0.36,1.02,1.98,24.72,0.34,0.33,2.06,3.65,-3.9,-3.55,-1.16,"156.191.025,81",104.09,0.53,0.19,3.08,3.28,12.23,1,1877.45,2068,N/A,N/A,1.15
JGPX11,Indefinido,62.53,417954.48,0.66,0.9,1.45,3.74,8.54,19.12,1.25,1.42,1.59,8.54,-5.49,-4.12,5.73,"203.790.923,20",94.57,0.66,1.11,-1.46,-0.36,10.48,0,2326.31,5902,1.0,20.0,0.18
JMBI11,Outros,85.54,1034985.38,N/A,1.08,1.23,2.57,6.73,16.39,0.86,1.12,1.37,8.38,-2.07,-0.87,25.7,N/A,N/A,N/A,N/A,N/A,N/A,N/A,0,1580.06,0,N/A,20.0,1.25
JPPA11,Papéis,81.99,122356.81,0.81,1.06,1.22,4.05,8.16,16.93,1.35,1.36,1.41,2.69,5.47,6.76,14.56,"90.636.492,03",100.57,0.82,1.05,2.29,3.37,16.33,14,1328.24,6017,N/A,20.0,1.05
JSAF11,Fundo de Fundos,7.28,1487605.71,0.79,0.08,0.99,3.11,6.6,14.26,1.04,1.1,1.19,2.02,3.99,5.02,11.86,"719.646.064,11",9.46,0.77,0.85,-89.93,-89.84,-89.04,14,1292.83,26400,1.0,20.0,N/A
JSCR11,Papéis,7.93,261534.76,0.84,0.1,1.23,3.8,7.26,14.88,1.27,1.21,1.24,8.47,-1.77,-0.56,20.84,"209.607.782,10",N/A,N/A,N/A,N/A,N/A,N/A,14,1693.16,3544,N/A,10.0,1.0
JSRE11,Misto,58.59,3576118.57,0.57,0.48,0.69,2.13,4.47,9.31,0.71,0.75,0.78,1.41,4.89,5.61,6.63,"2.141.161.745,88",103.7,0.56,0.46,-8.21,-7.78,-3.74,6,1311.5,88932,N/A,20.0,1.0
JURO11,Indefinido,97.4,6137827.19,N/A,0.5,0.51,1.23,4.19,10.64,0.41,0.7,0.89,5.2,-5.84,-5.36,10.54,N/A,N/A,N/A,N/A,N/A,N/A,N/A,0,1009.05,0,N/A,N/A,1.0
KCRE11,Indefinido,8.97,351547.86,0.95,0.08,0.89,2.85,5.94,14.08,0.95,0.99,1.17,1.91,2.39,3.3,7.91,"339.202.016,85",9.59,0.94,0.83,-90.21,-90.12,-90.01,14,889.95,16050,N/A,N/A,1.2
KDIF11,Indefinido,120.57,3145539.9,N/A,1.45,1.19,3.49,6.93,13.41,1.16,1.16,1.12,8.09,-2.4,-1.24,13.95,N/A,N/A,N/A,N/A,N/A,N/A,N/A,0,1388.35,0,N/A,N/A,1.11
KDOL11,Misto,87.0,58250.1,0.93,0.39,0.45,1.4,2.84,5.94,0.47,0.47,0.5,3.27,2.38,2.84,-2.35,"62.560.171,03",93.24,0.93,0.45,0.0,0.0,0.0,0,1649.74,1578,N/A,N/A,1.0
KEVE11,Fundo de Desenvolvimento,446.2,307.18,1.2,10.83,2.37,8.78,15.52,43.65,2.93,2.59,3.64,15.52,0.0,0.0,N/A,"54.697.687,97",370.33,1.2,3.29,-60.27,-58.97,-60.55,14,25536.09,429,N/A,20.0,1.45
KFEN11,Indefinido,1100.0,1571.43,1.17,12.5,0.0,0.0,0.0,0.0,0.0,0.0,0.0,0.0,0.0,0.0,N/A,"167.436.354,12",N/A,N/A,N/A,N/A,N/A,N/A,14,632.17,129,N/A,15.0,0.75
KFOF11,Fundo de Fundos,78.14,1196848.9,0.85,0.8,0.92,2.79,5.85,11.96,0.93,0.98,1.0,1.84,-0.11,0.8,5.49,"643.796.104,69",94.18,0.83,0.85,3.64,4.52,10.35,14,1337.93,27026,N/A,20.0,0.92
KINP11,Fundo de Desenvolvimento,10.0,38394.2,0.16,2.9,0.0,0.0,0.0,0.0,0.0,0.0,0.0,19.95,0.0,0.0,N/A,"118.155.565,38",N/A,N/A,0.0,-100.0,0.0,0.0,14,12.74,8102,N/A,N/A,N/A
KISU11,Fundo de Fundos,6.6,432628.57,0.82,0.07,0.99,3.02,6.18,12.55,1.01,1.03,1.05,1.99,1.87,2.87,6.19,"356.882.460,97",8.46,0.78,0.83,-2.98,-2.18,0.08,14,1335.6,103453,N/A,N/A,0.6
KIVO11,Papéis,58.73,432148.29,0.7,1.14,1.64,4.36,8.67,18.4,1.45,1.45,1.53,2.98,7.01,8.76,15.91,"187.570.261,88",N/A,N/A,N/A,N/A,N/A,N/A,14,1468.8,7247,N/A,10.0,1.15
KNCA11,Indefinido,90.2,4109718.86,0.89,1.13,1.25,3.57,6.77,14.48,1.19,1.13,1.21,8.07,-4.14,-2.94,10.45,"2.176.651.191,41",100.77,0.9,1.09,-1.39,-0.31,10.93,0,892.09,91213,1.2,N/A,N/A
KNCR11,Papéis,108.14,20357415.95,1.06,1.2,1.12,3.37,7.29,14.61,1.12,1.22,1.22,2.33,-0.52,0.59,2.88,"10.963.961.899,61",102.29,1.06,1.17,1.53,2.72,16.27,14,713.46,558989,1.0,N/A,N/A
KNHF11,Indefinido,95.01,3310638.0,0.94,1.0,1.05,3.06,6.18,13.12,1.02,1.03,1.09,7.27,-4.11,-3.1,17.62,"1.981.719.472,60",N/A,N/A,N/A,N/A,N/A,N/A,6,920.31,69413,N/A,N/A,1.2
KNHY11,Papéis,100.45,3723546.24,1.02,1.2,1.2,3.64,6.69,13.74,1.21,1.12,1.15,7.74,-0.38,0.82,15.31,"3.078.815.446,57",98.77,1.02,1.16,1.04,2.22,15.47,14,679.9,27847,N/A,N/A,1.6
KNIP11,Papéis,92.79,13052645.9,0.98,0.7,0.76,2.34,4.56,11.5,0.78,0.76,0.96,1.53,1.4,2.17,4.71,"7.481.169.020,60",94.24,0.98,0.74,0.4,1.15,10.42,14,1194.33,72653,N/A,N/A,1.0
KNOX11,FIP-IE,98.61,622069.16,N/A,4.13,4.23,4.23,4.23,10.53,1.41,0.71,0.88,4.23,8.48,13.07,13.07,N/A,N/A,N/A,N/A,N/A,N/A,N/A,0,2270.0,0,N/A,N/A,N/A
KNPR11,Indefinido,65.28,38674.11,0.77,2.81,0.0,0.0,0.0,0.0,0.0,0.0,0.0,0.0,0.0,0.0,N/A,"54.443.302,45",N/A,N/A,N/A,N/A,N/A,N/A,14,11896.22,594,N/A,N/A,N/A
KNRE11,Fundo de Desenvolvimento,0.34,352.57,0.53,0.0,0.39,0.39,0.39,339.05,0.39,0.39,28.25,0.39,18.52,18.98,18.98,"11.910.967,91",0.76,0.45,9.22,0.0,9.22,0.46,14,6172.07,5382,N/A,20.0,0.04
KNRI11,Misto,155.1,8287895.86,0.96,0.88,0.53,2.0,4.09,8.53,0.67,0.68,0.71,1.34,7.67,8.24,11.31,"4.601.415.318,82",164.0,0.95,0.54,2.6,3.15,11.76,18,1445.06,313130,1.11,N/A,N/A
KNSC11,Papéis,9.22,4123383.71,1.05,0.09,0.98,3.04,6.29,13.5,1.01,1.05,1.13,2.0,4.09,5.11,8.14,"1.771.689.563,66",8.83,1.04,1.02,-89.98,-89.88,-88.81,14,879.92,265223,1.2,N/A,N/A
KNUQ11,Indefinido,104.73,4330373.57,1.03,1.15,1.09,3.3,6.82,15.06,1.1,1.14,1.26,8.18,0.52,1.62,18.5,"2.178.113.477,92",N/A,N/A,N/A,N/A,N/A,N/A,14,573.42,54995,N/A,N/A,1.4
KOPA11,Indefinido,343.0,159911.48,0.87,47.5,11.94,45.89,71.3,126.75,15.3,11.88,10.56,80.4,3.9,16.31,168.14,"140.155.422,69",395.16,0.87,30.87,0.0,0.0,0.0,0,2007.65,3498,N/A,20.0,2.0
KORE11,Lajes Corporativas,65.46,2550219.95,0.61,0.6,0.94,2.66,5.1,16.57,0.89,0.85,1.38,6.86,-5.63,-4.75,4.24,"1.021.842.134,43",N/A,N/A,N/A,N/A,N/A,N/A,4,1913.23,30828,N/A,N/A,1.06
KRES11,Misto,N/A,N/A,N/A,0.0,0.0,0.0,0.0,0.0,0.0,0.0,0.0,0.0,0.0,0.0,N/A,"244.171.560,62",N/A,N/A,N/A,N/A,N/A,N/A,1,N/A,131,N/A,20.0,1.25
LAFI11,Misto,120.24,19547.82,0.98,0.76,0.63,5.26,5.26,5.26,1.75,1.05,1.05,5.26,-1.56,-0.94,-0.94,"93.495.669,86",112.63,1.07,3.04,0.0,0.0,0.0,0,15977.3,1278,N/A,N/A,N/A
LASC11,Shoppings,110.79,172617.52,0.85,0.75,0.67,1.78,4.07,18.08,0.59,0.68,1.51,1.14,3.21,3.9,13.5,"387.891.107,96",131.94,0.84,0.57,23.35,24.06,24.59,2,2248.39,641,N/A,20.0,1.07
LAVF11,Indefinido,N/A,N/A,N/A,1.3,0.0,0.0,0.0,0.0,0.0,0.0,0.0,0.0,0.0,0.0,N/A,"118.155.565,38",N/A,N/A,N/A,N/A,N/A,N/A,14,N/A,7,N/A,N/A,N/A
LFTT11,Papéis,2.1,598719.0,0.07,0.21,0.0,0.0,0.0,86.12,0.0,0.0,7.18,187.89,0.0,0.0,N/A,"20.524.042,22",51.02,0.04,0.41,27.42,27.95,-54.91,48,18296.82,8,N/A,N/A,N/A
LIFE11,Imóveis Comerciais - Outros,6.84,915833.81,0.71,0.12,1.34,4.23,8.65,17.55,1.41,1.44,1.46,2.75,4.81,6.21,13.29,"383.768.615,88",N/A,N/A,N/A,N/A,N/A,N/A,14,1554.55,20449,N/A,20.0,1.38
LKDV11,Papéis,1104.12,101354.5,1.0,82.32,0.0,0.0,0.0,0.0,0.0,0.0,0.0,0.0,0.0,0.0,N/A,"73.767.629,67",N/A,N/A,N/A,N/A,N/A,N/A,1,4718.09,101,N/A,N/A,N/A
LLAO11,Misto,57.2,57.0,1.07,7.31,11.32,0.0,0.0,11.32,0.0,0.0,1.62,11.32,-2.11,8.97,8.97,"19.256.284,02",N/A,N/A,N/A,N/A,N/A,N/A,8,9070.45,78,N/A,N/A,N/A
LOFT11B,Fundo de Desenvolvimento,29.9,N/A,1495.0,47.9,0.0,0.0,0.0,0.0,0.0,0.0,0.0,92.37,0.0,0.0,N/A,"1.037,85",N/A,N/A,N/A,N/A,N/A,N/A,2,N/A,8,N/A,N/A,N/A
LPLP11,Indefinido,230.0,416.65,0.73,0.18,0.05,8.31,18.56,18.56,2.77,3.09,1.55,8.31,42.86,42.93,22.87,"251.560.601,61",N/A,N/A,N/A,N/A,N/A,N/A,14,18582.49,38,N/A,N/A,N/A
LRDI11,Indefinido,114.09,53.33,2.42,6.23,0.0,24.62,24.62,38.14,8.21,6.16,9.54,0.0,0.0,0.0,N/A,"17.451.380,86",N/A,N/A,N/A,N/A,N/A,N/A,14,21375.26,139,N/A,N/A,N/A
LSAG11,Indefinido,78.11,58607.24,0.79,1.0,1.26,3.97,7.79,17.49,1.32,1.3,1.46,9.18,4.82,6.14,19.73,"98.794.610,70",97.88,0.8,1.07,0.0,0.0,0.0,0,1744.48,2589,N/A,N/A,1.47
LSOI11,Misto,12.02,1333334.67,0.9,0.1,0.0,0.0,0.0,0.0,0.0,0.0,0.0,0.0,0.0,0.0,N/A,"71.298.448,94",N/A,N/A,N/A,N/A,N/A,N/A,2,1087.42,40,N/A,N/A,N/A
LSPA11,Papéis,24.01,453.61,1.15,20.85,86.84,0.0,0.0,0.0,0.0,0.0,0.0,299.45,0.0,86.84,153.73,"8.473.824,04",N/A,N/A,N/A,N/A,N/A,N/A,14,0.39,727,N/A,N/A,N/A
LTMT11,Imóveis Residenciais,93.78,5574.67,1.0,8.38,8.8,0.0,0.0,0.0,0.0,0.0,0.0,8.8,0.0,0.0,N/A,"14.730.216,79",N/A,N/A,N/A,N/A,N/A,N/A,1,45469.77,115,N/A,N/A,N/A
LUGG11,Imóveis Residenciais,72.82,23956.0,0.55,0.59,0.88,2.59,5.08,9.23,0.86,0.85,0.77,9.23,-3.2,-2.35,-10.08,"132.968.746,75",117.6,0.62,0.51,-7.97,-7.5,-0.34,5,10.07,7962,N/A,N/A,1.0
LVBI11,Imóveis Industriais e Logísticos,102.93,2910696.81,0.86,0.75,0.72,2.1,4.17,8.61,0.7,0.7,0.72,4.86,-3.64,-2.95,3.5,"1.941.627.792,71",120.46,0.85,0.62,4.29,4.94,10.33,13,1185.53,124082,0.8,N/A,N/A
MAGM11,Misto,10.0,4344.1,0.99,0.12,1.2,1.2,2.46,2.46,0.4,0.49,0.49,2.46,4.83,6.09,6.09,"125.405.482,53",N/A,N/A,N/A,N/A,N/A,N/A,0,1612.92,182,N/A,N/A,N/A
MANA11,Indefinido,9.13,1147033.48,0.98,0.11,1.17,3.61,7.43,15.56,1.2,1.24,1.3,2.36,1.84,3.03,9.45,"351.255.788,66",N/A,N/A,N/A,N/A,N/A,N/A,14,762.68,36656,N/A,20.0,1.0
MATV11,Indefinido,86.63,13027.43,0.92,0.6,0.73,0.0,0.0,0.0,0.0,0.0,0.0,3.11,-1.41,-0.69,-1.08,"39.926.993,67",91.09,0.95,0.66,-1.89,-1.24,-0.18,1,0.37,325,N/A,N/A,N/A
MAXR11,Varejo,48.44,32983.0,0.51,0.25,0.45,1.36,3.12,6.46,0.45,0.52,0.54,3.12,-4.66,-4.24,-6.17,"104.873.294,73",93.17,0.52,0.28,-24.3,-24.09,-18.48,7,1891.5,3562,N/A,N/A,0.3
MBRF11,Lajes Corporativas,N/A,N/A,N/A,0.5,0.0,0.0,0.0,0.0,0.0,0.0,0.0,0.0,0.0,0.0,N/A,N/A,1136.01,N/A,0.88,-0.17,0.71,10.03,0,N/A,0,N/A,N/A,N/A
MCCI11,Papéis,93.31,5191357.86,0.99,1.0,1.09,3.38,6.87,13.91,1.13,1.15,1.16,1.09,4.76,5.9,5.9,"1.608.480.585,47",95.67,0.98,1.05,3.43,4.51,9.36,14,1226.53,124940,0.8,20.0,0.2
MCEM11,Shoppings,26.97,8641.17,0.97,0.67,1.18,0.0,3.35,8.58,0.0,0.56,0.78,3.35,-10.15,-9.09,-4.22,"95.182.732,60",N/A,N/A,N/A,N/A,N/A,N/A,14,7125.08,234,N/A,20.0,1.3
MCLO11,Imóveis Industriais e Logísticos,10.43,729082.25,0.72,0.15,1.5,2.92,5.32,9.02,0.97,0.89,0.75,6.31,-0.1,1.4,3.27,"1.723.795.824,67",N/A,N/A,N/A,N/A,N/A,N/A,4,11634.07,247,N/A,N/A,N/A
MCRE11,Papéis,8.98,2247719.67,0.89,0.11,1.21,3.55,7.11,15.42,1.18,1.19,1.29,7.11,-3.18,-2.01,16.38,"1.135.090.129,68",N/A,N/A,N/A,N/A,N/A,N/A,1,1374.6,94007,1.1,20.0,0.2
MFAI11,Fundo de Fundos,69.98,11326.82,0.99,34.18,48.84,0.0,0.0,0.0,0.0,0.0,0.0,56.24,2.66,52.79,89.75,"27.463.042,22",N/A,N/A,0.0,-100.0,0.0,0.0,14,0.02,2301,N/A,20.0,1.0
MFII11,Fundo de Desenvolvimento,51.45,2663241.38,0.53,1.05,1.3,4.1,8.22,16.8,1.37,1.37,1.4,2.69,5.22,6.59,9.08,"656.905.292,98",96.23,0.53,1.09,-8.99,-7.99,1.72,1,2312.46,32542,N/A,20.0,2.0
MGCR11,Papéis,9.4,259145.59,0.96,0.33,0.0,0.0,0.0,0.0,0.0,0.0,0.0,8.0,0.0,0.0,N/A,"131.240.792,97",9.78,0.96,1.02,-89.08,-88.97,-88.55,14,14.56,4360,N/A,N/A,N/A
MGFF11,Fundo de Fundos,69.99,2558695.75,1.1,4.26,0.0,0.0,0.0,0.0,0.0,0.0,0.0,0.0,0.0,0.0,N/A,"118.155.565,38",73.54,0.95,0.71,2.57,3.29,-0.09,14,8.07,8102,N/A,20.0,0.2
MGHT11,Hotéis,12.01,18258.95,0.51,0.13,0.42,0.0,0.0,0.0,0.0,0.0,0.0,7.24,-14.42,-14.07,-21.9,"29.275.843,03",50.81,0.24,0.26,-40.63,-40.48,-43.69,1,4469.46,3235,N/A,20.0,1.2
MGRI11,Indefinido,58.18,N/A,1.23,1.18,0.0,0.0,0.0,8.02,0.0,0.0,0.67,0.0,0.0,0.0,N/A,"15.648.267,87",N/A,N/A,N/A,N/A,N/A,N/A,1,3.52,1,0.85,N/A,0.14
MMPD11,Indefinido,67.92,672648.67,1.01,1.28,0.0,0.0,0.0,0.0,0.0,0.0,0.0,0.0,0.0,0.0,N/A,"35.668.292,11",N/A,N/A,N/A,N/A,N/A,N/A,14,802.7,102,1.3,20.0,0.15
MXRF11,Papéis,9.72,15118711.05,1.04,0.1,1.04,3.13,6.29,12.92,1.04,1.05,1.08,2.09,0.84,1.89,1.99,"4.313.692.471,65",9.49,1.02,1.05,-6.13,-5.14,0.39,3,793.57,1468513,N/A,N/A,0.9
NAUI11,Outros,1000.0,20000.0,2.3,115.98,0.0,0.0,0.0,0.0,0.0,0.0,0.0,0.0,0.0,0.0,N/A,"22.538.654,50",N/A,N/A,N/A,N/A,N/A,N/A,0,7275.17,110,N/A,N/A,N/A
NAVT11,Papéis,74.45,41438.24,0.85,1.24,1.68,3.83,7.14,14.25,1.28,1.19,1.19,1.68,4.32,6.08,6.08,"53.662.100,29",90.17,0.83,1.38,0.66,2.04,3.21,14,1513.59,2238,N/A,20.0,1.0
NCHB11,Papéis,7.97,63111.7,0.82,0.11,1.34,4.06,7.73,15.13,1.35,1.29,1.26,4.06,11.1,12.58,10.18,"148.979.591,77",9.75,0.82,1.02,-89.12,-89.01,-88.6,14,17.09,11451,N/A,N/A,1.1
NCRI11,Papéis,9.06,43886.48,0.9,0.12,1.36,4.07,7.47,15.06,1.36,1.25,1.26,8.65,-2.44,-1.11,20.48,"39.774.627,09",N/A,N/A,N/A,N/A,N/A,N/A,1,3269.98,1317,N/A,N/A,N/A
NELO11,Logística,N/A,N/A,N/A,21.65,0.0,0.0,0.0,0.0,0.0,0.0,0.0,0.0,0.0,0.0,N/A,"303.450.733,96",691.7,N/A,3.63,0.0,0.0,0.0,57,N/A,1,N/A,N/A,N/A
NEWL11,Imóveis Industriais e Logísticos,103.01,147140.48,0.79,1.0,0.96,2.8,5.52,11.34,0.93,0.92,0.95,6.5,-5.71,-4.81,8.96,"365.885.730,64",130.2,0.79,0.77,8.42,9.25,24.68,3,1416.76,7480,N/A,20.0,0.95
NEWU11,Lajes Corporativas,111.48,1719.38,1.13,0.25,0.23,1.52,1.94,2.64,0.51,0.32,0.22,1.28,1.91,2.15,2.97,"73.157.639,77",83.32,1.34,0.3,19.7,20.05,28.66,2,6005.53,1056,N/A,N/A,N/A
NEXG11,Agricultura,131.78,247214.0,1.31,0.9,0.68,2.05,4.2,9.18,0.68,0.7,0.77,4.84,-0.32,0.35,9.74,"123.187.427,01",99.95,1.32,0.9,0.0,0.0,0.0,0,4443.89,661,1.0,20.0,0.16
NSLU11,Hospitalar,171.51,119701.48,0.99,1.73,0.83,6.07,8.58,14.88,2.02,1.43,1.24,1.46,-3.68,-2.88,-4.22,"223.628.974,12",191.44,0.9,0.9,-3.76,-2.89,3.04,2,2033.45,5220,N/A,N/A,2.5
NUIF11,Indefinido,86.69,101753.48,N/A,1.1,1.22,0.0,1.22,9.9,0.0,0.2,0.83,1.22,4.66,5.94,5.94,N/A,N/A,N/A,N/A,N/A,N/A,N/A,0,1599.47,0,N/A,N/A,N/A
NVHO11,Hospitalar,12.2,2091.24,0.73,0.09,0.79,2.21,4.49,9.0,0.74,0.75,0.75,1.51,-8.79,-8.07,-12.89,"687.836.683,00",16.56,0.74,0.54,18.71,19.35,39.65,4,6372.66,1675,N/A,N/A,N/A
NVIF11,Fundo de Desenvolvimento,227.5,N/A,0.63,0.89,0.0,0.0,0.0,0.0,0.0,0.0,0.0,0.0,0.0,0.0,N/A,"121.563.501,90",N/A,N/A,N/A,N/A,N/A,N/A,1,N/A,7,N/A,N/A,N/A
NVIF11B,Fundo de Desenvolvimento,227.5,N/A,0.86,1.11,0.0,0.0,0.0,0.0,0.0,0.0,0.0,0.0,0.0,0.0,N/A,"88.829.544,94",263.28,0.86,0.42,-15.74,-15.38,5.4,2,N/A,7,N/A,N/A,N/A
NVRP11,Indefinido,79.6,12440.71,N/A,87.5,0.0,0.0,0.0,0.0,0.0,0.0,0.0,0.0,0.0,0.0,N/A,N/A,N/A,N/A,N/A,N/A,N/A,N/A,0,30848.34,0,N/A,N/A,N/A
OBAL11,Imóveis Residenciais,1095.0,1095.0,0.6,93.52,0.0,0.0,0.0,0.0,0.0,0.0,0.0,0.0,0.0,0.0,N/A,"256.968.206,94",N/A,N/A,N/A,N/A,N/A,N/A,3,6054.38,108,N/A,N/A,N/A
OCRE11,Papéis,66.97,15413.25,0.45,0.36,0.5,1.76,3.27,6.78,0.59,0.55,0.57,3.86,-6.92,-6.46,-10.52,"65.199.971,25",N/A,N/A,N/A,N/A,N/A,N/A,1,8258.05,445,N/A,N/A,N/A
OGHY11,Indefinido,8.72,22847.1,0.92,9.4,0.0,0.0,0.0,0.0,0.0,0.0,0.0,0.99,0.0,0.0,N/A,"25.780.971,88",N/A,N/A,N/A,N/A,N/A,N/A,14,57.14,1565,N/A,N/A,N/A
OGIN11,Misto,7.94,70296.0,N/A,0.1,1.3,0.0,0.0,3.61,0.0,0.0,0.3,7.59,4.9,6.26,-2.64,N/A,N/A,N/A,N/A,N/A,N/A,N/A,0,1689.43,0,N/A,N/A,N/A
OIAG11,Indefinido,8.15,146815.29,0.82,0.12,1.35,4.01,8.01,17.28,1.34,1.34,1.44,9.45,-4.05,-2.76,17.27,"89.222.665,96",9.88,0.82,1.21,0.0,0.0,0.0,0,1701.93,13325,N/A,20.0,1.1
ONDA11,Exploração de Imóveis,7.41,13550.43,0.66,0.1,1.21,2.46,5.03,11.28,0.82,0.84,0.94,5.03,-6.23,-5.09,0.28,"92.090.911,12",N/A,N/A,N/A,N/A,N/A,N/A,1,4338.95,483,0.3,20.0,0.15
ONDV11,Exploração de Imóveis,9.77,5317.5,0.69,0.1,1.21,3.75,6.31,11.28,1.25,1.05,0.94,5.03,-6.23,-5.09,0.28,"98.045.405,20",N/A,N/A,N/A,N/A,N/A,N/A,1,4190.49,459,0.3,20.0,0.15
ONEF11,Lajes Corporativas,200.03,114431.47,1.09,2.85,0.0,0.0,0.0,0.0,0.0,0.0,0.0,0.0,0.0,0.0,N/A,"166.518.054,63",182.79,1.09,17.78,-9.26,6.88,30.26,1,9.4,2602,N/A,N/A,N/A
OPTM11,Misto,N/A,N/A,N/A,0.14,0.0,0.0,0.0,0.0,0.0,0.0,0.0,0.0,0.0,0.0,N/A,"4.811.420,88",N/A,N/A,N/A,N/A,N/A,N/A,1,N/A,14,N/A,N/A,N/A
ORPD11,Fundo de Desenvolvimento,93.0,402.75,0.66,1.38,0.0,0.0,0.0,0.0,0.0,0.0,0.0,0.0,0.0,0.0,N/A,"40.780.903,28",124.68,0.75,1.11,0.95,2.06,2.06,14,24.8,6,N/A,N/A,N/A
OUFF11,Fundo de Fundos,61.1,264340.11,0.96,0.76,1.25,0.0,0.0,0.0,0.0,0.0,0.0,7.1,-1.44,-0.2,-4.01,"118.155.565,38",78.55,0.78,0.96,3.49,4.49,11.0,1,0.13,8102,N/A,30.0,0.35
OUJP11,Papéis,71.07,664443.05,0.71,1.06,1.19,3.79,8.14,17.06,1.26,1.36,1.42,2.48,12.23,13.56,19.69,"325.169.190,54",101.23,0.7,1.05,1.34,2.4,17.68,14,1882.05,26447,N/A,20.0,1.05
OURE11,Misto,78.2,224923.68,1.23,1.09,1.39,0.0,0.0,0.0,0.0,0.0,0.0,8.68,3.84,5.28,19.42,"118.155.565,38",100.43,0.78,1.08,10.33,11.52,23.93,2,6.17,8102,N/A,25.0,0.95
PABY11,Fundo de Desenvolvimento,20.88,817.0,0.23,0.13,N/A,N/A,N/A,N/A,N/A,N/A,N/A,N/A,N/A,N/A,N/A,"-26.327.409,60",251.42,0.08,0.0,1.74,1.74,5.49,15,10938.45,518,N/A,N/A,N/A
PATA11,Misto,9.16,9270.37,0.89,0.12,0.0,1.41,3.86,19.56,0.47,0.64,1.63,4.77,0.0,0.0,N/A,"17.482.589,00",N/A,N/A,N/A,N/A,N/A,N/A,14,6796.27,393,N/A,N/A,N/A
PATB11,Lajes Corporativas,N/A,N/A,N/A,3.69,0.0,0.0,0.0,0.0,0.0,0.0,0.0,0.0,0.0,0.0,N/A,"879.819.564,41",N/A,N/A,N/A,N/A,N/A,N/A,3,N/A,1,N/A,N/A,N/A
PATC11,Fundo de Desenvolvimento,39.72,2855519.43,1.16,0.05,0.13,0.39,0.77,1.52,0.39,0.77,0.13,0.89,2.56,2.7,-3.45,"119.369.914,50",34.33,1.16,0.15,-55.06,-54.99,-57.03,4,1259.37,4260,N/A,N/A,1.18
PCAS11,Indefinido,N/A,N/A,N/A,42.86,0.0,0.0,0.0,0.0,0.0,0.0,0.0,0.0,0.0,0.0,N/A,"266.203.128,91",N/A,N/A,N/A,N/A,N/A,N/A,4,N/A,100,N/A,N/A,N/A
PCIP11,Papéis,75.81,3190038.57,0.82,1.07,1.36,3.5,6.48,13.63,1.17,1.08,1.14,7.57,-6.12,-4.84,9.2,"1.580.092.878,48",N/A,N/A,N/A,N/A,N/A,N/A,0,1415.4,113410,0.9,N/A,0.1
PDBM11,Shoppings,109.23,5218.13,0.97,0.76,0.0,1.47,2.66,6.62,0.49,0.44,0.6,2.66,0.0,0.0,N/A,"38.340.741,67",N/A,N/A,N/A,N/A,N/A,N/A,1,6949.37,118,N/A,N/A,N/A
PEMA11,Papéis,24.72,305.56,0.46,0.28,1.12,3.53,7.36,17.09,1.18,1.23,1.42,7.36,-16.67,-15.73,-21.53,"29.370.112,09",N/A,N/A,N/A,N/A,N/A,N/A,14,9954.04,281,N/A,N/A,N/A
PFIN11,Indefinido,61.67,1210112.48,N/A,28.14,47.81,47.81,49.44,54.63,15.94,8.24,4.55,49.44,6.61,57.58,75.16,N/A,N/A,N/A,N/A,N/A,N/A,N/A,0,1970.64,0,N/A,N/A,0.6
PICE11,Indefinido,32.12,55970.38,N/A,0.5,1.39,0.0,0.0,1.39,0.0,0.0,0.12,2.57,6.04,7.51,0.06,N/A,N/A,N/A,N/A,N/A,N/A,N/A,0,3799.88,0,N/A,N/A,1.3
PLAG11,Indefinido,61.99,132557.76,0.96,0.65,1.03,3.06,5.97,12.24,1.02,1.0,1.02,6.95,0.06,1.09,45.61,"357.535.366,72",N/A,N/A,N/A,N/A,N/A,N/A,8,1864.76,13748,N/A,N/A,1.0
PLCA11,Indefinido,73.67,35711.43,0.77,1.05,1.41,4.11,8.13,17.44,1.37,1.36,1.45,9.6,-2.32,-0.94,25.23,"53.777.395,34",96.54,0.76,1.09,0.0,0.0,0.0,0,1221.83,2420,N/A,10.0,1.15
PLCR11,Papéis,78.2,864020.0,0.94,5.23,0.0,0.0,0.0,0.0,0.0,0.0,0.0,8.48,0.0,0.0,N/A,"175.914.246,15",83.4,0.94,1.08,-8.04,-7.05,2.32,1,625.99,14034,N/A,N/A,1.2
PLOG11,Imóveis Industriais e Logísticos,66.71,70165.04,0.63,0.7,0.99,3.05,6.1,12.13,1.02,1.02,1.01,4.09,2.01,3.02,0.55,"79.648.071,76",100.39,0.66,0.75,-0.02,0.72,8.77,1,16.63,3284,N/A,N/A,N/A
PLRI11,Papéis,7.95,547.0,0.51,0.66,8.05,8.05,10.24,11.14,2.68,1.71,0.93,10.24,-28.63,-22.89,-26.03,"14.780.732,10",14.54,0.55,1.73,-54.79,-54.01,-60.88,1,13329.67,738,N/A,N/A,N/A
PMFO11,Misto,86.5,24322.25,0.98,0.84,0.0,0.93,0.93,1.94,0.93,0.93,0.16,0.93,0.0,0.0,N/A,"87.026.552,11",N/A,N/A,N/A,N/A,N/A,N/A,14,23336.78,1,N/A,N/A,N/A
PMIS11,Misto,7.76,156302.48,0.82,0.1,1.26,3.54,6.97,14.76,1.18,1.16,1.23,8.35,-2.11,-0.88,18.26,"139.223.644,95",N/A,N/A,N/A,N/A,N/A,N/A,14,1696.82,6571,N/A,20.0,1.1
PMLL11,Shoppings,100.61,4802983.81,0.86,1.0,0.94,2.78,5.64,11.08,0.93,0.94,0.92,6.5,-1.13,-0.2,16.32,"1.631.272.606,28",N/A,N/A,N/A,N/A,N/A,N/A,12,1234.85,135622,N/A,N/A,0.5
PNCR11,Imóveis Residenciais,45.2,350700.0,0.98,46.09,0.0,0.0,0.0,0.0,0.0,0.0,0.0,12.84,0.0,0.0,N/A,"23.037.047,12",N/A,N/A,N/A,N/A,N/A,N/A,14,21690.15,112,N/A,N/A,N/A
PNDL11,Fundo de Desenvolvimento,160.0,25.26,1.6,3.0,0.0,0.0,0.0,0.0,0.0,0.0,0.0,0.0,0.0,0.0,N/A,"14.450.344,69",N/A,N/A,N/A,N/A,N/A,N/A,14,199747.58,58,N/A,N/A,N/A
PNPR11,Fundo de Desenvolvimento,48.0,5000064.0,1.24,19.05,25.23,0.0,0.0,0.0,0.0,0.0,0.0,25.23,0.0,0.0,N/A,"34.834.162,72",N/A,N/A,N/A,N/A,N/A,N/A,1,1295.88,15,N/A,N/A,N/A
PNRC11,Indefinido,28.11,1.65,2.72,0.02,0.05,0.05,0.05,0.05,0.05,0.05,0.05,0.05,0.0,0.0,N/A,"4.231.534,23",N/A,N/A,N/A,N/A,N/A,N/A,14,2253.28,103,N/A,N/A,N/A
PORD11,Papéis,8.43,595928.14,0.88,0.1,1.22,3.73,7.51,14.69,1.24,1.25,1.22,2.47,0.74,1.97,4.26,"355.948.741,83",9.57,0.88,1.04,-90.24,-90.14,-89.08,1,919.59,44919,N/A,15.0,0.9
PPEI11,Indefinido,83.08,160088.14,N/A,1.0,1.19,3.6,7.31,18.48,1.2,1.22,1.54,7.31,1.15,2.35,18.64,N/A,N/A,N/A,N/A,N/A,N/A,N/A,0,2295.5,0,1.0,N/A,0.1
PQAG11,Imóveis Industriais e Logísticos,57.99,1493.9,0.95,0.49,0.87,2.65,5.42,9.95,0.88,0.9,0.83,6.31,-0.84,0.02,15.25,"778.526.798,95",55.64,1.04,0.88,-2.83,-1.97,7.69,1,3989.88,465,N/A,N/A,0.2
PQDP11,Shoppings,2492.0,68905.57,0.96,14.91,0.65,2.1,4.25,10.19,0.7,0.71,0.85,1.4,-1.79,-1.15,-6.42,"636.312.310,55",25.48,97.8,58.5,-99.19,-98.71,-98.75,1,1770.9,3002,N/A,N/A,0.23
PRIF11,Indefinido,98.05,89364.52,N/A,1.0,0.0,0.0,0.0,0.0,0.0,0.0,0.0,3.06,0.0,0.0,N/A,N/A,N/A,N/A,N/A,N/A,N/A,N/A,0,9944.77,0,N/A,N/A,N/A
PRSV11,Lajes Corporativas,33.84,1732.55,0.33,14.1,0.0,0.0,0.0,0.0,0.0,0.0,0.0,0.0,0.0,0.0,N/A,"29.567.728,68",364.23,0.09,0.44,-0.03,0.41,-3.81,1,14634.57,789,N/A,N/A,0.38
PRTS11,Shoppings,18206.64,4233564689.21,303444.0,0.05,0.0,0.0,0.0,0.0,0.0,0.0,0.0,0.0,0.0,0.0,N/A,"3.111.607,44",N/A,N/A,N/A,N/A,N/A,N/A,2,2278.64,11,N/A,N/A,N/A
PSEC11,Fundo de Fundos,55.54,2218797.48,0.75,0.55,0.95,2.98,6.16,13.32,0.99,1.03,1.11,6.16,1.06,2.02,4.69,"1.363.714.663,33",N/A,N/A,N/A,N/A,N/A,N/A,0,1097.2,84072,N/A,20.0,0.93
PULV11,Papéis,8.72,61949.0,0.87,0.71,0.0,0.0,0.0,3.48,0.0,0.0,0.29,12.52,0.0,0.0,N/A,"120.562.664,39",N/A,N/A,N/A,N/A,N/A,N/A,14,1593.11,972,N/A,20.0,1.5
PVBI11,Lajes Corporativas,71.73,3556089.9,0.67,0.4,0.55,1.62,3.28,6.98,0.54,0.55,0.58,3.84,-1.21,-0.67,-1.58,"2.923.115.599,01",107.74,0.67,0.37,4.21,4.59,13.51,9,1875.58,183801,0.8,N/A,0.2
QAMI11,Papéis,84.68,67019.0,0.91,1.0,1.17,0.0,0.0,0.0,0.0,0.0,0.0,11.32,6.69,7.94,14.22,"74.367.555,48",92.8,0.91,1.08,1.42,2.51,14.58,14,112.81,1440,N/A,N/A,N/A
QIRI11,Papéis,78.04,6867.57,0.87,89.64,0.0,0.0,0.0,0.0,0.0,0.0,0.0,6.9,0.0,0.0,N/A,"13.441.852,95",89.61,0.87,100.03,-0.41,99.21,116.58,14,9.65,173,N/A,N/A,N/A
QNTS11,Indefinido,N/A,N/A,N/A,1.93,0.0,0.0,0.0,0.0,0.0,0.0,0.0,0.0,0.0,0.0,N/A,"244.213.410,21",N/A,N/A,N/A,N/A,N/A,N/A,2,N/A,136,N/A,N/A,N/A
RBCO11,Lajes Corporativas,N/A,N/A,N/A,0.5,0.0,0.0,0.0,0.0,0.0,0.0,0.0,0.0,0.0,0.0,N/A,N/A,90.22,N/A,0.22,1.03,1.25,-7.08,0,N/A,0,N/A,N/A,N/A
RBDS11,Fundo de Desenvolvimento,1.4,67.9,0.09,2.35,12.63,0.0,0.0,0.0,0.0,0.0,0.0,12.63,0.0,0.0,N/A,"2.331.451,27",22.98,0.06,0.0,0.0,0.0,0.0,14,20026.51,797,N/A,20.0,N/A
RBFM11,Fundo de Fundos,10.33,300408.48,0.8,0.11,1.03,3.06,5.04,12.7,1.02,0.84,1.06,7.05,-1.32,-0.3,9.3,"240.895.325,60",N/A,N/A,N/A,N/A,N/A,N/A,0,1689.5,22122,N/A,20.0,0.78
RBFY11,Imóveis Residenciais,72.0,9328.44,0.76,0.32,0.46,0.46,0.46,0.46,0.46,0.46,0.46,0.46,0.0,0.0,N/A,"91.864.653,27",N/A,N/A,N/A,N/A,N/A,N/A,2,19008.17,82,1.0,N/A,N/A
RBGS11,Shoppings,28.45,N/A,0.31,0.18,0.62,0.0,0.0,0.0,0.0,0.0,0.0,0.62,-1.9,-1.29,-1.29,"97.865.283,71",90.78,0.31,0.18,0.0,0.18,1.17,1,N/A,2808,N/A,N/A,N/A
RBHG11,Papéis,61.69,219031.95,0.71,0.8,1.15,3.64,7.39,14.97,1.21,1.23,1.25,2.36,4.53,5.74,13.35,"187.707.875,95",86.65,0.71,0.92,-5.9,-5.03,5.11,14,1276.1,7516,0.68,N/A,0.12
RBHY11,Papéis,72.05,209227.1,0.77,1.0,1.33,3.96,8.15,17.26,1.32,1.36,1.44,9.6,-2.86,-1.57,15.49,"175.939.153,17",92.92,0.78,1.13,-1.28,-0.16,13.36,14,1147.41,3499,0.88,10.0,0.12
RBIF11,Indefinido,74.18,161131.0,N/A,0.38,0.5,1.67,5.35,14.99,0.56,0.89,1.25,9.2,-2.06,-1.57,23.48,N/A,N/A,N/A,N/A,N/A,N/A,N/A,0,1095.75,0,0.8,N/A,N/A
RBIR11,Fundo de Desenvolvimento,73.5,251761.43,0.94,5.23,6.6,17.08,21.25,36.19,5.69,3.54,3.02,21.25,1.43,8.13,20.35,"120.414.062,37",N/A,N/A,N/A,N/A,N/A,N/A,14,1563.41,1464,N/A,20.0,2.0
RBLG11,Imóveis Industriais e Logísticos,17.72,5.53,0.58,0.07,0.37,2.74,178.69,178.91,0.91,29.78,14.91,178.91,0.0,0.0,N/A,"19.666.962,94",30.72,0.58,1.43,-69.43,-68.99,-67.86,1,65179.6,238,N/A,20.0,1.0
RBOP11,Lajes Corporativas,223.01,16828.75,0.3,1.1,0.49,0.98,1.86,9.34,0.98,0.31,0.78,9.34,0.73,1.22,-25.71,"74.849.600,08",N/A,N/A,N/A,N/A,N/A,N/A,2,3445.55,2562,N/A,20.0,1.1
RBRD11,Varejo,37.03,47328.76,0.52,0.55,1.43,4.29,8.44,17.31,1.43,1.41,1.44,10.13,5.15,6.65,14.47,"132.777.498,24",71.7,0.52,0.77,8.32,9.16,6.95,4,1430.27,7509,N/A,N/A,0.17
RBRI11,Fundo de Desenvolvimento,225.02,336.35,0.79,103.82,0.0,0.0,43.01,83.95,0.0,7.17,7.0,0.0,0.0,0.0,N/A,"44.465.056,94",N/A,N/A,N/A,N/A,N/A,N/A,1,14283.8,143,1.5,N/A,0.2
RBRL11,Imóveis Industriais e Logísticos,71.93,545800.67,0.73,0.75,0.8,2.48,5.19,11.42,0.83,0.87,0.95,1.61,0.9,1.7,10.22,"655.781.197,05",101.1,0.71,0.74,-5.74,-5.04,2.68,5,1402.15,16902,1.0,20.0,0.18
RBRM11,Fundo de Desenvolvimento,94794.81,N/A,17.88,5302.02,0.0,0.0,0.0,0.0,0.0,0.0,0.0,0.0,0.0,0.0,N/A,"2.860.101,93",N/A,N/A,N/A,N/A,N/A,N/A,14,N/A,54,N/A,N/A,N/A
RBRP11,Lajes Corporativas,47.27,1300706.05,0.59,0.4,0.83,2.4,4.68,9.6,0.8,0.78,0.8,5.44,-4.99,-4.2,-0.06,"979.206.851,27",80.4,0.59,0.5,-1.59,-1.1,2.81,6,1320.14,54487,1.0,20.0,0.18
RBRR11,Papéis,77.29,4765063.62,0.83,0.95,1.16,3.08,5.85,12.2,1.03,0.98,1.02,5.85,-1.13,0.02,9.51,"1.520.653.656,87",93.29,0.83,0.96,-0.83,0.13,3.06,3,1221.27,143366,0.8,20.0,0.2
RBRS11,Fundo de Desenvolvimento,43.51,1927.06,0.5,0.11,0.33,1.17,2.74,6.05,0.39,0.46,0.5,0.8,-9.34,-9.04,-17.44,"73.392.606,42",95.66,0.45,0.12,1.67,1.79,7.88,2,5534.08,865,N/A,N/A,N/A
RBRX11,Indefinido,8.08,2305603.19,0.83,0.09,1.08,3.33,6.87,13.85,1.11,1.15,1.15,1.08,3.33,4.45,4.45,"1.428.357.555,44",N/A,N/A,N/A,N/A,N/A,N/A,14,1319.38,126599,1.3,20.0,N/A
RBRY11,Papéis,86.2,3912258.71,0.86,1.0,1.11,3.32,7.06,15.58,1.11,1.18,1.3,7.06,-1.69,-0.6,7.74,"1.289.154.179,60",100.96,0.85,0.99,1.07,2.07,7.35,14,869.51,75892,1.1,20.0,0.2
RBTS11,Fundo de Desenvolvimento,247.95,17.81,0.87,7.34,1.84,1.84,1.84,14.53,0.61,0.31,1.21,1.84,0.0,0.0,N/A,"16.104.953,17",279.8,0.89,2.62,-74.42,-73.75,-68.81,14,11776.28,124,N/A,17.5,1.32
RBVA11,Varejo,8.94,2296873.43,0.84,0.09,0.99,2.83,5.62,11.83,0.94,0.94,0.99,6.53,-5.4,-4.46,4.54,"1.667.803.737,09",10.68,0.84,0.84,-90.24,-90.15,-88.28,73,1165.69,92652,N/A,N/A,0.65
RCFF11,Fundo de Fundos,73.01,21.47,0.71,0.42,0.0,0.0,3.76,9.17,0.0,0.63,0.83,0.0,0.0,0.0,N/A,"33.291.470,77",98.43,0.74,0.43,7.61,8.07,8.43,14,20033.41,125,0.5,N/A,0.2
RCRB11,Lajes Corporativas,132.0,887458.33,0.67,1.08,0.79,2.31,4.62,9.16,0.77,0.77,0.76,5.32,-2.86,-2.09,17.5,"734.800.247,23",199.1,0.66,0.54,-3.97,-3.46,5.98,9,1464.31,24331,N/A,N/A,0.7
RDCI11,Indefinido,N/A,N/A,N/A,3.93,0.0,0.0,0.0,0.0,0.0,0.0,0.0,0.0,0.0,0.0,N/A,"267.061.881,27",N/A,N/A,N/A,N/A,N/A,N/A,14,N/A,117,N/A,N/A,N/A
RDIV11,Outros,100.0,7735786.0,1.18,0.75,0.0,0.0,0.0,0.0,0.0,0.0,0.0,0.0,0.0,0.0,N/A,"221.933.430,43",N/A,N/A,N/A,N/A,N/A,N/A,0,24033.27,141,1.5,20.0,0.2
RDLI11,Lajes Corporativas,14.7,22860.5,0.12,23.18,32.05,32.05,93.2,125.55,10.68,23.3,31.39,93.2,0.53,32.75,196.29,"169.888.429,73",N/A,N/A,N/A,N/A,N/A,N/A,1,33173.06,303,N/A,N/A,N/A
RECD11,Papéis,6.57,373.0,1.05,0.49,6.91,9.26,12.86,36.37,3.09,2.14,3.03,31.66,-0.7,6.16,39.96,"37.253.634,66",N/A,N/A,N/A,N/A,N/A,N/A,0,9079.23,507,N/A,N/A,N/A
RECM11,Papéis,7.6,49513.29,0.81,0.1,1.26,3.98,7.71,16.6,1.33,1.29,1.38,9.05,8.93,10.3,8.72,"77.085.017,28",N/A,N/A,N/A,N/A,N/A,N/A,0,2232.16,1266,N/A,N/A,N/A
RECR11,Papéis,79.96,3345612.52,0.9,1.12,1.36,3.94,6.93,13.8,1.31,1.16,1.15,6.93,-0.38,0.98,18.18,"2.338.046.932,29",88.42,0.9,1.19,-7.25,-6.14,6.82,1,1264.97,173918,N/A,N/A,0.2
RECT11,Lajes Corporativas,35.67,413026.86,0.4,0.45,1.26,3.7,7.26,15.02,1.23,1.21,1.25,8.49,-0.67,0.58,12.31,"766.585.546,53",89.73,0.4,0.5,-4.22,-3.74,-1.67,7,1467.74,47166,N/A,N/A,0.17
REIT11,Papéis,70.01,8.89,0.23,2.73,0.0,0.0,0.0,0.0,0.0,0.0,0.0,0.0,0.0,0.0,N/A,"7.950.552,80",N/A,N/A,N/A,N/A,N/A,N/A,1,12597.11,60,N/A,N/A,N/A
RELG11,Imóveis Industriais e Logísticos,68.5,27572.0,0.72,0.8,1.21,3.5,7.32,15.28,1.17,1.22,1.27,8.61,1.06,2.28,20.37,"33.917.632,18",94.64,0.72,0.85,-22.49,-21.83,-15.22,5,4387.81,3504,1.0,N/A,0.18
RENV11,Serviços Financeiros Diversos,5.61,14293.86,0.39,0.08,1.35,3.81,7.42,13.66,1.27,1.24,1.14,7.42,-5.87,-4.6,29.23,"14.670.063,13",N/A,N/A,N/A,N/A,N/A,N/A,14,12671.42,898,1.13,20.0,0.12
RFOF11,Fundo de Fundos,63.84,173508.0,148.47,3.84,0.0,0.0,0.0,3.19,0.0,0.0,0.27,0.0,0.0,0.0,N/A,"326.962,34",0.43,148.47,151.16,-99.46,-98.65,-98.63,14,1841.36,3284,N/A,N/A,N/A
RIFF11,Indefinido,7.56,168933.81,N/A,0.01,0.09,0.0,0.0,0.0,0.0,0.0,0.0,9.02,-1.47,-1.39,23.83,N/A,N/A,N/A,N/A,N/A,N/A,N/A,0,1102.68,0,N/A,20.0,0.84
RINV11,Indefinido,104.4,464299.52,0.98,1.4,1.33,3.38,6.48,13.35,1.13,1.08,1.11,7.79,-2.13,-0.83,15.02,"535.332.599,60",N/A,N/A,N/A,N/A,N/A,N/A,14,916.9,4568,N/A,15.0,1.0
RMAI11,Lajes Corporativas,39.99,42751.5,0.33,0.27,0.73,2.2,3.6,7.95,0.73,0.6,0.66,3.6,0.68,1.42,-2.19,"588.376.786,38",111.43,0.36,0.24,3.31,3.56,5.86,2,5534.57,1080,N/A,N/A,N/A
RNDP11,Papéis,40.5,14794.0,1.01,40.38,99.67,0.0,0.0,101.28,0.0,0.0,8.44,145.4,-5.64,88.42,309.72,"4.329.855,96",N/A,N/A,0.0,-100.0,0.0,0.0,14,478.39,1292,N/A,N/A,N/A
RNGO11,Lajes Corporativas,52.15,25951.57,0.62,0.52,1.0,2.9,5.73,9.29,0.97,0.96,0.77,6.32,1.48,2.5,14.26,"224.955.690,41",84.06,0.62,0.57,-2.98,-2.42,2.1,4,1612.07,6554,N/A,N/A,0.2
ROOF11,Fundo de Desenvolvimento,323.31,323.0,1.16,13.55,0.0,0.0,0.0,15.9,0.0,0.0,1.33,15.9,0.0,0.0,N/A,"21.609.995,86",N/A,N/A,N/A,N/A,N/A,N/A,30,10193.75,81,N/A,N/A,N/A
RPRI11,Papéis,77.02,802636.19,0.76,0.9,1.0,3.5,6.88,15.17,1.17,1.15,1.26,2.45,5.52,6.57,7.56,"349.994.153,75",N/A,N/A,N/A,N/A,N/A,N/A,14,1028.7,4676,N/A,N/A,1.6
RSPD11,Fundo de Desenvolvimento,700.0,2457.29,0.91,93.95,11.25,11.59,11.59,20.87,3.86,1.93,1.74,11.59,-4.76,5.95,5.95,"114.328.809,38",1130.1,0.62,0.98,-1.08,-0.11,-0.11,14,21832.18,194,N/A,N/A,N/A
RURA11,Indefinido,8.19,2982312.29,0.79,0.11,1.3,3.79,7.93,16.5,1.26,1.32,1.38,9.26,-4.73,-3.49,20.77,"1.644.517.339,67",10.27,0.8,1.1,0.0,0.0,0.0,0,1160.46,106843,N/A,20.0,1.0
RVBI11,Fundo de Fundos,60.23,604022.78,0.87,0.65,1.01,3.22,6.62,13.78,1.07,1.1,1.15,1.01,2.92,3.96,3.96,"1.365.872.089,15",74.23,0.81,0.94,-11.65,-10.82,-5.26,14,18.57,81798,0.8,20.0,0.13
RZAG11,Indefinido,8.52,1248290.24,0.86,0.12,1.39,4.03,8.02,17.34,1.34,1.34,1.45,9.71,-4.01,-2.67,11.15,"663.772.571,32",9.76,0.87,1.23,2.12,3.37,16.26,0,1367.87,89255,N/A,10.0,1.15
RZAK11,Papéis,81.87,1282404.29,0.93,1.1,1.29,3.98,8.27,17.74,1.33,1.38,1.48,1.29,3.37,4.7,4.7,"777.616.578,87",88.2,0.93,1.25,-5.88,-4.71,5.56,14,860.98,44455,N/A,15.0,1.25
RZAT11,Imóveis Industriais e Logísticos,94.7,710142.19,0.91,1.7,1.75,5.05,8.39,15.36,1.68,1.4,1.28,8.39,0.37,2.13,28.77,"439.716.792,04",N/A,N/A,N/A,N/A,N/A,N/A,8,1130.97,34380,N/A,20.0,1.0
RZEO11,Indefinido,187.78,3610.0,1.06,8.0,0.0,0.0,0.0,0.0,0.0,0.0,0.0,0.0,0.0,0.0,N/A,"559.264.931,82",177.38,1.06,2.68,0.0,0.0,0.0,0,5232.37,155,N/A,20.0,1.15
RZLC11,Papéis,1005.66,566171.38,1.01,12.05,1.19,3.5,7.2,14.15,1.17,1.2,1.18,8.57,0.04,1.23,17.06,"161.323.254,64",N/A,N/A,N/A,N/A,N/A,N/A,0,2843.73,160,N/A,N/A,N/A
RZTR11,Misto,86.53,2952911.67,0.88,1.0,1.01,3.06,6.38,13.78,1.02,1.06,1.15,2.03,0.56,1.58,4.02,"1.848.721.684,18",92.74,0.93,1.08,-4.81,-3.79,7.26,28,1276.31,146019,1.25,20.0,N/A
RZZI11,Misto,982.82,2000000.0,0.75,6.8,0.0,0.0,0.0,0.0,0.0,0.0,0.0,0.0,0.0,0.0,N/A,"145.461.588,50",N/A,N/A,N/A,N/A,N/A,N/A,1,N/A,116,N/A,N/A,N/A
RZZR11,Imóveis Industriais e Logísticos,127.84,81520.19,0.73,1.23,0.95,2.79,5.58,11.15,0.93,0.93,0.93,5.58,-2.42,-1.49,4.02,"984.983.121,02",N/A,N/A,N/A,N/A,N/A,N/A,10,3363.29,557,N/A,N/A,0.25
RZZV11,Misto,1028.34,105000.0,0.86,8.3,0.0,0.0,0.0,0.0,0.0,0.0,0.0,0.0,0.0,0.0,N/A,"207.352.351,72",N/A,N/A,N/A,N/A,N/A,N/A,1,9206.88,131,N/A,N/A,N/A
SALI11,Misto,N/A,N/A,N/A,0.9,0.0,0.0,0.0,0.0,0.0,0.0,0.0,0.0,0.0,0.0,N/A,"7.575.553,97",N/A,N/A,N/A,N/A,N/A,N/A,5,N/A,2,N/A,N/A,N/A
SAPI11,Misto,9.04,142688.05,0.9,0.12,1.29,3.66,7.34,16.94,1.22,1.22,1.41,9.76,-1.4,-0.13,24.57,"297.516.319,92",N/A,N/A,N/A,N/A,N/A,N/A,14,1202.01,13178,N/A,N/A,1.0
SCPF11,Shoppings,2.9,1479.05,0.34,0.02,0.67,0.67,0.67,0.67,0.67,0.67,0.67,0.67,-36.1,-35.68,-35.68,"41.549.233,57",11.84,0.24,0.38,1.11,1.49,-3.03,1,7807.5,4167,N/A,N/A,4.0
SDIL11,Imóveis Industriais e Logísticos,96.5,1030917.86,1.01,0.75,0.76,2.49,5.22,10.27,0.83,0.87,0.86,6.12,2.04,2.82,10.51,"612.048.658,06",98.33,0.98,0.83,-0.22,0.61,9.86,5,14.97,63292,N/A,N/A,0.84
SEED11,Indefinido,98.34,200.0,1.08,0.89,0.0,0.0,0.0,3.85,0.0,0.0,0.32,0.0,0.0,0.0,N/A,"149.202.234,27",N/A,N/A,N/A,N/A,N/A,N/A,14,4557.52,131,N/A,N/A,0.2
SEQR11,Misto,53.42,81167.52,0.54,0.58,1.05,3.25,6.83,14.63,1.08,1.14,1.22,2.13,3.24,4.33,8.63,"164.843.420,44",97.65,0.55,0.6,4.15,4.77,10.91,4,1721.28,4159,N/A,20.0,1.24
SHOP11,Shoppings,36.5,807875.0,1.2,6.75,0.0,0.0,0.0,0.0,0.0,0.0,0.0,0.0,0.0,0.0,N/A,"76.507.752,26",N/A,N/A,N/A,N/A,N/A,N/A,1,15459.4,99,N/A,N/A,N/A
SHPH11,Shoppings,935.0,148914.67,0.91,12.0,1.27,2.45,4.21,7.23,0.82,0.7,0.6,4.59,4.42,5.74,15.93,"631.698.081,98",1037.36,0.9,0.51,16.01,16.61,22.35,1,2435.29,2037,N/A,N/A,0.2
SHPP11,Shoppings,10.5,6548661.52,1.08,0.05,0.41,1.4,1.4,4.95,0.47,0.23,0.45,1.4,0.91,1.33,2.31,"518.198.391,88",N/A,N/A,N/A,N/A,N/A,N/A,0,14680.45,125,N/A,N/A,N/A
SHSO11,Indefinido,N/A,N/A,N/A,0.42,0.0,0.0,0.0,0.0,0.0,0.0,0.0,0.0,0.0,0.0,N/A,"19.769.049,00",N/A,N/A,N/A,N/A,N/A,N/A,14,N/A,1,N/A,N/A,N/A
SIGR11,Indefinido,99.9,100.0,10.65,1.3,0.0,0.0,0.0,0.0,0.0,0.0,0.0,1.32,0.0,0.0,N/A,"183.000.003,55",N/A,N/A,N/A,N/A,N/A,N/A,14,1.55,10920,N/A,N/A,N/A
SJAU11,Imóveis Industriais e Logísticos,2.0,3728.81,0.14,20.13,231.65,0.0,0.0,848.21,0.0,0.0,424.11,848.21,58.29,424.96,424.96,"11.795.798,91",N/A,N/A,N/A,N/A,N/A,N/A,14,17087.54,838,N/A,N/A,N/A
SMRE11,Incorporações,53.9,82413.71,0.52,1.0,1.89,5.21,9.94,19.09,1.74,1.66,1.59,11.65,-10.75,-9.07,-5.12,"104.105.096,46",N/A,N/A,N/A,N/A,N/A,N/A,14,2696.55,1233,0.78,N/A,0.22
SNAG11,Papéis,9.89,2173680.62,0.98,0.12,1.17,3.44,8.05,16.17,1.15,1.34,1.35,8.05,-2.48,-1.34,11.15,"906.918.112,22",10.14,0.98,1.18,-89.99,-89.87,-89.54,0,863.01,131472,8.0,N/A,0.07
SNCI11,Papéis,87.64,396102.76,0.9,1.0,1.14,3.58,7.24,14.56,1.19,1.21,1.21,1.14,5.84,7.05,7.05,"407.107.304,43",98.73,0.89,1.01,1.37,2.39,12.52,14,1280.72,35129,0.7,N/A,0.15
SNEL11,Fundo de Desenvolvimento,8.42,7473294.95,1.05,0.1,1.19,3.57,7.19,14.93,1.19,1.2,1.24,7.19,-0.12,1.07,13.89,"883.624.281,88",N/A,N/A,N/A,N/A,N/A,N/A,14,760.91,99294,1.08,20.0,0.12
SNFF11,Fundo de Fundos,73.29,310556.05,0.85,0.8,1.01,4.01,7.72,14.23,1.34,1.29,1.19,1.01,6.72,7.8,7.8,"345.157.144,75",87.14,0.84,0.92,-1.55,-0.64,1.02,14,1480.33,25703,N/A,10.0,0.73
SNFZ11,Misto,9.29,258818.9,0.94,0.1,1.03,3.12,6.31,12.98,1.04,1.05,1.08,6.31,1.04,2.08,12.12,"120.395.441,70",9.96,0.93,1.0,0.0,0.0,0.0,0,1960.73,12073,0.87,20.0,0.13
SNID11,Indefinido,11.03,84332.1,N/A,0.12,1.08,3.35,6.97,14.65,1.12,1.16,1.22,6.97,-0.81,0.27,7.66,N/A,N/A,N/A,N/A,N/A,N/A,N/A,0,1803.32,0,0.85,N/A,0.1
SNME11,Indefinido,9.4,455926.52,0.99,0.15,1.58,3.7,7.49,16.48,1.23,1.25,1.37,7.49,0.42,2.01,13.72,"69.984.048,36",N/A,N/A,N/A,N/A,N/A,N/A,2,1390.38,7492,0.79,20.0,0.2
SOFF11,Misto,94.2,6.71,0.92,1.0,0.0,0.0,0.0,0.0,0.0,0.0,0.0,0.0,0.0,0.0,N/A,"187.944.047,94",N/A,N/A,N/A,N/A,N/A,N/A,0,17574.17,309,N/A,N/A,N/A
SOLR11,Imóveis Comerciais - Outros,1051.35,4931882.0,1.14,4.77,0.0,0.0,0.0,0.0,0.0,0.0,0.0,0.0,0.0,0.0,N/A,"60.245.691,32",N/A,N/A,N/A,N/A,N/A,N/A,1,121.75,58,N/A,N/A,N/A
SPDE11,Indefinido,1266.67,2533.3,0.82,12.44,0.0,0.0,0.0,0.0,0.0,0.0,0.0,0.0,0.0,0.0,N/A,"140.851.989,61",N/A,N/A,N/A,N/A,N/A,N/A,14,954.53,120,N/A,N/A,N/A
SPMO11,Indefinido,120.0,6277.89,0.7,0.43,0.0,0.0,0.0,0.0,0.0,0.0,0.0,0.0,0.0,0.0,N/A,"310.305.927,73",N/A,N/A,N/A,N/A,N/A,N/A,14,375.54,15,N/A,N/A,N/A
SPTW11,Lajes Corporativas,37.84,58642.95,0.7,0.45,1.08,3.92,7.55,15.5,1.31,1.26,1.29,2.7,12.43,13.64,16.11,"97.388.785,80",54.2,0.7,0.83,-2.76,-1.96,12.58,1,1695.67,16669,N/A,N/A,0.25
SPVJ11,Shoppings,N/A,N/A,N/A,0.12,0.0,0.0,0.0,0.0,0.0,0.0,0.0,0.0,0.0,0.0,N/A,"154.423.844,13",24.38,N/A,0.49,-79.03,-78.92,-75.51,1,N/A,23,N/A,N/A,0.2
SPXS11,Indefinido,8.01,363204.71,0.85,0.09,1.04,3.47,7.37,14.88,1.16,1.23,1.24,2.18,-3.08,-2.07,6.67,"190.094.764,86",N/A,N/A,N/A,N/A,N/A,N/A,14,1301.37,20343,N/A,20.0,0.8
SRVD11,Indefinido,3.0,233.91,18.75,0.2,2.29,0.0,0.0,0.0,0.0,0.0,0.0,3.3,-9.79,-7.73,-7.73,"15.751.874,97",1.19,2.53,16.87,-0.11,16.74,25.64,14,375.98,108,N/A,N/A,N/A
STRX11,Fundo de Desenvolvimento,140.31,141.0,0.92,0.82,0.0,0.0,0.65,2.28,0.0,0.65,0.19,0.0,0.0,0.0,N/A,"247.273.997,22",152.86,0.92,0.54,3.06,3.61,16.17,2,7938.06,111,N/A,N/A,N/A
SURE11,Indefinido,N/A,N/A,N/A,0.58,0.0,0.0,0.0,0.0,0.0,0.0,0.0,0.0,0.0,0.0,N/A,"116.412.669,49",N/A,N/A,N/A,N/A,N/A,N/A,0,N/A,1,N/A,N/A,N/A
TCPF11,Misto,39.53,N/A,0.4,1.31,0.0,0.0,0.0,0.0,0.0,0.0,0.0,0.0,0.0,0.0,N/A,"29.322.488,92",N/A,N/A,N/A,N/A,N/A,N/A,14,N/A,48,N/A,N/A,N/A
TELM11,Indefinido,9.62,5496.14,0.96,0.3,3.1,5.22,10.03,16.46,1.74,1.67,1.37,12.43,0.41,3.53,21.35,"31.636.978,60",N/A,N/A,N/A,N/A,N/A,N/A,3,4397.83,299,0.9,20.0,N/A
TEPP11,Lajes Corporativas,7.89,1364402.9,0.82,0.08,0.86,2.59,5.37,12.79,0.86,0.9,1.07,1.72,0.69,1.56,4.6,"475.561.606,76",9.56,0.83,0.78,-90.01,-89.93,-88.77,6,1296.32,44450,0.9,N/A,0.13
TGAR11,Fundo de Desenvolvimento,50.56,4509499.29,0.46,0.72,1.35,3.62,6.52,14.07,1.21,1.09,1.17,7.65,-10.86,-9.65,-29.94,"2.564.030.458,11",108.79,0.46,0.66,-14.86,-14.3,-4.44,4,2792.45,137575,1.28,30.0,0.22
TJKB11,Indefinido,252.9,247202.05,0.9,2.9,1.13,3.36,6.95,14.61,1.12,1.16,1.22,1.13,-4.82,-3.75,-3.75,"601.856.649,49",N/A,N/A,N/A,N/A,N/A,N/A,11,1570.22,767,N/A,N/A,0.6
TMPS11,Fundo de Fundos,74.2,291510.62,0.91,1.8,2.46,4.55,23.76,31.52,1.52,3.96,2.63,26.21,-3.61,-1.24,43.96,"79.940.394,80",N/A,N/A,N/A,N/A,N/A,N/A,14,1677.11,1875,N/A,20.0,0.9
TOPP11,Imóveis Comerciais - Outros,67.22,609396.9,0.64,0.84,1.35,3.8,7.33,15.36,1.27,1.22,1.28,7.33,-6.18,-4.91,2.16,"478.478.280,75",N/A,N/A,N/A,N/A,N/A,N/A,2,1596.19,4522,N/A,N/A,N/A
TORD11,Misto,1.15,13118.57,0.03,0.0,0.31,1.2,2.18,5.47,0.4,0.36,0.46,2.18,-15.67,-15.41,-42.83,"212.583.174,34",13.94,0.08,0.36,8.23,8.62,12.48,2,2721.53,46674,N/A,20.0,1.5
TRBL11,Imóveis Industriais e Logísticos,59.89,1132014.76,0.74,2.68,4.28,6.71,9.79,15.87,2.24,1.63,1.32,10.6,-5.65,-1.62,14.86,"615.586.359,16",N/A,N/A,N/A,N/A,N/A,N/A,5,2832.27,42290,N/A,N/A,0.84
TRNT11,Lajes Corporativas,97.51,8601.5,0.59,0.07,0.06,0.0,0.0,0.0,0.0,0.0,0.0,0.55,0.0,0.0,N/A,"651.287.503,47",197.64,0.49,0.04,0.38,0.42,-0.87,1,3940.46,499,N/A,N/A,0.75
TRUE11,Misto,23.64,18071.1,0.86,15.52,59.86,0.0,0.0,60.96,0.0,0.0,5.08,64.68,7.78,72.29,117.8,"68.520.470,28",N/A,N/A,N/A,N/A,N/A,N/A,1,4426.44,2855,0.7,N/A,N/A
TRXB11,Fundo de Desenvolvimento,189.99,1350545.14,1.85,10.3,5.75,6.7,9.86,23.31,2.23,1.64,1.94,12.41,-0.57,5.15,38.94,"402.558.572,70",N/A,N/A,N/A,N/A,N/A,N/A,11,4852.84,803,N/A,N/A,N/A
TRXF11,Imóveis Comerciais - Outros,91.18,19320443.81,0.92,0.93,0.97,2.91,5.78,12.23,0.97,0.96,1.02,1.99,-2.63,-1.69,-3.92,"6.138.975.528,57",100.95,0.9,0.92,-4.27,-3.39,12.12,92,725.43,313615,1.0,20.0,N/A
TRXY11,Outros,7.99,227248.24,0.94,0.13,1.53,4.06,7.69,15.79,1.35,1.28,1.32,9.14,-1.73,-0.23,13.1,"307.573.206,43",N/A,N/A,N/A,N/A,N/A,N/A,0,2243.51,2714,N/A,20.0,1.0
TSER11,Lajes Corporativas,103.79,357.23,1.11,1.01,0.0,0.0,0.0,1.96,0.0,0.0,0.16,0.0,0.0,0.0,N/A,"139.196.673,78",N/A,N/A,N/A,N/A,N/A,N/A,1,6322.77,1,N/A,N/A,N/A
TVRI11,Agências de Bancos,91.15,1076808.43,0.88,1.05,1.14,3.36,6.55,13.76,1.12,1.09,1.15,7.65,-0.88,0.25,10.6,"1.655.185.497,04",N/A,N/A,N/A,N/A,N/A,N/A,57,1042.04,59039,N/A,N/A,0.28
URHF11,Outros,58.67,7851.9,0.59,1.0,1.67,4.53,8.9,18.79,1.51,1.48,1.57,10.54,-7.74,-6.2,-2.46,"10.808.169,28",N/A,N/A,N/A,N/A,N/A,N/A,14,3976.21,303,N/A,20.0,1.25
URPR11,Papéis,19.28,941003.81,0.23,0.35,0.9,2.93,6.23,13.92,0.98,1.04,1.16,1.82,2.36,3.28,26.17,"983.741.267,95",103.26,0.19,0.34,4.5,4.86,29.8,14,3319.67,56984,0.95,20.0,0.25
VANG11,Indefinido,97.47,2463.77,N/A,1.0,0.0,0.0,0.0,0.0,0.0,0.0,0.0,4.98,0.0,0.0,N/A,N/A,N/A,N/A,N/A,N/A,N/A,N/A,0,22253.62,0,N/A,N/A,N/A
VCJR11,Papéis,73.86,2301657.33,0.79,0.88,1.09,3.05,6.58,15.04,1.02,1.1,1.25,2.04,-0.76,0.32,8.33,"1.379.078.036,91",94.92,0.78,0.93,0.71,1.64,14.63,14,1292.46,29327,N/A,N/A,1.6
VCRA11,Indefinido,59.2,720172.05,0.58,0.97,1.54,4.67,9.18,19.51,1.56,1.53,1.63,10.77,-0.66,0.87,21.22,"471.637.374,73",102.67,0.58,0.97,0.28,1.26,2.74,0,1364.19,9776,N/A,N/A,1.3
VCRI11,Papéis,7.25,217722.24,0.77,0.09,1.15,3.7,7.54,15.98,1.23,1.26,1.33,2.43,5.41,6.62,13.18,"195.790.064,97",9.55,0.76,0.94,1.06,2.01,3.82,14,1517.1,12810,N/A,20.0,0.95
VCRR11,Imóveis Residenciais,57.4,131105.38,0.53,0.4,0.68,2.0,3.86,8.57,0.67,0.64,0.71,4.62,-0.36,0.32,-8.5,"207.503.327,78",103.75,0.55,0.39,-19.1,-18.79,-6.96,4,2669.27,2693,N/A,15.0,0.8
VGHF11,Misto,5.86,2130015.29,0.7,0.07,1.16,3.32,6.35,13.08,1.11,1.06,1.09,7.37,-3.21,-2.09,-2.57,"1.379.137.939,39",8.37,0.7,0.84,-8.62,-7.86,3.96,14,1680.64,378189,0.9,20.0,N/A
VGIA11,Indefinido,9.63,1580018.14,1.0,0.13,1.33,4.11,8.67,18.53,1.37,1.45,1.54,8.67,0.1,1.43,19.53,"1.027.230.341,97",9.69,0.99,1.34,1.69,3.06,11.45,0,1068.63,174817,1.15,10.0,N/A
VGII11,Tecidos. Vestuário e Calçados,65.76,4.87,1.0,0.8,1.1,3.7,5.08,5.08,1.23,0.85,0.42,5.08,1.11,2.23,2.23,"34.181.530,66",N/A,N/A,N/A,N/A,N/A,N/A,14,40649.88,9,N/A,N/A,N/A
VGIP11,Papéis,79.53,2262687.81,0.88,0.71,0.87,2.91,5.84,14.92,0.97,0.97,1.24,0.87,3.44,4.34,4.34,"1.077.329.646,94",90.93,0.87,0.78,0.54,1.33,10.14,14,1384.1,83612,N/A,20.0,1.0
VGIR11,Papéis,9.59,3828811.86,0.98,0.13,1.33,4.08,8.41,16.59,1.36,1.4,1.38,1.33,2.3,3.66,3.66,"1.431.263.745,53",9.83,0.98,1.32,1.97,3.32,-88.63,1,775.49,270326,0.8,20.0,0.2
VGRI11,Misto,5.4,320480.76,0.62,0.08,1.36,3.66,7.48,16.94,1.22,1.25,1.41,9.01,-12.8,-11.61,-15.8,"304.819.560,55",N/A,N/A,N/A,N/A,N/A,N/A,5,2110.12,26071,N/A,N/A,1.3
VHFA11,Misto,10.8,4263.24,1.08,0.13,1.2,9.93,13.89,18.16,3.31,2.32,1.51,15.28,-1.82,-0.64,22.72,"95.085.890,53",10.03,1.08,1.4,0.0,0.0,0.0,0,5646.6,230,N/A,20.0,1.3
VIDS11,Fundo de Desenvolvimento,915.64,N/A,1.31,16.06,0.0,0.0,0.0,0.0,0.0,0.0,0.0,0.0,0.0,0.0,N/A,"66.252.312,96",N/A,N/A,N/A,N/A,N/A,N/A,14,0.42,199,N/A,N/A,N/A
VIFI11,Fundo de Fundos,6.96,30.26,0.87,0.07,1.01,0.0,0.0,0.0,0.0,0.0,0.0,3.0,-7.57,-6.64,5.15,"64.507.809,24",N/A,N/A,0.0,-100.0,-100.0,-100.0,14,1136.84,5521,N/A,20.0,0.95
VIGT11,N/A,49.06,488521.57,N/A,0.25,0.49,1.45,3.07,5.91,0.48,0.51,0.49,3.62,-3.93,-3.46,29.0,N/A,N/A,N/A,N/A,N/A,N/A,N/A,0,2943.76,0,N/A,0.0,1.5
VILG11,Imóveis Industriais e Logísticos,94.86,2796895.67,0.86,0.82,0.87,2.52,4.97,10.1,0.84,0.83,0.84,5.74,-2.54,-1.69,9.55,"1.676.830.071,63",111.81,0.85,0.73,-0.41,0.32,6.52,12,1469.02,149369,N/A,N/A,N/A
VINO11,Lajes Corporativas,4.64,537519.81,0.47,0.05,0.82,2.74,5.78,12.8,0.91,0.96,1.07,1.79,7.39,8.27,7.03,"812.151.045,20",9.89,0.47,0.46,-81.94,-81.85,-80.77,9,1714.93,127379,N/A,20.0,1.1
VISC11,Shoppings,105.46,5018729.52,0.91,0.84,0.77,2.25,4.55,9.44,0.75,0.76,0.79,1.51,0.24,1.01,1.26,"3.339.028.785,11",118.07,0.89,0.71,-4.65,-3.97,10.34,32,1017.53,350230,1.05,N/A,N/A
VIUR11,Misto,2.31,152541.62,0.65,0.26,12.89,12.89,22.97,46.08,4.3,3.83,3.84,27.33,-0.49,12.34,37.79,"94.664.702,09",3.51,0.66,7.49,-61.85,-58.99,-95.73,1,3696.62,37666,N/A,20.0,0.95
VJFD11,Papéis,125.2,9.77,0.73,0.85,0.0,0.0,0.0,1.46,0.0,0.0,0.12,0.0,0.0,0.0,N/A,"833.663.802,37",170.85,0.73,0.5,25.56,26.19,33.46,39,2245.88,105,N/A,N/A,0.19
VLIQ11,Indefinido,N/A,N/A,N/A,5.04,0.0,0.0,0.0,0.0,0.0,0.0,0.0,0.0,0.0,0.0,N/A,"118.155.565,38",N/A,N/A,N/A,N/A,N/A,N/A,14,N/A,1,N/A,N/A,N/A
VLOL11,Lajes Corporativas,88.0,160238.13,0.79,16.3,0.0,0.0,0.0,0.0,0.0,0.0,0.0,1.99,0.0,0.0,N/A,"198.219.080,15",111.06,0.79,0.55,-0.14,0.4,14.11,1,9.89,3127,N/A,N/A,N/A
VOTS11,Papéis,81.0,1074.67,0.98,0.71,0.89,3.31,4.35,9.49,1.1,0.73,0.79,2.48,3.82,4.74,7.52,"75.945.003,22",93.61,0.87,0.76,0.34,1.1,10.19,14,5362.15,534,N/A,N/A,N/A
VPPR11,Lajes Corporativas,18.53,62560.62,0.47,0.07,0.53,0.0,0.0,0.0,0.0,0.0,0.0,0.53,-10.74,-10.27,-10.27,"303.211.367,07",N/A,N/A,N/A,N/A,N/A,N/A,2,2027.13,30154,N/A,20.0,0.95
VRTA11,Papéis,73.08,3018368.95,0.87,0.85,1.06,3.19,6.55,13.31,1.06,1.09,1.11,2.09,-3.15,-2.12,5.45,"1.306.696.394,39",85.01,0.86,1.0,-6.76,-5.82,2.7,14,1050.45,103290,N/A,N/A,1.0
VRTM11,Misto,6.92,130655.33,0.73,0.09,1.27,3.74,7.55,16.02,1.25,1.26,1.34,8.85,-2.75,-1.52,22.34,"444.788.700,96",N/A,N/A,N/A,N/A,N/A,N/A,14,1136.29,11844,N/A,0.2,0.9
VSEC11,Papéis,0.21,2.5,0.0,2.05,0.0,0.0,0.0,0.0,0.0,0.0,0.0,138.0,0.0,0.0,N/A,"118.155.565,38",N/A,N/A,N/A,N/A,N/A,N/A,14,904.16,8102,N/A,20.0,0.7
VSHO11,Shoppings,73.45,11212.86,0.65,0.68,0.88,3.2,5.64,11.68,1.07,0.94,0.97,2.12,1.2,2.09,6.76,"239.449.150,33",115.77,0.63,0.59,16.5,17.19,22.61,3,1442.85,2857,0.75,N/A,N/A
VSLH11,Papéis,1.78,77986.86,0.16,0.03,1.17,3.78,7.21,14.44,1.26,1.2,1.2,2.55,5.99,7.23,0.38,"331.459.598,25",10.23,0.17,0.26,-1.54,-1.28,17.54,14,1900.43,60472,N/A,20.0,0.95
VTBL11,Outros,N/A,N/A,N/A,1.54,0.0,0.0,0.0,0.0,0.0,0.0,0.0,0.0,0.0,0.0,N/A,"19.105.850,77",N/A,N/A,N/A,N/A,N/A,N/A,9,N/A,1,N/A,N/A,N/A
VTLT11,Imóveis Industriais e Logísticos,88.98,12462404.0,0.98,1.26,0.0,0.0,3.65,10.92,0.0,0.61,0.91,0.0,0.0,0.0,N/A,"191.517.274,18",90.55,0.98,1.14,-10.11,-9.08,-2.35,1,1246.05,5533,0.95,N/A,N/A
VTPL11,Papéis,64.25,66.0,0.53,0.49,0.0,0.0,0.0,0.0,0.0,0.0,0.0,0.0,0.0,0.0,N/A,"166.564.006,99",N/A,N/A,N/A,N/A,N/A,N/A,1,10174.9,125,N/A,N/A,N/A
VVCO11,Lajes Corporativas,9.01,503.05,0.6,11.16,0.0,0.0,0.0,0.0,0.0,0.0,0.0,0.0,0.0,0.0,N/A,"149.411.419,03",N/A,N/A,N/A,N/A,N/A,N/A,4,3827.37,2437,N/A,20.0,1.2
VVCR11,Papéis,8.02,264495.57,0.83,0.1,1.05,3.17,6.72,13.11,1.06,1.12,1.09,6.72,1.28,2.34,13.21,"189.111.807,20",N/A,N/A,N/A,N/A,N/A,N/A,14,3988.12,2050,N/A,N/A,1.15
VVMR11,Lajes Corporativas,81.01,3809.89,0.99,1.07,1.27,1.27,7.06,8.32,0.42,1.18,0.69,7.31,5.73,7.07,14.09,"237.817.050,40",N/A,N/A,N/A,N/A,N/A,N/A,5,2221.63,504,N/A,N/A,N/A
VVPR11,Misto,101.5,1249061.55,1.04,0.89,0.89,0.0,0.0,0.0,0.0,0.0,0.0,7.45,0.4,1.3,14.44,"226.032.234,18",98.03,1.04,0.74,-0.1,0.64,0.09,6,3.43,1372,N/A,N/A,N/A
VVRI11,Indefinido,84.58,13220.21,0.94,0.03,0.04,0.49,0.88,3.68,0.49,0.88,0.31,0.88,0.0,0.0,N/A,"158.458.376,25",N/A,N/A,N/A,N/A,N/A,N/A,3,7746.84,144,N/A,N/A,N/A
VXXV11,Fundo de Desenvolvimento,785.0,12357226.25,1.82,273.35,0.0,0.0,0.0,0.0,0.0,0.0,0.0,0.0,0.0,0.0,N/A,"206.637.182,67",N/A,N/A,N/A,N/A,N/A,N/A,1,13023.38,15,N/A,N/A,N/A
WHGR11,Indefinido,9.06,284168.48,0.93,0.1,1.03,3.25,6.68,13.19,1.08,1.11,1.1,2.1,3.74,4.81,13.59,"301.604.364,00",N/A,N/A,N/A,N/A,N/A,N/A,1,1139.61,15134,N/A,20.0,1.0
WPLZ11,Shoppings,46.0,3409.4,0.88,0.37,0.75,2.26,4.5,10.77,0.75,0.75,0.9,5.2,0.98,1.74,14.23,"64.752.127,01",54.57,0.84,0.68,-37.85,-37.43,-43.77,1,5477.21,1441,N/A,N/A,0.55
WSEC11,Indefinido,1.41,1533.0,0.96,1.46,0.0,0.0,0.0,612.44,0.0,0.0,51.04,752.24,0.0,0.0,N/A,"3.603.090,71",N/A,N/A,N/A,N/A,N/A,N/A,14,14888.47,918,N/A,20.0,1.0
WTSP11,Misto,67.0,1897.63,0.71,0.6,0.0,0.0,0.0,0.0,0.0,0.0,0.0,0.0,0.0,0.0,N/A,"116.919.864,95",N/A,N/A,N/A,N/A,N/A,N/A,1,14888.29,235,N/A,N/A,N/A
WTSP11B,N/A,N/A,N/A,N/A,0.05,0.09,0.81,26.17,27.19,0.81,4.36,2.27,0.81,0.0,0.0,N/A,N/A,84.21,N/A,0.06,16.18,16.25,12.98,0,N/A,N/A,N/A,N/A,N/A
XLPR11,Papéis,67.74,14728.0,0.91,0.38,0.53,1.4,2.07,6.94,0.47,0.35,0.58,2.07,3.56,4.11,-3.06,"36.093.674,05",N/A,N/A,N/A,N/A,N/A,N/A,0,3767.64,1379,0.5,N/A,0.65
XPCA11,Indefinido,7.79,537397.62,0.8,0.1,1.27,3.71,7.88,16.91,1.24,1.31,1.41,9.27,-2.48,-1.24,14.6,"444.337.190,31",10.71,0.73,0.93,12.85,13.9,28.1,0,983.77,94254,N/A,10.0,1.0
XPCI11,Papéis,83.15,1710905.19,0.94,0.88,1.02,3.19,6.58,14.01,1.06,1.1,1.17,2.08,3.86,4.92,8.5,"770.578.224,59",89.57,0.93,0.98,-2.46,-1.5,7.21,14,1308.66,83304,N/A,N/A,1.0
XPCM11,Lajes Corporativas,8.13,17407.1,0.4,0.02,0.2,0.0,0.0,0.0,0.0,0.0,0.0,0.2,-0.87,-0.67,-0.67,"48.789.846,88",29.04,0.28,0.07,-34.13,-34.09,-44.99,1,4465.25,15567,N/A,N/A,0.8
XPHT11,Hotéis,123.0,230869.59,0.66,0.41,0.93,2.91,5.33,10.11,0.97,0.89,0.84,10.11,15.85,16.93,15.37,"581.976.733,73",63.13,1.95,0.65,-33.0,-32.56,-26.69,14,29.85,1268,N/A,N/A,N/A
XPID11,Indefinido,48.45,120111.19,N/A,0.75,1.52,4.59,8.92,15.52,1.53,1.49,1.29,10.06,-1.5,0.0,21.05,N/A,N/A,N/A,N/A,N/A,N/A,N/A,0,2165.03,0,N/A,N/A,0.95
XPIE11,Indefinido,45.1,1176156.0,N/A,0.85,1.75,5.46,11.07,17.05,1.82,1.85,1.42,13.06,-9.68,-8.1,9.87,N/A,N/A,N/A,N/A,N/A,N/A,N/A,0,1228.08,0,N/A,20.0,1.3
XPIN11,Imóveis Industriais e Logísticos,62.04,828821.17,0.83,0.85,1.33,3.78,7.11,14.19,1.26,1.19,1.18,5.96,-9.3,-8.1,-8.59,"534.690.266,89",90.39,0.69,0.94,-12.99,-12.18,-10.9,81,1761.73,37186,N/A,N/A,0.75
XPLG11,Imóveis Industriais e Logísticos,89.9,10816548.05,0.86,0.82,0.79,2.34,4.82,10.11,0.78,0.8,0.84,1.56,-1.73,-0.95,1.11,"5.408.721.355,72",106.03,0.85,0.77,-6.93,-6.21,4.71,24,917.19,344319,0.95,20.0,N/A
XPML11,Shoppings,106.56,14171471.52,0.97,0.92,0.88,2.57,5.18,10.78,0.86,0.86,0.9,5.18,-3.43,-2.58,7.01,"7.034.476.644,18",110.11,0.97,0.84,9.08,10.0,17.87,14,924.3,748369,N/A,20.0,0.75
XPSF11,Fundo de Fundos,6.17,307497.52,0.78,0.07,1.1,3.2,6.38,13.29,1.07,1.06,1.11,7.5,-3.92,-2.86,16.13,"341.027.173,18",7.88,0.78,0.89,-5.63,-4.79,-90.04,14,1257.83,54411,N/A,20.0,1.0
XTED11,Lajes Corporativas,8.82,17641.88,0.68,11.16,N/A,N/A,N/A,N/A,N/A,N/A,N/A,N/A,N/A,N/A,N/A,"67.378.204,04",28.02,0.31,0.0,-0.36,-0.36,-3.45,1,29.46,4098,1.0,N/A,0.2
YUFI11,Fundo de Desenvolvimento,15.0,40.0,0.38,29.23,0.0,0.0,0.0,1.16,0.0,0.0,0.1,2.8,0.0,0.0,N/A,"19.322.334,98",N/A,N/A,N/A,N/A,N/A,N/A,11,51409.57,56,N/A,N/A,N/A
YUFI11B,Indefinido,N/A,N/A,N/A,0.63,0.0,0.0,0.0,0.0,0.0,0.0,0.0,N/A,0.0,0.0,0.0,N/A,105.53,N/A,0.6,-0.01,0.59,6.32,0,N/A,0,N/A,N/A,N/A
ZAGH11,Serviços Financeiros Diversos,9.0,1761.05,0.92,0.05,0.53,1.77,3.06,6.8,0.59,0.51,0.57,3.06,0.54,1.07,2.77,"200.651.360,59",N/A,N/A,N/A,N/A,N/A,N/A,1,5086.95,515,N/A,20.0,1.5
ZAVC11,Indefinido,9.32,7695.62,0.91,0.13,1.44,4.23,8.34,17.6,1.41,1.39,1.47,8.34,-3.32,-1.92,14.86,"35.958.897,94",N/A,N/A,N/A,N/A,N/A,N/A,1,3056.98,830,1.25,20.0,N/A
ZAVI11,Indefinido,9.82,33394.67,0.72,0.12,1.24,3.72,7.22,15.08,1.24,1.2,1.26,8.35,-1.23,-0.0,18.2,"160.177.127,76",N/A,N/A,N/A,N/A,N/A,N/A,9,2316.37,2524,N/A,20.0,1.25
ZIFI11,Fundo de Desenvolvimento,899.89,2701.2,0.59,3.31,0.0,0.0,0.0,0.0,0.0,0.0,0.0,0.0,0.0,0.0,N/A,"72.999.472,52",N/A,N/A,N/A,N/A,N/A,N/A,14,25288.38,91,N/A,N/A,N/A
