;Fundos;Setor;Preço Atual (R$);Liquidez Diária (R$);P/VP;Último Dividendo;Dividend Yield;DY (3M) Acumulado;DY (6M) Acumulado;DY (12M) Acumulado;DY (3M) média;DY (6M) média;DY (12M) média;DY Ano;Variação Preço;Rentab. Período;Rentab. Acumulada;Patrimônio Líquido;VPA;P/VPA;DY Patrimonial;Variação Patrimonial;Rentab. Patr. Período;Rentab. Patr. Acumulada;Quant. Ativos;Volatilidade;Num. Cotistas;Tax. Gestão;Tax. Performance;Tax. Administração
0;AAGR11;Indefinido;9737;6.113,50;;137;1,43 %;3,99 %;8,11 %;15,72 %;1,33 %;1,35 %;1,31 %;8,11 %;-0,45 %;0,98 %;16,09 %;;;;0,00 %;0,00 %;0,00 %;0,00 %;0;6631;0;;;
1;AAZQ11;Indefinido;735;346.578,30;85,0;014;1,82 %;4,46 %;8,78 %;18,11 %;1,49 %;1,46 %;1,51 %;10,84 %;1,36 %;3,21 %;29,28 %;207.923.688,83;865;85,0;1,10 %;0,00 %;0,00 %;0,00 %;0;1919;29.583;;1,20 % a.a;10,00 % a.a
2;ABCP11;Shoppings;8651;78.355,30;81,0;115;1,33 %;3,08 %;5,13 %;11,41 %;1,03 %;0,86 %;0,95 %;5,91 %;5,72 %;7,13 %;41,04 %;506.249.123,04;10750;80,0;0,56 %;17,08 %;17,73 %;26,11 %;1;2248;14.885;;;
3;AFHI11;Papéis;9236;962.277,05;97,0;101;1,11 %;3,30 %;6,64 %;13,17 %;1,10 %;1,11 %;1,10 %;6,64 %;-0,48 %;0,62 %;15,56 %;431.495.256,55;9472;98,0;1,06 %;-0,26 %;0,79 %;7,11 %;14;1144;40.755;;;
4;AGRX11;Indefinido;818;168.553,15;79,0;012;1,59 %;4,39 %;8,21 %;15,20 %;1,46 %;1,37 %;1,27 %;7,33 %;-4,90 %;-3,39 %;18,85 %;186.229.603,24;1027;80,0;1,07 %;0,00 %;0,00 %;0,00 %;0;3171;19.023;;;
5;AIEC11;Lajes Corporativas;4503;251.124,50;58,0;032;0,70 %;2,08 %;3,90 %;14,01 %;0,69 %;0,65 %;1,17 %;6,64 %;-3,58 %;-2,90 %;13,43 %;374.698.865,84;7766;58,0;0,41 %;-16,95 %;-16,61 %;-15,64 %;2;1900;16.802;;;
6;AJFI11;Shoppings;726;315.409,00;60,0;006;0,82 %;2,77 %;5,92 %;11,59 %;0,92 %;0,99 %;0,97 %;5,92 %;0,69 %;1,51 %;13,68 %;384.542.682,67;;;;;;;12;1507;13.139;;;
7;ALMI11;Lajes Corporativas;59999;19.825,36;27,0;526;0,86 %;1,84 %;3,54 %;8,07 %;0,61 %;0,59 %;0,67 %;4,27 %;11,37 %;12,33 %;15,77 %;234.296.086,84;2.046,78;29,0;0,00 %;-0,05 %;-0,05 %;0,90 %;1;4200;1.982;;;
8;ALZC11;Papéis;840;302.551,15;89,0;012;1,34 %;4,05 %;8,21 %;15,01 %;1,35 %;1,37 %;1,25 %;8,21 %;-3,28 %;-1,98 %;4,11 %;189.222.241,40;;;;;;;14;3970;8.539;;;
9;ALZM11;Fundo de Fundos;632;16443;85,0;040;6,30 %;0,00 %;7,55 %;14,22 %;0,00 %;1,26 %;1,19 %;7,55 %;-1,25 %;4,97 %;4,65 %;113.203.496,22;746;85,0;1,07 %;-91,94 %;-91,85 %;-91,51 %;14;1628;12.195;;0,80 % a.a;20,00 % a.a
10;ALZR11;Misto;1025;1.308.647,45;98,0;008;0,80 %;2,45 %;4,96 %;9,62 %;0,82 %;0,83 %;0,80 %;4,96 %;-0,10 %;0,70 %;15,87 %;1.278.573.419,98;1046;98,0;0,78 %;-90,21 %;-90,14 %;-89,35 %;18;1140;160.400;0,70 % a.a;0,25 % a.a;
11;APTO11;Imóveis Residenciais;850;34.113,35;87,0;010;1,14 %;3,27 %;6,55 %;12,91 %;1,09 %;1,09 %;1,08 %;7,64 %;-0,24 %;0,90 %;8,80 %;45.172.206,20;979;87,0;0,92 %;-1,71 %;-0,80 %;13,26 %;3;2072;8.553;;;
12;APXM11;Shoppings;9500;582.369,15;77,0;034;0,36 %;1,20 %;2,43 %;5,18 %;0,40 %;0,41 %;0,43 %;2,43 %;2,65 %;3,02 %;-3,73 %;349.004.015,68;;;;;;;1;5863;617;;;
13;ARCT11;Imóveis Industriais e Logísticos;8713;1.053.903,45;87,0;050;0,00 %;1,30 %;3,82 %;12,55 %;0,43 %;0,64 %;1,05 %;0,00 %;0,00 %;0,00 %;;371.534.654,03;9977;87,0;0,76 %;0,04 %;0,80 %;6,31 %;9;1563;43.228;;;
14;AROA11;Imóveis Industriais e Logísticos;100;10.245,45;106,0;001;0,64 %;1,93 %;3,86 %;7,85 %;0,64 %;0,64 %;0,65 %;4,52 %;-1,96 %;-1,33 %;6,74 %;160.064.820,46;;;;;;;6;3289;4.367;;;
15;ARRI11;Papéis;703;204.769,90;83,0;009;1,26 %;3,73 %;7,40 %;14,46 %;1,24 %;1,23 %;1,21 %;8,58 %;-1,65 %;-0,41 %;-2,93 %;176.432.592,45;851;83,0;1,06 %;-3,95 %;-2,93 %;-89,33 %;1;1582;24.099;;;
16;ARXD11;Papéis;751;54.036,40;83,0;010;1,22 %;3,81 %;7,91 %;15,52 %;1,27 %;1,32 %;1,29 %;9,34 %;1,70 %;2,94 %;10,87 %;82.725.325,77;;;;;;;14;3047;1.688;;;
17;ASMT11;Lajes Corporativas;410;5.519,40;4,0;008;1,12 %;0,00 %;0,00 %;0,00 %;0,00 %;0,00 %;0,00 %;2,19 %;-4,46 %;-3,39 %;-3,83 %;106.393.633,31;;;;;;;3;5832;412;;;
18;ASRF11;Indefinido;10.888,00;49491;112,0;25633;0,00 %;0,00 %;0,00 %;0,00 %;0,00 %;0,00 %;0,00 %;0,00 %;0,00 %;0,00 %;;38.886.260,92;;;;;;;2;3008;68;;;
19;ATSA11;Shoppings;4901;86679;64,0;053;1,06 %;1,54 %;3,78 %;6,07 %;0,51 %;0,63 %;0,51 %;3,78 %;0,02 %;1,08 %;-2,09 %;134.363.358,54;7673;64,0;0,16 %;-5,78 %;-5,64 %;-14,30 %;1;2642;303;;;
20;AURB11;Imóveis Comerciais - Outros;7280;7.720.258,00;100,0;020;0,00 %;0,00 %;0,00 %;0,00 %;0,00 %;0,00 %;0,00 %;0,00 %;0,00 %;0,00 %;;65.213.253,54;;;;;;;2;3799;19;;;
21;AZIN11;;9761;462.646,80;;150;1,58 %;4,84 %;7,95 %;7,95 %;1,61 %;1,33 %;0,66 %;7,95 %;1,38 %;2,98 %;27,32 %;;;;;;;;0;1297;0;;;
22;AZPE11;Papéis;;;;083;0,00 %;0,00 %;0,00 %;0,00 %;0,00 %;0,00 %;0,00 %;0,00 %;0,00 %;0,00 %;;133.607.130,12;;;;;;;6;;7;;;
23;AZPL11;Serviços Financeiros Diversos;754;455.554,65;78,0;009;1,22 %;3,72 %;8,01 %;12,99 %;1,24 %;1,34 %;1,18 %;9,46 %;1,94 %;3,18 %;25,52 %;177.926.752,72;;;;;;;1;3404;6.973;;;
24;BARI11;Papéis;7963;921.980,55;86,0;105;1,33 %;3,97 %;8,29 %;15,48 %;1,32 %;1,38 %;1,29 %;9,77 %;3,32 %;4,70 %;33,43 %;423.333.007,30;9135;87,0;1,09 %;-4,21 %;-3,16 %;1,22 %;2;1887;35.148;;;
25;BBFI11B;Lajes Corporativas;1.257,10;182.918,19;41,0;63423;47,51 %;0,00 %;47,51 %;69,77 %;0,00 %;7,92 %;5,81 %;69,77 %;4,22 %;53,73 %;119,39 %;111.645.834,19;86477;145,0;73,34 %;-60,09 %;-30,81 %;-43,61 %;1;4340;6.989;;;
26;BBFO11;Fundo de Fundos;6408;203.928,50;84,0;078;1,22 %;3,55 %;7,21 %;13,46 %;1,18 %;1,20 %;1,12 %;8,37 %;1,19 %;2,42 %;19,35 %;300.154.156,40;7497;85,0;0,96 %;-8,27 %;-7,39 %;-2,98 %;14;1570;6.958;;;
27;BBGO11;Indefinido;6734;188.269,30;72,0;095;1,38 %;4,23 %;8,11 %;15,89 %;1,41 %;1,35 %;1,32 %;12,12 %;0,50 %;1,88 %;9,04 %;372.341.366,73;9297;72,0;1,02 %;-5,07 %;-4,10 %;3,67 %;0;2009;11.873;;;
28;BBIG11;Serviços Financeiros Diversos;708;702.666,55;75,0;008;1,08 %;3,36 %;7,08 %;13,59 %;1,12 %;1,18 %;1,13 %;8,35 %;0,96 %;2,05 %;22,40 %;935.951.051,06;;;;;;;1;2260;31.432;;;
29;BBIM11;Papéis;;;;010;0,00 %;0,00 %;0,00 %;0,00 %;0,00 %;0,00 %;0,00 %;0,00 %;0,00 %;0,00 %;;66750;;;0,00 %;-100,00 %;0,00 %;0,00 %;14;;20;;;
30;BBPO11;Agências de Bancos;9675;1.815.419,70;80,0;098;1,09 %;3,11 %;6,02 %;11,81 %;1,04 %;1,00 %;0,98 %;11,81 %;-5,06 %;-4,03 %;11,55 %;1.614.021.771,69;10139;95,0;0,97 %;0,88 %;1,85 %;19,24 %;61;1028;68.471;;;
31;BBRC11;Agências de Bancos;9993;78.553,60;95,0;100;1,00 %;3,04 %;6,47 %;12,95 %;1,01 %;1,08 %;1,08 %;7,59 %;-1,26 %;-0,27 %;6,47 %;167.002.549,01;10503;95,0;1,03 %;-2,44 %;-1,44 %;9,78 %;21;1811;9.158;;;
32;BCIA11;Fundo de Fundos;8495;460.477,20;85,0;084;0,97 %;2,93 %;6,14 %;12,25 %;0,98 %;1,02 %;1,02 %;7,30 %;1,79 %;2,78 %;18,95 %;369.009.837,98;9922;86,0;0,85 %;-1,04 %;-0,20 %;4,30 %;14;1770;23.399;;;
33;BCRI11;Papéis;6590;483.809,45;76,0;085;1,28 %;3,78 %;7,71 %;15,82 %;1,26 %;1,29 %;1,32 %;9,12 %;-2,29 %;-1,04 %;26,40 %;541.846.352,43;8659;76,0;0,94 %;-14,19 %;-13,39 %;-6,91 %;14;1672;43.432;;;
34;BDIF11;Indefinido;7619;1.771.659,80;;090;1,19 %;3,95 %;8,21 %;14,90 %;1,32 %;1,37 %;1,24 %;8,21 %;0,21 %;1,40 %;19,14 %;;;;;;;;0;1622;0;;;
35;BDIV11;Indefinido;3940;209.673,65;;160;4,33 %;4,33 %;9,08 %;230,90 %;1,44 %;1,51 %;19,24 %;9,08 %;9,75 %;14,50 %;1,20 %;;;;;;;;0;2294;0;;;
36;BETW11;Indefinido;;;;046;0,00 %;0,00 %;0,00 %;0,00 %;0,00 %;0,00 %;0,00 %;0,00 %;0,00 %;0,00 %;;263.516.302,81;;;;;;;1;;2;;;
37;BICE11;Fundo de Fundos;89900;109.005,50;85,0;357;0,40 %;0,80 %;2,67 %;7,15 %;0,80 %;0,45 %;0,60 %;3,61 %;0,00 %;0,00 %;;141.328.928,01;1.059,33;85,0;0,34 %;6,27 %;6,63 %;14,34 %;14;4647;118;;;
38;BICR11;Papéis;3592;7200;86,0;036;1,02 %;0,00 %;0,00 %;2,78 %;0,00 %;0,00 %;0,23 %;4,52 %;-10,54 %;-9,63 %;-26,97 %;20.805.910,51;4251;84,0;0,85 %;-57,20 %;-56,84 %;-52,66 %;14;4934;641;;;
39;BIDB11;Indefinido;7650;381.774,50;;105;1,34 %;4,03 %;9,15 %;17,02 %;1,34 %;1,53 %;1,42 %;10,73 %;-3,29 %;-1,99 %;18,92 %;;;;;;;;0;1755;0;;;
40;BIME11;Indefinido;705;60.440,70;86,0;009;1,25 %;3,83 %;8,01 %;16,07 %;1,28 %;1,34 %;1,34 %;9,40 %;1,13 %;2,39 %;23,15 %;49.114.285,42;840;84,0;1,07 %;-6,98 %;-5,98 %;0,81 %;3;1748;8.537;;;
41;BINC11;Papéis;9370;496.065,10;;118;1,28 %;2,49 %;6,03 %;9,14 %;0,83 %;1,01 %;1,31 %;7,19 %;1,16 %;2,45 %;13,56 %;;;;;;;;0;2363;0;;;
42;BIPD11;Indefinido;91510;94.906,00;93,0;2119;0,00 %;0,00 %;0,00 %;0,00 %;0,00 %;0,00 %;0,00 %;0,00 %;0,00 %;0,00 %;;109.020.489,19;;;;;;;1;1114;111;;;
43;BLCA11;Indefinido;9050;237.336,80;75,0;050;0,55 %;1,67 %;3,40 %;6,59 %;0,56 %;0,57 %;0,55 %;3,40 %;-4,16 %;-3,64 %;2,42 %;206.618.998,35;12914;70,0;0,39 %;-10,08 %;-9,73 %;27,63 %;1;6660;476;;;
44;BLCP11;Imóveis Industriais e Logísticos;9100;103.127,50;143,0;056;0,63 %;0,00 %;0,00 %;0,00 %;0,00 %;0,00 %;0,00 %;4,26 %;0,00 %;0,00 %;;118.155.565,38;11174;81,0;0,50 %;-0,02 %;0,49 %;15,81 %;14;087;8.102;;;
45;BLMC11;Papéis;8575;150.671,33;134,0;534;0,00 %;0,00 %;0,00 %;0,00 %;0,00 %;0,00 %;0,00 %;0,74 %;0,00 %;0,00 %;;118.155.565,38;9469;91,0;1,13 %;-1,48 %;-0,36 %;2,88 %;14;323;8.102;;;
46;BLMG11;Imóveis Industriais e Logísticos;3858;390.130,80;54,0;035;0,88 %;3,10 %;9,44 %;18,10 %;1,03 %;1,57 %;1,51 %;9,44 %;20,26 %;21,31 %;41,52 %;300.879.899,22;7048;55,0;0,50 %;-26,54 %;-26,17 %;-22,99 %;2;2658;13.205;;;
47;BLMO11;Lajes Corporativas;8400;25.114,33;80,0;058;0,68 %;2,14 %;3,94 %;7,70 %;0,71 %;0,66 %;0,64 %;4,54 %;7,03 %;7,75 %;27,40 %;104.439.245,82;10498;80,0;0,55 %;-99,65 %;-99,64 %;-99,59 %;1;4193;341;;;
48;BLMR11;Fundo de Fundos;678;1.157.702,33;11,0;037;0,00 %;0,00 %;0,00 %;0,00 %;0,00 %;0,00 %;0,00 %;0,00 %;0,00 %;0,00 %;;118.155.565,38;761;89,0;0,70 %;-1,68 %;-0,99 %;1,82 %;14;349;8.102;;;
49;BLOG11;Misto;1099;9523;98,0;007;0,64 %;1,03 %;2,19 %;4,21 %;0,34 %;0,37 %;0,35 %;2,19 %;0,00 %;0,00 %;;346.922.775,80;;;;;;;6;7899;71;;;
50;BLUR11;Papéis;7603;22800;99,0;053;0,82 %;1,55 %;4,01 %;7,66 %;0,52 %;0,67 %;0,64 %;4,01 %;-5,70 %;-4,93 %;-8,58 %;6.903.333,38;;;;;;;14;9258;138;;;
51;BMLC11;Lajes Corporativas;9700;10.929,55;92,0;070;0,73 %;2,19 %;4,41 %;9,06 %;0,73 %;0,74 %;0,76 %;4,41 %;0,72 %;1,46 %;8,39 %;105.634.438,33;10580;92,0;0,65 %;-6,76 %;-6,15 %;2,47 %;1;98633;1.315;;;
52;BNFS11;Agências de Bancos;7393;75.722,10;95,0;100;1,31 %;3,92 %;8,45 %;16,22 %;1,31 %;1,41 %;1,35 %;9,40 %;7,62 %;9,03 %;-5,86 %;54.606.917,74;7801;95,0;1,23 %;-14,65 %;-13,60 %;-8,00 %;18;1973;6.044;;;
53;BODB11;Indefinido;704;1.126.217,85;;009;1,25 %;3,96 %;5,72 %;12,87 %;1,32 %;0,95 %;1,07 %;10,28 %;-2,45 %;-1,23 %;9,99 %;;;;;;;;0;2131;0;;;
54;BPFF11;Fundo de Fundos;5766;326.334,75;81,0;070;1,18 %;3,42 %;6,88 %;13,18 %;1,14 %;1,15 %;1,10 %;8,02 %;0,68 %;1,86 %;17,50 %;321.127.576,73;7148;81,0;0,87 %;-2,74 %;-1,89 %;0,99 %;14;1734;20.749;;;
55;BPLC11;Misto;;;;1442;0,00 %;0,00 %;0,00 %;0,00 %;0,00 %;0,00 %;0,00 %;0,00 %;0,00 %;0,00 %;;322.568.483,31;;;;;;;1;;116;;;
56;BPML11;Shoppings;7985;756.750,50;61,0;092;1,15 %;3,79 %;8,13 %;17,11 %;1,26 %;1,36 %;1,43 %;8,42 %;-2,02 %;-0,90 %;36,06 %;969.090.219,17;13022;61,0;0,82 %;4,38 %;5,24 %;6,24 %;4;1881;5.636;;;
57;BPRP11;Imóveis Industriais e Logísticos;10750;2.150,00;86,0;093;0,00 %;0,00 %;0,00 %;1,73 %;0,00 %;0,00 %;0,14 %;4,54 %;0,00 %;0,00 %;;169.496.975,27;;;;;;;15;464;171;;;
58;BRCO11;Imóveis Industriais e Logísticos;10816;3.097.006,35;92,0;105;0,95 %;2,53 %;5,21 %;10,36 %;0,84 %;0,87 %;0,86 %;6,11 %;1,63 %;2,60 %;23,86 %;1.880.266.030,41;11822;91,0;0,74 %;-2,68 %;-1,97 %;6,68 %;12;1502;119.725;1,00 % a.a;;20,00 % a.a
59;BRCR11;Lajes Corporativas;4326;1.195.236,30;50,0;041;0,90 %;3,12 %;6,87 %;14,01 %;1,04 %;1,15 %;1,17 %;6,87 %;7,90 %;8,87 %;28,41 %;2.303.757.657,28;8648;50,0;0,52 %;-13,57 %;-13,12 %;-14,38 %;6;1452;125.689;1,50 % a.a;0,25 % a.a;
60;BREV11;Lajes Corporativas;10500;532.138,00;165,0;058;0,55 %;0,00 %;0,00 %;0,00 %;0,00 %;0,00 %;0,00 %;10,03 %;0,32 %;0,87 %;22,08 %;118.155.565,38;;;0,00 %;-100,00 %;0,00 %;0,00 %;1;034;8.102;;;
61;BRFT11;Misto;8681;53.664,75;;136;1,67 %;4,73 %;9,83 %;19,14 %;1,58 %;1,64 %;1,60 %;11,25 %;-0,28 %;1,38 %;25,08 %;;;;0,00 %;0,00 %;0,00 %;0,00 %;0;4974;0;;;
62;BRIM11;Fundo de Desenvolvimento;55489;9.871,75;123,0;8056;14,66 %;36,63 %;59,43 %;86,97 %;12,21 %;9,91 %;7,25 %;59,43 %;7,05 %;22,74 %;29,89 %;56.199.528,26;;;;;;;2;13284;677;;;
63;BRIP11;Fundo de Desenvolvimento;73832;10.900,26;103,0;1177;1,28 %;5,11 %;22,47 %;45,28 %;1,70 %;3,75 %;3,77 %;22,47 %;8,27 %;9,66 %;59,89 %;154.243.450,00;;;;;;;10;12763;433;;;
64;BRLA11;Imóveis Industriais e Logísticos;14800;21.194,28;84,0;115;0,78 %;2,38 %;3,11 %;4,64 %;0,79 %;0,52 %;0,39 %;4,64 %;4,99 %;5,81 %;5,06 %;815.145.198,38;16646;89,0;0,69 %;5,36 %;6,09 %;-2,26 %;8;7652;435;;;
65;BROF11;Lajes Corporativas;5269;259.426,15;48,0;060;1,15 %;3,59 %;7,30 %;13,60 %;1,20 %;1,22 %;1,13 %;7,30 %;3,65 %;4,84 %;42,93 %;1.271.108.531,58;;;;;;;2;2309;9.416;;;
66;BRZP11;;14050;1.256.169,15;;092;0,63 %;1,66 %;3,71 %;7,85 %;0,55 %;0,62 %;0,65 %;4,47 %;10,08 %;10,77 %;71,34 %;;;;;;;;0;2221;0;;;
67;BTAG11;Indefinido;9755;43.437,20;;130;0,00 %;2,68 %;14,12 %;719,92 %;0,89 %;2,35 %;59,99 %;676,02 %;0,00 %;0,00 %;;;;;0,00 %;0,00 %;0,00 %;0,00 %;0;3209;0;;;
68;BTAL11;Imóveis Industriais e Logísticos;8135;407.893,05;73,0;090;1,09 %;3,36 %;7,07 %;14,58 %;1,12 %;1,18 %;1,22 %;7,07 %;4,83 %;5,97 %;45,76 %;667.435.390,44;11156;73,0;0,81 %;6,19 %;7,04 %;16,05 %;9;1534;39.755;;;
69;BTCI11;Papéis;923;1.659.580,30;91,0;010;1,09 %;3,25 %;6,62 %;13,08 %;1,08 %;1,10 %;1,09 %;6,62 %;-0,33 %;0,76 %;26,90 %;1.006.765.236,90;;;;;;;14;1613;192.837;;0,95 % a.a;
70;BTCR11;Papéis;8800;571.148,00;138,0;090;0,98 %;0,00 %;0,00 %;0,00 %;0,00 %;0,00 %;0,00 %;12,53 %;-5,96 %;-5,04 %;14,54 %;118.155.565,38;9527;92,0;0,94 %;0,64 %;1,59 %;4,62 %;14;3278;8.102;;;
71;BTHF11;Papéis;879;3.282.299,55;86,0;009;1,06 %;3,42 %;7,50 %;8,77 %;1,14 %;1,25 %;1,25 %;7,50 %;4,96 %;6,07 %;22,56 %;2.092.446.732,71;;;;;;;0;1830;320.258;;1,10 % a.a;
72;BTHI11;Hotéis;4186;15.465,60;61,0;045;1,07 %;3,39 %;5,89 %;11,40 %;1,13 %;0,98 %;0,95 %;6,74 %;7,14 %;8,29 %;9,14 %;634.717.178,48;;;;;;;14;3570;1.374;;;
73;BTLG11;Imóveis Industriais e Logísticos;10000;5.904.124,95;96,0;078;0,78 %;2,37 %;5,03 %;10,12 %;0,79 %;0,84 %;0,84 %;5,03 %;0,69 %;1,48 %;21,67 %;4.502.075.338,94;10410;96,0;0,75 %;5,40 %;6,19 %;11,67 %;28;1452;388.958;;0,90 % a.a;
74;BTML11;Lajes Corporativas;10137;;79,0;087;0,00 %;0,86 %;3,48 %;7,03 %;0,86 %;0,58 %;0,59 %;4,59 %;0,00 %;0,00 %;;144.884.358,37;;;;;;;2;262;1;;;
75;BTRA11;Indefinido;5486;105.466,10;50,0;040;0,73 %;1,95 %;4,12 %;8,69 %;0,65 %;0,69 %;0,72 %;4,12 %;-3,08 %;-2,38 %;44,53 %;375.340.396,09;11156;49,0;0,36 %;-19,57 %;-19,28 %;14,94 %;6;2649;12.766;;;
76;BTSG11;Imóveis Industriais e Logísticos;15810;2765;104,0;095;0,00 %;0,60 %;2,40 %;4,78 %;0,60 %;0,40 %;0,40 %;3,00 %;0,00 %;0,00 %;;117.817.642,03;15202;104,0;0,62 %;10,44 %;11,13 %;22,39 %;1;3547;107;;;
77;BTSI11;Misto;11160;55800;95,0;078;0,00 %;1,41 %;3,51 %;6,24 %;0,47 %;0,59 %;0,52 %;3,51 %;0,00 %;0,00 %;;665.173.754,01;;;;;;;5;2601;193;;;
78;BTWR11;Fundo de Desenvolvimento;10549;1585;92,0;065;0,00 %;0,57 %;2,19 %;4,45 %;0,57 %;0,37 %;0,37 %;2,72 %;0,00 %;0,00 %;;92.384.468,39;11416;92,0;0,53 %;1,92 %;2,46 %;10,70 %;1;3487;140;;;
79;BTYU11;Incorporações;1021;8.696,15;99,0;013;1,25 %;4,24 %;7,87 %;14,90 %;1,41 %;1,31 %;1,24 %;7,87 %;12,08 %;13,48 %;11,04 %;306.327.858,77;;;;;;;14;6904;302;;;
80;BZEL11;Misto;;;;509;0,00 %;0,00 %;0,00 %;0,00 %;0,00 %;0,00 %;0,00 %;0,00 %;0,00 %;0,00 %;;514.394.197,56;;;;;;;14;;3;;;
81;CACR11;Papéis;9962;1.164.173,25;103,0;145;1,43 %;4,35 %;8,88 %;17,82 %;1,45 %;1,48 %;1,49 %;10,57 %;6,08 %;7,59 %;30,15 %;465.525.804,20;9626;103,0;1,42 %;-7,02 %;-5,70 %;31,70 %;14;1955;24.387;;1,00 % a.a;20,00 % a.a
82;CARE11;Misto;119;9.107,55;17,0;001;1,13 %;0,00 %;0,00 %;0,00 %;0,00 %;0,00 %;0,00 %;6,79 %;-2,63 %;-1,53 %;-2,26 %;250.071.515,43;160;74,0;0,10 %;-0,24 %;-0,14 %;3,56 %;14;4128;11.727;;;
83;CBOP11;Lajes Corporativas;2253;35.958,95;34,0;010;0,44 %;1,19 %;2,64 %;4,08 %;0,40 %;0,44 %;0,34 %;3,09 %;-21,96 %;-21,61 %;0,24 %;95.046.876,15;6717;34,0;0,15 %;-9,01 %;-8,87 %;-18,79 %;1;4751;2.299;;;
84;CCME11;Indefinido;898;245.230,95;86,0;008;0,96 %;2,90 %;5,98 %;11,36 %;0,97 %;1,00 %;0,95 %;5,98 %;-2,34 %;-1,40 %;20,58 %;707.903.548,89;;;;;;;2;3226;8.268;;;
85;CCRF11;Papéis;9250;1.276,82;145,0;350;0,00 %;0,00 %;0,00 %;0,00 %;0,00 %;0,00 %;0,00 %;0,00 %;0,00 %;0,00 %;;118.155.565,38;9323;99,0;3,76 %;-2,86 %;0,79 %;3,55 %;14;806;8.102;;;
86;CCVA11;Indefinido;9897;159.202,27;101,0;058;0,00 %;0,47 %;2,29 %;3,92 %;0,47 %;0,38 %;0,39 %;2,29 %;0,00 %;0,00 %;;60.366.056,49;;;;;;;1;468;1;;;
87;CDII11;Indefinido;10544;2.934.106,20;;140;1,32 %;3,80 %;7,37 %;14,44 %;1,27 %;1,23 %;1,20 %;8,49 %;3,25 %;4,61 %;17,40 %;;;;;;;;0;1448;0;;;
88;CEOC11;Lajes Corporativas;4250;26.848,45;58,0;047;1,14 %;3,57 %;7,29 %;14,37 %;1,19 %;1,22 %;1,20 %;7,29 %;5,81 %;7,02 %;23,57 %;132.303.061,43;7287;58,0;0,66 %;-7,53 %;-6,92 %;-15,10 %;1;1974;4.151;;;
89;CFHI11;Fundo de Desenvolvimento;33170;1.327,00;66,0;15800;0,00 %;2,63 %;23,53 %;23,53 %;0,88 %;3,92 %;2,61 %;23,53 %;0,00 %;0,00 %;;47.493.002,75;;;;;;;8;9380;101;;;
90;CFII11;Indefinido;86366;8630;73,0;16000;0,00 %;4,09 %;13,43 %;13,43 %;1,36 %;2,24 %;2,24 %;13,43 %;0,00 %;0,00 %;;149.921.259,84;;;;;;;5;5616;112;;;
91;CIXM11;Misto;904;220.499,50;23,0;015;0,00 %;0,00 %;0,00 %;0,00 %;0,00 %;0,00 %;0,00 %;0,00 %;0,00 %;0,00 %;;240.872.963,03;;;;;;;14;;108;;;
92;CJCT11;Lajes Corporativas;5870;6.583,20;79,0;034;0,55 %;1,25 %;2,01 %;3,20 %;0,42 %;0,34 %;0,27 %;2,41 %;8,96 %;9,56 %;24,43 %;229.445.585,54;5790;101,0;0,00 %;0,58 %;0,58 %;0,58 %;1;2985;893;;;
93;CLIN11;Fundo de Fundos;9234;963.950,55;94,0;115;1,27 %;3,90 %;7,81 %;14,73 %;1,30 %;1,30 %;1,23 %;7,81 %;2,19 %;3,49 %;25,16 %;423.154.177,74;;;;;;;14;1903;11.574;;;
94;CNES11;Lajes Corporativas;110;101.881,70;15,0;000;0,37 %;1,53 %;3,94 %;7,42 %;0,51 %;0,66 %;0,62 %;3,94 %;4,00 %;4,38 %;5,01 %;258.296.086,90;757;15,0;0,08 %;-91,54 %;-91,53 %;-91,16 %;1;2598;93.825;;;
95;COPP11;Lajes Corporativas;10300;1.827.632,00;94,0;075;0,00 %;0,00 %;0,00 %;0,00 %;0,00 %;0,00 %;0,00 %;0,00 %;0,00 %;0,00 %;;487.089.493,06;;;;;;;7;1775;125;;;
96;CORM11;Lajes Corporativas;;;;077;0,90 %;2,76 %;5,35 %;11,38 %;0,92 %;0,89 %;0,95 %;6,20 %;-2,97 %;-2,10 %;-4,27 %;;9056;;0,89 %;-2,33 %;-1,45 %;0,21 %;0;;0;;;
97;CPFF11;Fundo de Fundos;6990;29.215,43;112,0;499;0,00 %;0,00 %;2,02 %;7,43 %;0,00 %;0,34 %;0,62 %;1,47 %;0,00 %;0,00 %;;67.464.811,29;7276;96,0;0,69 %;-5,85 %;-5,20 %;0,06 %;14;1769;6.536;;;
98;CPFO11;Fundo de Fundos;;;;3142;0,00 %;0,00 %;0,00 %;0,00 %;0,00 %;0,00 %;0,00 %;0,00 %;0,00 %;0,00 %;;118.155.565,38;;;;;;;14;;8.102;;;
99;CPLG11;Misto;1175;8.129.866,20;121,0;003;0,26 %;1,32 %;5,64 %;7,49 %;0,44 %;0,94 %;1,07 %;4,16 %;3,99 %;4,26 %;18,24 %;332.384.617,71;;;;;;;1;3850;576;;;
100;CPOF11;Misto;10849;3.695.950,86;99,0;065;0,60 %;1,16 %;2,96 %;6,24 %;0,39 %;0,49 %;0,52 %;2,96 %;0,00 %;0,00 %;;487.089.493,06;;;;;;;7;4389;125;;;
101;CPSH11;Indefinido;970;2.639.831,10;82,0;010;1,04 %;3,22 %;6,70 %;13,45 %;1,07 %;1,12 %;1,12 %;6,70 %;1,05 %;2,10 %;22,52 %;943.034.161,92;;;;;;;7;1459;21.501;;;
102;CPTI11;Indefinido;8274;1.682.650,80;;100;1,20 %;3,61 %;7,49 %;14,73 %;1,20 %;1,25 %;1,23 %;8,74 %;-0,38 %;0,81 %;14,20 %;;;;;;;;0;1626;0;;;
103;CPTR11;Indefinido;742;256.955,85;75,0;011;1,53 %;4,17 %;6,49 %;11,76 %;1,39 %;1,08 %;0,98 %;6,49 %;-1,37 %;0,14 %;-2,80 %;195.540.432,99;986;75,0;1,01 %;-90,01 %;-89,91 %;-89,76 %;0;1765;22.255;;;
104;CPTS11;Papéis;752;5.663.944,00;85,0;009;1,22 %;3,57 %;7,25 %;13,75 %;1,19 %;1,21 %;1,15 %;7,25 %;-2,47 %;-1,28 %;25,89 %;2.922.624.878,92;890;84,0;0,96 %;-89,97 %;-89,88 %;-89,78 %;14;1581;355.297;0,82 % a.a;;
105;CRAA11;Indefinido;9660;740.154,30;94,0;125;0,00 %;2,58 %;6,44 %;12,97 %;0,86 %;1,07 %;1,08 %;7,05 %;0,00 %;0,00 %;;241.974.292,21;10211;95,0;1,13 %;0,00 %;0,00 %;0,00 %;0;1495;8.749;;;
106;CRFF11;Fundo de Fundos;7199;2.003,05;93,0;061;0,84 %;2,45 %;5,35 %;10,73 %;0,82 %;0,89 %;0,89 %;6,33 %;-3,83 %;-3,03 %;18,03 %;56.531.307,45;8192;88,0;0,74 %;-2,48 %;-1,75 %;3,75 %;14;3867;1.251;;;
107;CSMC11;Indefinido;;;;1235;0,00 %;0,00 %;0,00 %;0,00 %;0,00 %;0,00 %;0,00 %;0,00 %;0,00 %;0,00 %;;1.698.412.522,46;;;;;;;8;;1;;;
108;CTXT11;Lajes Corporativas;568;64025;22,0;001;0,04 %;0,00 %;0,00 %;0,00 %;0,00 %;0,00 %;0,00 %;1,34 %;1,40 %;1,44 %;-49,65 %;101.914.675,76;4833;12,0;0,19 %;-0,10 %;0,09 %;0,54 %;1;5864;2.309;;;
109;CVBI11;Papéis;8597;2.174.604,25;93,0;105;1,24 %;3,79 %;7,88 %;14,47 %;1,26 %;1,31 %;1,21 %;7,88 %;-0,09 %;1,14 %;25,82 %;1.015.164.163,85;9220;93,0;1,14 %;-1,77 %;-0,65 %;6,00 %;14;1874;87.096;0,90 % a.a;0,10 % a.a;
110;CVPR11;Indefinido;;;;086;0,00 %;0,00 %;0,00 %;0,00 %;0,00 %;0,00 %;0,00 %;0,00 %;0,00 %;0,00 %;;59.353.110,51;;;;;;;14;;3;;;
111;CXAG11;Agências de Bancos;7323;75.825,45;63,0;117;1,55 %;3,50 %;6,54 %;12,63 %;1,17 %;1,09 %;1,05 %;7,61 %;3,62 %;5,22 %;20,02 %;243.071.453,86;11627;63,0;0,60 %;1,41 %;2,02 %;21,45 %;32;1204;11.904;;;
112;CXCE11B;Lajes Corporativas;4401;9.205,00;60,0;043;1,09 %;3,25 %;6,56 %;12,24 %;1,08 %;1,09 %;1,02 %;12,24 %;0,18 %;1,27 %;3,73 %;110.543.765,88;6453;68,0;0,67 %;-1,63 %;-0,97 %;0,19 %;1;2221;3.247;;;
113;CXCI11;Indefinido;6775;152.092,30;79,0;075;1,10 %;3,39 %;7,06 %;13,52 %;1,13 %;1,18 %;1,13 %;7,06 %;1,66 %;2,78 %;15,47 %;175.172.814,49;8513;80,0;0,88 %;-8,57 %;-7,77 %;-5,78 %;14;1994;5.365;;;
114;CXCO11;Lajes Corporativas;6044;114.881,25;62,0;104;1,67 %;3,95 %;7,53 %;14,08 %;1,32 %;1,26 %;1,17 %;9,05 %;6,58 %;8,36 %;28,70 %;377.307.090,76;9614;63,0;0,68 %;-3,18 %;-2,52 %;9,84 %;10;2349;12.647;;;
115;CXRI11;Fundo de Fundos;6386;8.271,55;78,0;059;0,94 %;2,77 %;5,68 %;10,87 %;0,92 %;0,95 %;0,91 %;6,63 %;-1,81 %;-0,89 %;3,07 %;128.527.425,60;8157;78,0;0,72 %;-1,31 %;-0,59 %;4,02 %;1;3940;1.835;;;
116;CXTL11;Imóveis Industriais e Logísticos;21500;3.167,00;52,0;215;1,00 %;1,80 %;4,84 %;10,56 %;0,60 %;0,81 %;0,88 %;5,92 %;-4,04 %;-3,08 %;17,68 %;22.308.895,24;41623;52,0;0,43 %;-14,97 %;-14,60 %;-28,40 %;1;6015;645;;;
117;CYCR11;Indefinido;879;460.519,00;94,0;012;1,29 %;3,87 %;7,75 %;14,75 %;1,29 %;1,29 %;1,23 %;8,96 %;0,90 %;2,20 %;24,75 %;343.591.218,92;940;94,0;1,17 %;-1,47 %;-0,31 %;-89,25 %;14;1694;18.197;;;
118;DAMA11;Misto;700;84.749,90;83,0;008;1,15 %;3,41 %;5,94 %;11,88 %;1,14 %;0,99 %;1,08 %;5,94 %;5,17 %;6,37 %;-13,79 %;47.006.370,53;;;;;;;14;3432;737;;;
119;DAMT11B;Shoppings;1145;2300;82,0;004;0,33 %;0,00 %;0,00 %;0,00 %;0,00 %;0,00 %;0,00 %;0,33 %;-17,00 %;-16,72 %;-16,72 %;247.477.100,79;;;;;;;2;1175;518;;;
120;DCRA11;Indefinido;757;63.533,10;79,0;009;1,19 %;3,74 %;8,27 %;17,05 %;1,25 %;1,38 %;1,42 %;8,27 %;0,53 %;1,73 %;28,09 %;64.842.582,59;962;79,0;0,94 %;0,00 %;0,00 %;0,00 %;0;1928;16.397;;;
121;DEVA11;Papéis;3438;600.227,25;35,0;045;1,36 %;4,33 %;9,03 %;17,40 %;1,44 %;1,51 %;1,45 %;9,03 %;12,21 %;13,74 %;29,87 %;1.364.941.367,90;9718;35,0;0,47 %;-4,07 %;-3,61 %;15,58 %;14;2421;89.640;1,00 % a.a;0,20 % a.a;10,00 % a.a
122;DLMT11;Varejo;;;;001;0,00 %;0,00 %;0,00 %;0,00 %;0,00 %;0,00 %;0,00 %;0,00 %;0,00 %;0,00 %;;8.606.369,40;;;;;;;7;;9;;;
123;DPRO11;Indefinido;616;80370;68,0;006;0,89 %;2,78 %;5,90 %;11,27 %;0,93 %;0,98 %;0,94 %;5,90 %;5,61 %;6,55 %;13,94 %;45.748.996,70;;;;;;;1;5049;746;;;
124;DRIT11B;Lajes Corporativas;8330;1.547,00;62,0;053;0,63 %;1,94 %;3,25 %;13,98 %;0,65 %;0,54 %;1,17 %;1,94 %;17,70 %;18,44 %;16,76 %;60.485.010,41;13056;64,0;0,46 %;-1,36 %;-0,91 %;7,46 %;4;2985;348;;;
125;DVFF11;Fundo de Fundos;595;15.796,40;76,0;007;1,04 %;3,09 %;6,71 %;13,20 %;1,03 %;1,12 %;1,10 %;6,71 %;-1,11 %;-0,08 %;12,48 %;92.422.998,40;839;71,0;0,72 %;-90,79 %;-90,72 %;-89,87 %;14;2493;1.840;;;
126;EDFO11B;Lajes Corporativas;22998;7.938,50;56,0;049;0,42 %;2,45 %;5,30 %;11,89 %;0,82 %;0,88 %;0,99 %;3,59 %;-0,22 %;0,20 %;-17,93 %;49.670.858,85;21047;109,0;0,60 %;9,69 %;10,35 %;20,16 %;1;18193;490;;;
127;EDGA11;Lajes Corporativas;1645;7.887,00;35,0;008;0,49 %;1,57 %;3,48 %;5,50 %;0,52 %;0,58 %;0,46 %;3,48 %;-3,59 %;-3,11 %;6,65 %;179.048.455,54;4697;35,0;0,19 %;-23,38 %;-23,23 %;-28,04 %;1;2088;4.065;;;
128;EGAF11;Indefinido;9336;699.910,75;94,0;134;1,41 %;4,40 %;9,06 %;17,90 %;1,47 %;1,51 %;1,49 %;10,59 %;1,67 %;3,10 %;32,87 %;310.433.736,27;9912;94,0;1,33 %;0,00 %;0,00 %;0,00 %;0;1282;11.389;;;
129;ENDD11;Indefinido;10690;673.002,05;;016;0,15 %;0,15 %;5,10 %;12,85 %;0,15 %;0,85 %;1,07 %;0,15 %;9,99 %;10,15 %;10,15 %;;;;;;;;0;1723;0;;;
130;EQIA11;Fiagro;;;;045;;;;;;;;;;;;;;;;;;;0;;0;;;
131;EQIR11;Indefinido;789;144.302,40;82,0;010;1,25 %;3,84 %;7,86 %;15,24 %;1,28 %;1,31 %;1,27 %;7,86 %;1,52 %;2,79 %;29,52 %;104.475.253,96;958;82,0;1,04 %;-1,84 %;-0,82 %;-89,60 %;14;1527;10.208;;;
132;ERCR11;Varejo;15.707,85;;86,0;18725;0,00 %;0,00 %;4,98 %;16,74 %;0,00 %;0,83 %;1,40 %;0,93 %;0,00 %;0,00 %;;43.432.438,44;18.279,65;86,0;15,84 %;-72,52 %;-68,17 %;-66,24 %;14;2327;10;;;
133;ERPA11;Lajes Corporativas;12799;51.162,50;80,0;094;0,00 %;0,75 %;2,67 %;5,87 %;0,75 %;0,45 %;0,49 %;3,29 %;0,00 %;0,00 %;;79.904.602,68;15952;80,0;0,60 %;16,38 %;17,07 %;44,02 %;2;4030;491;;;
134;ESUD11;Indefinido;31599;1.579,95;;7293;23,08 %;0,00 %;0,00 %;23,08 %;0,00 %;0,00 %;5,77 %;23,08 %;0,00 %;0,00 %;;;;;;;;;0;2687;0;;;
135;ESUT11;Indefinido;3200;60952;;6749;210,90 %;0,00 %;0,00 %;210,90 %;0,00 %;0,00 %;52,73 %;210,90 %;0,00 %;0,00 %;;;;;;;;;0;996;0;;;
136;ESUU11;Indefinido;3200;3.200,00;;6384;199,49 %;0,00 %;0,00 %;199,49 %;0,00 %;0,00 %;49,87 %;199,49 %;0,00 %;0,00 %;;;;;;;;;0;998;0;;;
137;EURO11;Imóveis Industriais e Logísticos;24202;33.358,75;73,0;197;0,83 %;2,52 %;5,18 %;10,35 %;0,84 %;0,86 %;0,86 %;6,12 %;2,56 %;3,42 %;20,35 %;126.513.023,13;32952;73,0;0,59 %;1,48 %;2,07 %;13,70 %;7;2688;2.108;;;
138;EVBI11;Misto;950;32.194,42;103,0;011;1,05 %;2,88 %;5,14 %;9,85 %;0,96 %;0,86 %;0,82 %;9,85 %;5,74 %;6,85 %;23,48 %;411.540.046,98;986;96,0;0,96 %;-90,11 %;-90,02 %;-89,22 %;13;1499;1.313;;;
139;EXES11;Indefinido;940;6.689,95;97,0;013;1,38 %;4,16 %;8,33 %;14,75 %;1,39 %;1,39 %;1,23 %;8,33 %;-0,53 %;0,85 %;22,64 %;69.114.923,37;;;;;;;14;1720;644;;;
140;FAED11;Educacional;14712;51.547,40;66,0;171;1,17 %;3,65 %;7,40 %;14,65 %;1,22 %;1,23 %;1,22 %;7,40 %;7,76 %;9,02 %;25,77 %;153.761.686,50;22208;66,0;0,77 %;2,04 %;2,83 %;9,43 %;4;1883;4.244;;;
141;FAMB11B;Lajes Corporativas;60999;47.041,93;18,0;1.001,61;0,00 %;0,00 %;0,00 %;0,00 %;0,00 %;0,00 %;0,00 %;0,00 %;0,00 %;0,00 %;;424.524.340,32;3.593,26;17,0;0,25 %;0,53 %;0,79 %;12,82 %;1;4701;2.173;;;
142;FAOE11;Indefinido;92690;;1453,0;1116;0,00 %;0,00 %;0,00 %;0,00 %;0,00 %;0,00 %;0,00 %;0,00 %;0,00 %;0,00 %;;118.155.565,38;;;;;;;3;;8.102;;;
143;FATN11;Lajes Corporativas;7625;1.568.716,10;78,0;080;1,04 %;3,14 %;6,43 %;12,80 %;1,05 %;1,07 %;1,07 %;7,57 %;-0,63 %;0,40 %;8,39 %;440.823.235,39;9854;77,0;0,81 %;-0,47 %;0,33 %;5,81 %;56;827;17.455;;;
144;FCFL11;Educacional;12552;451.306,15;103,0;091;0,72 %;2,24 %;4,72 %;9,48 %;0,75 %;0,79 %;0,79 %;4,72 %;5,97 %;6,73 %;28,19 %;428.030.009,71;12321;102,0;0,73 %;6,06 %;6,83 %;25,94 %;1;1772;3.313;;;
145;FEXC11;Papéis;8350;860.137,12;10,0;050;0,00 %;1,08 %;4,14 %;11,48 %;0,36 %;0,69 %;0,96 %;0,00 %;0,00 %;0,00 %;;1.001.470.167,13;9075;92,0;0,99 %;-1,13 %;-0,15 %;7,12 %;0;1457;36.232;;;
146;FGAA11;Indefinido;877;1.003.753,75;93,0;006;0,69 %;2,76 %;6,41 %;14,77 %;0,92 %;1,07 %;1,23 %;10,30 %;3,44 %;4,15 %;43,11 %;425.902.964,23;945;93,0;0,63 %;0,00 %;0,00 %;0,00 %;0;1332;49.834;;;
147;FIGS11;Shoppings;4535;93.499,40;60,0;048;1,04 %;3,03 %;6,10 %;11,56 %;1,01 %;1,02 %;0,96 %;7,08 %;2,85 %;3,92 %;8,55 %;217.110.468,11;7618;60,0;0,59 %;-0,39 %;0,20 %;-19,40 %;2;1634;12.310;;;
148;FIIB11;Imóveis Industriais e Logísticos;50890;134.688,85;107,0;400;0,78 %;2,33 %;4,67 %;9,40 %;0,78 %;0,78 %;0,78 %;5,47 %;1,33 %;2,12 %;14,71 %;325.609.328,44;47534;107,0;0,82 %;3,00 %;3,85 %;14,19 %;9;1273;15.464;;;
149;FIIP11B;Imóveis Industriais e Logísticos;16137;1.172,80;73,0;140;0,96 %;2,95 %;5,92 %;10,89 %;0,98 %;0,99 %;0,91 %;4,03 %;-1,78 %;-0,84 %;6,81 %;184.360.354,72;19884;81,0;0,70 %;6,81 %;7,56 %;8,46 %;7;1196;6.586;;;
150;FISC11;Lajes Corporativas;6400;5.415,20;56,0;049;0,77 %;2,36 %;4,67 %;9,45 %;0,79 %;0,78 %;0,79 %;5,46 %;-3,03 %;-2,28 %;8,86 %;194.113.800,82;11418;56,0;0,45 %;-0,76 %;-0,32 %;0,17 %;5;8699;212;;;
151;FLCR11;Papéis;9648;61.595,65;103,0;115;1,20 %;3,60 %;7,72 %;15,58 %;1,20 %;1,29 %;1,30 %;7,72 %;1,79 %;3,01 %;16,00 %;70.565.807,18;9501;102,0;1,21 %;-3,46 %;-2,30 %;7,45 %;1;879;2.996;;;
152;FLFL11;Fundo de Desenvolvimento;;;;018;0,00 %;0,00 %;0,00 %;0,00 %;0,00 %;0,00 %;0,00 %;0,00 %;0,00 %;0,00 %;;477.445.525,57;;;;;;;1;;1;;;
153;FLMA11;Lajes Corporativas;13295;68.973,70;60,0;108;0,81 %;2,53 %;4,68 %;10,06 %;0,84 %;0,78 %;0,84 %;5,65 %;2,89 %;3,73 %;11,39 %;304.451.604,15;22051;60,0;0,42 %;37,60 %;38,18 %;50,81 %;2;2101;12.378;;;
154;FLRP11;Shoppings;2076;21.275,05;102,0;029;1,38 %;2,78 %;5,06 %;9,26 %;0,93 %;0,84 %;0,77 %;5,81 %;2,54 %;3,95 %;23,14 %;148.245.528,43;2045;102,0;0,68 %;-98,88 %;-98,87 %;-98,74 %;1;4611;1.112;;;
155;FMOF11;Lajes Corporativas;7100;4.753,27;61,0;051;0,65 %;1,81 %;3,92 %;6,88 %;0,60 %;0,65 %;0,57 %;5,90 %;0,83 %;1,48 %;62,48 %;58.882.264,31;11591;61,0;0,35 %;-2,26 %;-1,92 %;-4,98 %;2;7324;241;;;
156;FPAB11;Lajes Corporativas;19552;1.808.476,80;55,0;130;0,00 %;1,41 %;3,67 %;6,07 %;0,47 %;0,61 %;0,51 %;3,67 %;0,00 %;0,00 %;;265.824.110,63;35443;55,0;0,37 %;-5,49 %;-5,14 %;-9,00 %;3;6100;732;;;
157;FPOR11;Indefinido;2200;22000;;004;0,18 %;0,18 %;0,18 %;0,18 %;0,18 %;0,18 %;0,18 %;0,18 %;0,00 %;0,00 %;;;;;;;;;0;14672;0;;;
158;FRHY11;Indefinido;;;;103;0,00 %;0,00 %;0,00 %;0,00 %;0,00 %;0,00 %;0,00 %;0,00 %;0,00 %;0,00 %;;2.174.862,56;;;;;;;14;;7;;;
159;FTCA11;Indefinido;842;56.110,40;79,0;012;0,00 %;0,00 %;0,00 %;0,00 %;0,00 %;0,00 %;0,00 %;0,00 %;0,00 %;0,00 %;;47.393.296,89;1063;79,0;1,13 %;0,00 %;0,00 %;0,00 %;0;2234;7.950;1,10 % a.a;;
160;FVPQ11;Shoppings;7207;47.463,20;41,0;078;1,11 %;3,76 %;6,92 %;12,11 %;1,25 %;1,15 %;1,01 %;8,45 %;19,03 %;20,35 %;71,96 %;487.629.473,79;17414;41,0;0,29 %;-9,43 %;-9,17 %;-7,66 %;1;2882;4.043;;;
161;FZDA11;Indefinido;12000;65900;68,0;411;3,40 %;3,40 %;3,40 %;3,40 %;1,70 %;1,70 %;1,70 %;3,40 %;-0,69 %;2,69 %;2,69 %;269.009.449,76;17355;69,0;2,37 %;0,00 %;0,00 %;0,00 %;0;7479;313;;;
162;FZDB11;Indefinido;13114;39300;78,0;421;3,32 %;3,32 %;3,32 %;3,32 %;3,32 %;3,32 %;3,32 %;3,32 %;21,43 %;25,46 %;25,46 %;608.151.488,14;16893;78,0;2,49 %;0,00 %;0,00 %;0,00 %;0;4747;115;;;
163;GAME11;Indefinido;872;89.490,40;93,0;010;1,13 %;3,42 %;6,96 %;13,65 %;1,14 %;1,16 %;1,14 %;6,96 %;-0,35 %;0,77 %;15,97 %;202.710.623,97;934;93,0;1,02 %;-5,08 %;-4,12 %;-98,88 %;14;1285;22.145;;;
164;GARE11;Imóveis Industriais e Logísticos;904;4.417.026,95;100,0;008;0,93 %;2,82 %;6,00 %;12,57 %;0,94 %;1,00 %;1,05 %;7,15 %;2,63 %;3,59 %;16,04 %;1.330.708.299,60;;;;;;;4;1420;371.434;;1,00 % a.a;20,00 % a.a
165;GCFF11;Fundo de Fundos;6930;87.694,83;109,0;307;0,00 %;0,00 %;0,00 %;0,00 %;0,00 %;0,00 %;0,00 %;4,27 %;0,00 %;0,00 %;;118.155.565,38;7731;90,0;0,97 %;-5,00 %;-4,08 %;-7,97 %;1;115;8.102;;;
166;GCOI11;Indefinido;9890;36.791,00;102,0;081;0,00 %;0,00 %;0,00 %;0,00 %;0,00 %;0,00 %;0,00 %;0,00 %;0,00 %;0,00 %;;10.955.245,97;;;;;;;5;341;381;;;
167;GCRA11;Indefinido;5161;75.075,65;60,0;066;1,31 %;3,96 %;8,18 %;16,36 %;1,32 %;1,36 %;1,36 %;8,18 %;1,51 %;2,84 %;40,95 %;151.382.237,06;8646;60,0;0,76 %;-11,77 %;-11,10 %;0,22 %;0;2429;7.489;;;
168;GCRI11;Papéis;6673;133.550,00;73,0;087;1,36 %;4,20 %;8,80 %;17,53 %;1,40 %;1,47 %;1,46 %;8,80 %;2,46 %;3,85 %;28,50 %;131.693.014,39;9058;74,0;0,96 %;-4,02 %;-3,09 %;-1,02 %;14;1853;4.447;;;
169;GESE11B;Educacional;1.520,00;;2382,0;1.112,72;0,00 %;0,00 %;0,00 %;0,00 %;0,00 %;0,00 %;0,00 %;0,00 %;0,00 %;0,00 %;;118.155.565,38;1.119,08;136,0;104,32 %;-36,85 %;29,02 %;33,17 %;14;;8.102;;;
170;GGRC11;Imóveis Industriais e Logísticos;1000;2.860.339,45;89,0;011;1,04 %;3,05 %;6,26 %;12,25 %;1,02 %;1,04 %;1,02 %;7,27 %;0,80 %;1,85 %;14,55 %;1.551.147.380,39;1119;89,0;0,89 %;-91,00 %;-90,92 %;-90,68 %;27;1279;173.976;1,10 % a.a;;
171;GLOG11;Imóveis Industriais e Logísticos;6254;29.360,90;58,0;041;0,65 %;2,05 %;4,50 %;9,93 %;0,68 %;0,75 %;0,83 %;5,46 %;7,13 %;7,83 %;22,97 %;81.449.272,89;;;;;;;1;2649;2.070;;;
172;GRUL11;Logística;817;318.190,50;85,0;011;1,31 %;3,91 %;8,41 %;13,04 %;1,30 %;1,40 %;1,63 %;10,14 %;1,33 %;2,65 %;27,60 %;237.249.793,06;;;;;;;1;3577;5.157;;;
173;GRWA11;Indefinido;816;8.291,10;83,0;006;0,75 %;2,55 %;6,16 %;13,49 %;0,85 %;1,03 %;1,12 %;6,16 %;-12,24 %;-11,58 %;7,26 %;27.524.699,71;998;82,0;0,60 %;0,00 %;0,00 %;0,00 %;0;3113;2.341;;;
174;GSFI11;Shoppings;822;2.733.420,85;63,0;000;0,03 %;0,03 %;0,03 %;0,03 %;0,01 %;0,00 %;0,00 %;0,03 %;0,00 %;0,03 %;0,03 %;1.250.379.586,45;1190;69,0;0,01 %;0,01 %;0,02 %;0,02 %;9;1696;6.591;;;
175;GTLG11;Imóveis Industriais e Logísticos;6399;22.885,25;100,0;6062;0,00 %;0,00 %;0,00 %;0,00 %;0,00 %;0,00 %;0,00 %;37,59 %;0,00 %;0,00 %;;118.155.565,38;6062;106,0;100,00 %;-35,83 %;28,33 %;35,22 %;1;3461;8.102;;;
176;GTWR11;Lajes Corporativas;7687;587.524,75;77,0;087;1,11 %;3,43 %;7,20 %;14,04 %;1,14 %;1,20 %;1,17 %;8,45 %;1,80 %;2,93 %;26,71 %;1.197.004.018,02;9975;77,0;0,83 %;5,33 %;6,21 %;11,81 %;3;1315;36.390;;;
177;GURB11;Indefinido;10800;5.000.076,00;85,0;070;0,65 %;0,00 %;0,00 %;0,00 %;0,00 %;0,00 %;0,00 %;0,65 %;0,00 %;0,00 %;;144.884.358,37;;;;;;;2;117;1;;;
178;GZIT11;Indefinido;4640;387.415,35;51,0;078;1,65 %;4,91 %;10,65 %;21,42 %;1,64 %;1,78 %;1,79 %;10,65 %;-1,22 %;0,41 %;42,75 %;1.990.017.734,65;;;;;;;6;2925;7.092;;;
179;HAAA11;Lajes Corporativas;5299;3.699,50;79,0;044;0,88 %;1,40 %;2,35 %;5,04 %;0,47 %;0,39 %;0,42 %;3,85 %;21,77 %;22,85 %;64,32 %;231.683.993,52;6706;79,0;0,12 %;-25,21 %;-25,12 %;-23,91 %;2;6387;224;;;
180;HABT11;Papéis;8131;819.653,60;86,0;115;1,39 %;4,18 %;8,56 %;16,53 %;1,39 %;1,43 %;1,38 %;10,01 %;-0,97 %;0,41 %;32,76 %;768.014.204,69;9450;86,0;1,22 %;-5,29 %;-4,14 %;12,24 %;14;1649;62.864;1,26 % a.a;;20,00 % a.a
181;HBCR11;Indefinido;13800;6.518.246,00;111,0;046;0,00 %;0,95 %;5,37 %;10,60 %;0,95 %;0,90 %;0,88 %;8,31 %;0,00 %;0,00 %;;198.873.549,25;;;;;;;2;7285;37;;;
182;HBRH11;Lajes Corporativas;9080;14.627,00;80,0;050;0,55 %;1,65 %;6,85 %;9,22 %;0,55 %;1,14 %;0,77 %;9,22 %;1,00 %;1,56 %;2,46 %;316.852.348,31;11223;81,0;0,45 %;-0,86 %;-0,42 %;7,60 %;5;1398;720;;;
183;HCHG11;Papéis;7979;182.742,84;84,0;088;1,11 %;3,54 %;6,79 %;14,92 %;1,18 %;1,13 %;1,24 %;8,70 %;1,41 %;2,54 %;33,56 %;114.408.253,57;9534;84,0;0,94 %;-5,72 %;-4,83 %;9,91 %;14;3283;589;;;
184;HCRA11;Indefinido;1022;083;;1485;145,30 %;147,10 %;233,94 %;247,69 %;49,03 %;38,99 %;20,64 %;233,94 %;2,20 %;150,70 %;11,17 %;;;;0,00 %;0,00 %;0,00 %;0,00 %;0;1.470,29;0;;;
185;HCRI11;Hospitalar;26793;19.347,40;82,0;273;1,06 %;3,20 %;6,40 %;12,89 %;1,07 %;1,07 %;1,07 %;6,40 %;0,61 %;1,68 %;13,68 %;65.196.978,16;32598;82,0;0,83 %;5,85 %;6,73 %;14,22 %;1;3647;3.007;;;
186;HCTR11;Papéis;2420;786.144,15;23,0;028;1,16 %;4,13 %;11,65 %;21,01 %;1,38 %;1,94 %;1,75 %;11,65 %;11,69 %;12,99 %;9,52 %;2.280.572.201,00;10327;23,0;0,31 %;-14,92 %;-14,66 %;0,62 %;14;3918;141.459;0,99 % a.a;0,21 % a.a;10,00 % a.a
187;HDEL11;Imóveis Industriais e Logísticos;10001;1667;81,0;1403;0,00 %;0,00 %;11,84 %;23,31 %;0,00 %;1,97 %;3,33 %;0,00 %;0,00 %;0,00 %;;104.206.960,99;;;;;;;1;7002;108;;;
188;HFOF11;Fundo de Fundos;592;1.622.868,15;82,0;006;0,94 %;2,82 %;6,05 %;12,03 %;0,94 %;1,01 %;1,00 %;7,08 %;-1,33 %;-0,40 %;16,93 %;1.662.325.869,40;721;82,0;0,78 %;-91,09 %;-91,02 %;-90,64 %;14;1369;73.751;;0,60 % a.a;20,00 % a.a
189;HGAG11;Indefinido;1520;2.540,56;62,0;111;7,32 %;8,28 %;11,58 %;18,52 %;2,76 %;1,93 %;1,54 %;11,58 %;0,00 %;0,00 %;;6.055.241,13;2439;62,0;0,57 %;0,00 %;0,00 %;0,00 %;0;11829;1.137;;;
190;HGBL11;Misto;850;46.625,00;93,0;008;0,98 %;2,65 %;5,21 %;14,44 %;0,88 %;0,87 %;1,20 %;6,51 %;-0,58 %;0,39 %;-6,21 %;229.991.121,46;;;;;;;1;1473;4.763;;;
191;HGBS11;Shoppings;1940;1.914.738,50;90,0;016;0,80 %;2,43 %;5,13 %;10,27 %;0,81 %;0,86 %;0,86 %;6,03 %;0,20 %;1,00 %;16,23 %;2.788.017.625,59;2159;90,0;0,74 %;-90,27 %;-90,20 %;-89,15 %;16;1420;129.384;;0,60 % a.a;
192;HGCR11;Papéis;9251;3.172.656,40;95,0;105;1,11 %;3,31 %;6,81 %;13,04 %;1,10 %;1,14 %;1,09 %;7,86 %;-1,33 %;-0,24 %;13,75 %;1.503.945.065,49;9754;95,0;1,08 %;-3,39 %;-2,35 %;11,04 %;14;1300;102.127;;0,80 % a.a;20,00 % a.a
193;HGFF11;Fundo de Fundos;6661;486.236,60;82,0;068;1,00 %;2,90 %;6,02 %;12,95 %;0,97 %;1,00 %;1,08 %;8,05 %;-4,77 %;-3,82 %;11,91 %;235.126.731,75;8211;81,0;0,83 %;-5,45 %;-4,66 %;0,43 %;14;1773;15.436;;;
194;HGIC11;Papéis;6921;29.328,30;64,0;080;1,14 %;3,38 %;6,49 %;13,81 %;1,13 %;1,08 %;1,15 %;7,88 %;-1,20 %;-0,07 %;-10,21 %;51.010.694,86;11024;63,0;0,73 %;-3,91 %;-3,21 %;15,08 %;2;5606;602;;;
195;HGLG11;Imóveis Industriais e Logísticos;15666;5.461.227,95;97,0;110;0,69 %;2,07 %;4,31 %;8,77 %;0,69 %;0,72 %;0,73 %;5,05 %;-0,64 %;0,04 %;15,59 %;5.494.909.655,29;16263;96,0;0,68 %;5,58 %;6,30 %;23,23 %;28;1201;504.936;;0,60 % a.a;
196;HGPO11;Lajes Corporativas;13598;132.157,40;98,0;5705;48,22 %;0,00 %;0,00 %;52,71 %;0,00 %;0,00 %;4,39 %;62,51 %;5,05 %;55,71 %;101,25 %;243.526.694,24;15561;87,0;36,66 %;-48,02 %;-28,96 %;-15,36 %;2;1035;10.269;;;
197;HGRE11;Lajes Corporativas;11665;1.411.485,25;74,0;255;2,13 %;3,60 %;6,13 %;10,77 %;1,20 %;1,02 %;0,90 %;6,92 %;5,06 %;7,29 %;32,57 %;1.860.496.501,87;15743;74,0;0,54 %;0,34 %;0,89 %;1,20 %;13;2048;141.304;;1,00 % a.a;
198;HGRS11;Imóveis Residenciais;;;;2932;0,00 %;0,00 %;0,00 %;0,00 %;0,00 %;0,00 %;0,00 %;0,00 %;0,00 %;0,00 %;;118.155.565,38;9286;;0,00 %;0,00 %;0,00 %;0,00 %;14;;8.102;;;
199;HGRU11;Misto;12498;2.958.028,50;99,0;155;1,24 %;2,72 %;5,14 %;10,68 %;0,91 %;0,86 %;0,89 %;6,84 %;2,64 %;3,91 %;23,07 %;2.921.842.289,56;12574;99,0;0,72 %;2,32 %;3,05 %;17,15 %;104;1275;220.556;;0,70 % a.a;20,00 % a.a
200;HILG11;Indefinido;18681;56000;93,0;144;0,00 %;0,73 %;3,51 %;5,83 %;0,73 %;0,59 %;0,49 %;3,51 %;0,00 %;0,00 %;;106.237.148,84;;;;;;;1;943;104;;;
201;HLOG11;Imóveis Industriais e Logísticos;820;35.167,45;75,0;007;0,78 %;2,37 %;4,92 %;7,98 %;0,79 %;0,82 %;0,67 %;5,44 %;1,47 %;2,26 %;11,05 %;467.943.308,74;1101;74,0;0,59 %;-90,55 %;-90,49 %;-89,46 %;4;1414;3.620;;;
202;HOFC11;Lajes Corporativas;2840;137.874,80;44,0;021;0,65 %;0,00 %;0,00 %;0,00 %;0,00 %;0,00 %;0,00 %;2,01 %;75,72 %;76,86 %;67,59 %;247.522.524,42;;;;;;;3;4703;5.369;;;
203;HOSI11;Imóveis Residenciais;8672;2.914,33;96,0;061;0,70 %;2,78 %;5,15 %;9,77 %;0,93 %;0,86 %;0,81 %;5,15 %;3,26 %;3,98 %;7,10 %;51.792.136,00;9098;95,0;0,65 %;-1,17 %;-0,53 %;5,22 %;14;3626;1.180;;;
204;HPDP11;Shoppings;8800;353.510,41;94,0;056;0,63 %;1,90 %;3,82 %;7,07 %;0,63 %;0,64 %;0,59 %;4,53 %;-1,61 %;-0,99 %;9,40 %;306.875.808,07;9333;94,0;0,60 %;4,56 %;5,19 %;4,95 %;1;2786;367;;;
205;HRDF11;Fundo de Desenvolvimento;300;2.304,77;41,0;680;0,00 %;0,00 %;0,00 %;0,00 %;0,00 %;0,00 %;0,00 %;0,00 %;0,00 %;0,00 %;;11.176.223,41;;;;;;;14;4686;927;;;
206;HREC11;Papéis;825;196.147,45;94,0;009;1,07 %;3,27 %;6,83 %;13,13 %;1,09 %;1,14 %;1,09 %;7,92 %;2,19 %;3,29 %;21,68 %;453.162.683,31;877;94,0;1,03 %;-90,13 %;-90,03 %;-89,03 %;14;1910;2.665;;;
207;HRES11;Imóveis Residenciais;14764;47760;115,0;113;0,00 %;2,52 %;5,58 %;6,65 %;0,84 %;0,93 %;1,11 %;5,58 %;0,00 %;0,00 %;;60.317.351,87;;;;;;;14;1870;132;;;
208;HSAF11;Papéis;7929;415.808,90;89,0;095;1,19 %;3,58 %;7,49 %;14,83 %;1,19 %;1,25 %;1,24 %;9,34 %;-2,21 %;-1,04 %;25,64 %;223.723.655,49;8856;90,0;1,07 %;-3,04 %;-2,00 %;6,90 %;14;2295;8.939;;;
209;HSLG11;Imóveis Industriais e Logísticos;8191;326.864,95;80,0;065;0,79 %;2,35 %;5,01 %;10,76 %;0,78 %;0,84 %;0,90 %;6,03 %;-2,12 %;-1,35 %;15,44 %;1.305.463.553,52;10312;79,0;0,63 %;-1,73 %;-1,11 %;0,26 %;6;1739;41.514;;;
210;HSML11;Shoppings;8455;2.302.475,10;78,0;065;0,76 %;2,29 %;4,87 %;10,79 %;0,76 %;0,81 %;0,90 %;6,03 %;-0,04 %;0,72 %;16,30 %;2.266.561.924,82;10892;78,0;0,60 %;11,62 %;12,29 %;18,16 %;13;1655;188.982;1,05 % a.a;;20,00 % a.a
211;HSRE11;Misto;10198;1.134.083,28;109,0;172;1,74 %;3,03 %;5,00 %;11,71 %;1,01 %;0,83 %;0,98 %;6,21 %;-2,32 %;-0,62 %;12,62 %;806.905.031,38;9068;112,0;0,72 %;-5,58 %;-4,90 %;1,14 %;24;2398;341;;;
212;HTMX11;Hotéis;14350;408.832,15;98,0;150;1,03 %;2,71 %;4,76 %;15,59 %;0,90 %;0,79 %;1,30 %;7,40 %;4,94 %;6,02 %;9,41 %;419.385.309,53;14521;99,0;0,55 %;3,46 %;4,03 %;20,38 %;22;1875;37.549;;0,50 % a.a;20,00 % a.a
213;HUCG11;Hospitalar;10950;70536;107,0;022;0,20 %;0,00 %;0,00 %;0,00 %;0,00 %;0,00 %;0,00 %;0,20 %;8,21 %;8,43 %;8,43 %;115.174.457,34;;;;;;;1;5561;233;;;
214;HUSC11;Hospitalar;9541;4.479,17;62,0;086;0,91 %;2,73 %;5,63 %;11,18 %;0,91 %;0,94 %;0,93 %;6,69 %;0,82 %;1,73 %;1,15 %;126.797.949,99;14903;64,0;0,58 %;1,55 %;2,14 %;10,50 %;2;4920;760;;;
215;HUSI11;Hospitalar;1.241,00;1.241,00;100,0;842;0,00 %;0,70 %;2,82 %;6,38 %;0,70 %;0,47 %;0,53 %;0,71 %;0,00 %;0,00 %;;145.086.152,92;1.246,85;100,0;0,70 %;25,55 %;26,43 %;32,98 %;14;4841;100;;;
216;IAAG11;Indefinido;735;134.543,50;75,0;011;1,50 %;4,25 %;8,32 %;15,11 %;1,42 %;1,39 %;1,26 %;9,69 %;-0,41 %;1,09 %;0,25 %;102.215.444,55;978;75,0;1,02 %;0,00 %;0,00 %;0,00 %;0;2699;13.243;;;
217;IAGR11;Indefinido;404;10.731,85;64,0;001;0,15 %;0,30 %;0,80 %;2,73 %;0,30 %;0,80 %;0,23 %;1,03 %;-3,18 %;-3,03 %;45,49 %;17.813.973,66;637;63,0;0,09 %;0,00 %;0,00 %;0,00 %;0;3361;3.580;;;
218;IBBP11;Indefinido;822;84811;91,0;007;0,00 %;1,72 %;4,29 %;4,29 %;0,57 %;0,86 %;0,86 %;4,29 %;0,00 %;0,00 %;;395.363.798,53;;;;;;;24;4423;409;;;
219;IBCR11;Papéis;5940;93.522,25;63,0;090;1,57 %;4,66 %;9,70 %;18,25 %;1,55 %;1,62 %;1,52 %;9,70 %;3,61 %;5,23 %;21,12 %;89.683.104,44;9357;63,0;1,02 %;-0,37 %;0,64 %;9,15 %;14;1659;3.829;;;
220;IBFF11;Fundo de Fundos;6640;162.549,50;104,0;1479;0,00 %;0,00 %;0,00 %;0,00 %;0,00 %;0,00 %;0,00 %;6,25 %;0,00 %;0,00 %;;118.155.565,38;1478;449,0;100,08 %;-79,09 %;-58,15 %;-58,47 %;14;420;8.102;;;
221;ICNE11;Imóveis Residenciais;65396;;87,0;008;0,00 %;0,00 %;3,81 %;9,82 %;0,00 %;0,64 %;0,82 %;7,64 %;0,00 %;0,00 %;;89.956.039,62;;;;;;;14;1132;5;;;
222;ICRI11;Misto;9439;559.467,40;94,0;110;1,14 %;3,39 %;7,15 %;15,67 %;1,13 %;1,19 %;1,31 %;8,95 %;-1,48 %;-0,36 %;21,80 %;385.727.410,73;;;;;;;14;1910;8.943;;;
223;IDFI11;Indefinido;200;2.592,80;125,0;156;78,04 %;0,00 %;0,00 %;422,76 %;0,00 %;0,00 %;35,23 %;1.043,04 %;-54,34 %;-18,70 %;44.259,43 %;3.283.391,87;160;125,0;269,79 %;-97,14 %;-89,43 %;-91,38 %;1;7877;617;;;
224;IDGR11;Misto;150;33283;1667,0;009;5,99 %;0,00 %;0,00 %;66,79 %;0,00 %;0,00 %;5,57 %;5,99 %;-50,98 %;-48,04 %;-48,04 %;79.368,95;;;;;;;1;11329;171;;;
225;IDUA11;Imóveis Comerciais - Outros;6442;;88,0;133;0,00 %;0,00 %;4,50 %;11,03 %;0,00 %;0,75 %;0,92 %;12,00 %;0,00 %;0,00 %;;29.337.070,55;;;;;;;14;1732;2;;;
226;IFRA11;Indefinido;9805;1.695.163,45;;169;1,75 %;3,72 %;6,96 %;13,71 %;1,24 %;1,16 %;1,14 %;8,10 %;0,47 %;2,23 %;13,13 %;;;;;;;;0;1796;0;;;
227;IFRI11;Misto;9666;1.313.875,55;;083;0,86 %;0,86 %;5,21 %;11,57 %;0,86 %;0,87 %;0,96 %;6,14 %;1,52 %;2,39 %;14,51 %;;;;;;;;0;1697;0;;;
228;IMOV11;Indefinido;;;;009;0,00 %;0,00 %;0,00 %;0,00 %;0,00 %;0,00 %;0,00 %;0,00 %;0,00 %;0,00 %;;500.560.219,25;;;;;;;14;;13.027;;;
229;INFA11;Outros;982;;;009;0,00 %;0,92 %;13,75 %;16,31 %;0,92 %;2,29 %;2,04 %;14,56 %;0,00 %;0,00 %;;;;;;;;;0;241;0;;;
230;INFB11;Indefinido;9996;14.635,56;;100;0,99 %;2,10 %;2,10 %;5,21 %;0,70 %;0,53 %;1,30 %;2,10 %;12,70 %;13,82 %;9,66 %;;;;;;;;0;4546;0;;;
231;INLG11;Imóveis Industriais e Logísticos;7435;216.380,35;74,0;078;1,03 %;3,13 %;6,50 %;12,79 %;1,04 %;1,08 %;1,07 %;7,70 %;0,44 %;1,47 %;21,74 %;452.652.798,59;;;;;;;5;1740;17.793;;;
232;INRD11;Fundo de Desenvolvimento;7332;46.866,25;63,0;061;0,81 %;2,58 %;5,55 %;11,05 %;0,86 %;0,93 %;0,92 %;6,50 %;7,70 %;8,57 %;25,23 %;133.643.691,89;;;;;;;5;1638;7.232;;;
233;IRDM11;Papéis;6836;2.488.061,85;83,0;082;1,21 %;3,53 %;7,61 %;14,96 %;1,18 %;1,27 %;1,25 %;7,61 %;-0,48 %;0,72 %;26,60 %;3.010.486.323,89;8263;83,0;1,00 %;-10,96 %;-10,06 %;-6,46 %;1;1430;278.228;0,83 % a.a;0,17 % a.a;
234;IRIF11;Papéis;888;55.445,30;;011;1,24 %;3,84 %;6,26 %;6,26 %;1,28 %;1,04 %;1,04 %;6,26 %;2,18 %;3,45 %;10,26 %;;;;;;;;0;4194;0;;;
235;IRIM11;Indefinido;6900;19.742,00;81,0;083;1,22 %;3,65 %;8,03 %;15,78 %;1,22 %;1,34 %;1,32 %;8,03 %;0,28 %;1,50 %;29,23 %;165.545.171,52;8622;80,0;0,99 %;-11,41 %;-10,53 %;-7,13 %;14;1913;2.547;;;
236;ISCJ11;Papéis;10000;70240;42,0;064;0,73 %;0,73 %;2,71 %;6,37 %;0,73 %;0,45 %;0,53 %;5,71 %;0,00 %;0,00 %;;45.018.357,67;;;;;;;14;8120;55;;;
237;ITIP11;Papéis;6719;54.327,40;96,0;080;1,21 %;3,60 %;7,02 %;12,99 %;1,20 %;1,17 %;1,08 %;8,00 %;-1,17 %;0,03 %;11,50 %;52.642.468,30;7036;95,0;1,09 %;-12,15 %;-11,19 %;-9,07 %;14;1567;8.966;;;
238;ITIT11;Fundo de Fundos;6951;91.239,85;90,0;062;0,89 %;2,69 %;5,61 %;11,00 %;0,90 %;0,94 %;0,92 %;6,52 %;-1,95 %;-1,08 %;14,16 %;68.961.326,98;7658;91,0;0,80 %;-3,01 %;-2,24 %;4,32 %;14;1320;10.547;;;
239;ITRI11;Shoppings;7980;730.518,75;82,0;087;1,07 %;3,07 %;6,28 %;12,68 %;1,02 %;1,05 %;1,06 %;7,31 %;-0,78 %;0,28 %;17,53 %;598.503.223,42;;;;;;;14;1707;15.902;;;
240;IVCI11;Papéis;9686;;98,0;153;0,00 %;1,83 %;5,17 %;8,33 %;0,61 %;0,86 %;1,19 %;5,17 %;0,00 %;0,00 %;;49.612.420,61;;;;;;;0;336;16;;;
241;JASC11;Imóveis Comerciais - Outros;10325;20700;91,0;066;0,00 %;1,28 %;3,16 %;5,51 %;0,43 %;0,53 %;0,46 %;3,16 %;0,00 %;0,00 %;;394.991.909,00;;;;;;;19;4813;163;;;
242;JBFO11;Papéis;1503;8200;190,0;004;0,00 %;0,26 %;0,77 %;111,75 %;0,26 %;0,77 %;9,31 %;0,77 %;0,00 %;0,00 %;;10.137.923,64;;;;;;;14;10228;369;;;
243;JCCJ11;Papéis;15960;2.760.180,00;84,0;036;0,23 %;0,52 %;1,37 %;3,31 %;0,52 %;0,23 %;0,28 %;1,37 %;0,00 %;0,00 %;;315.904.853,95;;;;;;;14;3677;123;;;
244;JCIN11;Fundo de Fundos;15000;29.081.600,00;96,0;055;0,00 %;0,37 %;1,52 %;3,14 %;0,37 %;0,25 %;0,29 %;1,52 %;0,00 %;0,00 %;;206.673.602,47;;;;;;;14;1989;8;;;
245;JFLL11;Imóveis Residenciais;7030;28.473,65;65,0;063;0,90 %;2,46 %;4,60 %;9,76 %;0,82 %;0,77 %;0,81 %;6,16 %;2,24 %;3,16 %;7,68 %;161.589.556,60;10761;65,0;0,46 %;6,57 %;7,06 %;16,34 %;2;1757;2.653;;;
246;JGPX11;Indefinido;6425;221.189,95;67,0;065;1,02 %;2,82 %;5,81 %;13,54 %;0,94 %;0,97 %;1,13 %;6,89 %;1,79 %;2,83 %;20,79 %;204.523.113,52;9552;67,0;0,58 %;-0,47 %;0,10 %;11,00 %;0;3231;6.124;;;
247;JMBI11;Outros;8598;930.955,45;;114;1,33 %;2,66 %;6,68 %;7,88 %;0,89 %;1,11 %;0,99 %;7,88 %;7,46 %;8,89 %;9,97 %;;;;;;;;0;4538;0;;;
248;JPPA11;Papéis;7983;151.085,40;82,0;123;1,53 %;4,19 %;8,36 %;17,27 %;1,40 %;1,39 %;1,44 %;10,27 %;0,58 %;2,11 %;20,96 %;87.965.864,19;9730;82,0;1,09 %;-1,04 %;0,04 %;12,59 %;14;1436;6.760;;;
249;JRDM11;Shoppings;8590;610.682,00;135,0;783;0,00 %;0,00 %;0,00 %;0,00 %;0,00 %;0,00 %;0,00 %;5,00 %;0,00 %;0,00 %;;118.155.565,38;8884;97,0;0,45 %;-1,16 %;-0,71 %;7,23 %;14;934;8.102;;;
250;JSAF11;Fundo de Fundos;777;1.520.026,15;86,0;009;1,15 %;3,47 %;7,51 %;14,46 %;1,16 %;1,25 %;1,21 %;8,77 %;-0,50 %;0,64 %;14,93 %;692.902.199,31;894;87,0;1,02 %;-90,48 %;-90,39 %;-89,62 %;14;2471;20.139;;;
251;JSCR11;Papéis;826;320.857,00;89,0;010;1,13 %;3,43 %;7,34 %;64,59 %;1,14 %;1,22 %;5,87 %;20,13 %;-0,47 %;0,65 %;38,12 %;207.739.659,36;;;;;;;14;3324;3.839;;;
252;JSRE11;Misto;6502;1.540.063,30;64,0;048;0,72 %;2,22 %;4,84 %;9,85 %;0,74 %;0,81 %;0,82 %;5,72 %;3,05 %;3,80 %;28,63 %;2.119.091.418,32;10204;64,0;0,47 %;-9,68 %;-9,25 %;-5,28 %;6;1976;89.707;;1,00 % a.a;20,00 % a.a
253;JURO11;Indefinido;9791;3.308.370,70;;100;1,00 %;2,05 %;5,04 %;10,74 %;0,68 %;0,84 %;0,90 %;5,60 %;4,30 %;5,34 %;11,11 %;;;;;;;;0;1476;0;;1,00 % a.a;
254;KCRE11;Indefinido;877;340.164,75;92,0;011;1,22 %;4,07 %;7,96 %;14,19 %;1,36 %;1,33 %;1,18 %;9,12 %;1,12 %;2,35 %;20,99 %;342.661.749,80;952;92,0;1,16 %;-90,28 %;-90,17 %;-90,06 %;14;1659;15.126;;;
255;KDIF11;Indefinido;12502;2.121.295,15;;100;0,78 %;2,87 %;6,87 %;12,07 %;0,96 %;1,15 %;1,01 %;7,39 %;2,20 %;3,00 %;17,34 %;;;;;;;;0;1623;0;;;
256;KDOL11;Misto;9451;108.776,25;91,0;051;0,54 %;1,44 %;3,01 %;3,96 %;0,48 %;0,50 %;0,57 %;3,44 %;-0,38 %;0,16 %;-2,01 %;70.067.181,67;10442;91,0;0,43 %;0,00 %;0,00 %;0,00 %;0;2353;2.024;;;
257;KEVE11;Fundo de Desenvolvimento;84000;175.849,83;148,0;3453;0,00 %;1,54 %;8,30 %;35,17 %;0,51 %;1,38 %;2,93 %;8,30 %;0,00 %;0,00 %;;83.626.372,03;55584;151,0;2,44 %;-40,37 %;-38,92 %;-41,27 %;14;19460;451;;;
258;KFEN11;Indefinido;1.100,00;1.571,43;116,0;921;0,00 %;1,27 %;4,40 %;4,40 %;0,42 %;0,88 %;0,88 %;4,40 %;0,00 %;0,00 %;;170.098.469,95;;;;;;;14;3184;129;;;
259;KFOF11;Fundo de Fundos;7951;851.180,65;90,0;075;0,92 %;2,76 %;6,02 %;12,09 %;0,92 %;1,00 %;1,01 %;7,14 %;-1,77 %;-0,86 %;22,48 %;617.451.624,25;8802;90,0;0,85 %;-3,14 %;-2,31 %;3,13 %;14;1652;28.566;;;
260;KINP11;Fundo de Desenvolvimento;1000;38.394,20;15,0;290;0,00 %;0,00 %;0,00 %;0,00 %;0,00 %;0,00 %;0,00 %;19,95 %;0,00 %;0,00 %;;118.155.565,38;;;0,00 %;-100,00 %;0,00 %;0,00 %;14;1274;8.102;;;
261;KISU11;Fundo de Fundos;687;459.799,15;84,0;007;1,01 %;3,00 %;6,16 %;11,94 %;1,00 %;1,03 %;1,00 %;7,16 %;-1,42 %;-0,42 %;11,39 %;358.753.764,86;812;85,0;0,86 %;-6,88 %;-6,08 %;-3,91 %;14;1852;108.963;;0,60 % a.a;
262;KIVO11;Papéis;6871;377.828,70;81,0;120;1,70 %;4,73 %;9,31 %;17,57 %;1,58 %;1,55 %;1,46 %;11,04 %;5,21 %;7,00 %;21,28 %;189.137.651,25;;;;;;;14;2428;6.686;;;
263;KNCA11;Indefinido;9569;2.278.508,05;94,0;110;1,12 %;3,62 %;7,50 %;14,41 %;1,21 %;1,25 %;1,20 %;8,68 %;1,76 %;2,90 %;24,62 %;2.217.557.831,37;10267;93,0;1,17 %;0,47 %;1,65 %;13,11 %;0;2037;75.268;1,20 % a.a;;
264;KNCR11;Papéis;10523;10.507.748,65;103,0;120;1,14 %;3,45 %;6,68 %;12,73 %;1,15 %;1,11 %;1,06 %;7,71 %;1,72 %;2,88 %;17,31 %;7.790.651.802,29;10183;103,0;1,14 %;1,07 %;2,22 %;15,71 %;14;967;407.938;1,00 % a.a;;
265;KNHF11;Indefinido;9278;2.664.341,30;93,0;100;1,06 %;3,24 %;6,62 %;13,12 %;1,08 %;1,10 %;1,09 %;7,77 %;4,13 %;5,24 %;28,52 %;1.946.752.323,09;;;;;;;3;1781;44.187;;;
266;KNHY11;Papéis;10205;2.361.964,00;102,0;130;1,27 %;4,02 %;7,78 %;14,45 %;1,34 %;1,30 %;1,20 %;8,95 %;0,64 %;1,92 %;19,02 %;2.797.685.281,07;9932;103,0;1,41 %;1,61 %;3,04 %;16,39 %;14;1135;25.692;;1,60 % a.a;
267;KNIP11;Papéis;8902;4.620.223,55;97,0;080;0,88 %;3,43 %;6,93 %;12,80 %;1,14 %;1,16 %;1,07 %;8,12 %;0,75 %;1,64 %;17,76 %;7.382.021.643,95;9219;97,0;1,36 %;-1,78 %;-0,45 %;8,67 %;14;962;72.797;;1,00 % a.a;
268;KNOX11;Indefinido;10090;681.131,84;;264;2,68 %;2,68 %;2,68 %;8,58 %;0,89 %;0,45 %;0,72 %;2,68 %;6,21 %;9,06 %;9,06 %;;;;;;;;0;2515;0;;;
269;KNPR11;Indefinido;;;;330;0,00 %;0,00 %;0,00 %;0,00 %;0,00 %;0,00 %;0,00 %;0,00 %;0,00 %;0,00 %;;54.018.669,57;;;;;;;14;;593;;;
270;KNRE11;Fundo de Desenvolvimento;028;1.596,65;37,0;000;1,68 %;338,66 %;338,66 %;338,66 %;112,89 %;56,44 %;28,22 %;338,66 %;575,00 %;586,34 %;1.099,67 %;12.468.644,19;076;37,0;9,22 %;0,00 %;9,22 %;0,46 %;14;37472;6.017;;;
271;KNRI11;Misto;14514;4.410.027,35;90,0;100;0,69 %;2,06 %;4,37 %;8,87 %;0,69 %;0,73 %;0,74 %;5,13 %;-0,73 %;-0,04 %;21,27 %;4.564.412.998,68;16184;90,0;0,62 %;1,25 %;1,88 %;10,38 %;20;1581;300.032;1,11 % a.a;;
272;KNSC11;Papéis;887;3.811.062,65;101,0;009;1,01 %;3,43 %;7,02 %;13,33 %;1,14 %;1,17 %;1,11 %;8,11 %;0,56 %;1,58 %;21,73 %;1.780.166.026,45;880;101,0;1,25 %;-90,01 %;-89,89 %;-88,83 %;14;1488;215.704;1,20 % a.a;;
273;KNUQ11;Indefinido;10460;1.809.416,35;102,0;140;1,34 %;3,94 %;7,70 %;14,33 %;1,31 %;1,28 %;1,19 %;8,83 %;1,39 %;2,75 %;19,86 %;1.551.729.650,00;;;;;;;14;1125;36.918;;;
274;KOPA11;Indefinido;92900;316.415,55;93,0;1973;2,09 %;5,66 %;11,02 %;20,25 %;1,89 %;1,84 %;1,69 %;14,36 %;0,69 %;2,79 %;51,03 %;349.885.384,75;98649;94,0;2,00 %;0,00 %;0,00 %;0,00 %;0;2813;3.537;;;
275;KORE11;Lajes Corporativas;8100;1.869.834,15;76,0;125;1,50 %;4,40 %;9,44 %;18,51 %;1,47 %;1,57 %;1,54 %;11,08 %;-6,13 %;-4,73 %;24,79 %;1.020.343.652,67;;;;;;;4;2271;24.064;;;
276;KRES11;Misto;;;;000;0,00 %;0,00 %;0,00 %;0,00 %;0,00 %;0,00 %;0,00 %;0,00 %;0,00 %;0,00 %;;228.594.872,34;;;;;;;1;;131;;;
277;LAFI11;Misto;11467;1.326.315,38;103,0;494;4,30 %;4,30 %;12,22 %;12,22 %;4,30 %;12,22 %;12,22 %;12,22 %;-1,98 %;2,24 %;2,24 %;69.989.565,85;11146;103,0;4,43 %;0,00 %;0,00 %;0,00 %;0;4580;162;;;
278;LASC11;Shoppings;10000;960.886,10;74,0;378;3,78 %;5,35 %;7,05 %;10,07 %;1,78 %;1,18 %;0,84 %;7,63 %;0,85 %;4,66 %;5,64 %;419.005.391,55;14250;70,0;0,51 %;33,23 %;33,91 %;34,48 %;2;3460;403;;;
279;LAVF11;Indefinido;;;;130;0,00 %;0,00 %;0,00 %;0,00 %;0,00 %;0,00 %;0,00 %;0,00 %;0,00 %;0,00 %;;118.155.565,38;;;;;;;14;;8.102;;;
280;LFTT11;Papéis;650;38.882,90;10,0;069;9,78 %;38,14 %;113,44 %;59.723.396,69 %;12,71 %;18,91 %;4.976.949,72 %;113,44 %;129,87 %;152,35 %;486,95 %;38.118.544,84;5732;11,0;1,25 %;43,16 %;44,95 %;-48,92 %;51;30553;8;;;
281;LGCP11;Imóveis Industriais e Logísticos;8295;163.106,04;65,0;080;1,13 %;3,17 %;5,76 %;10,78 %;1,06 %;0,96 %;0,90 %;10,78 %;-7,22 %;-6,17 %;-7,05 %;457.171.677,92;10132;82,0;0,79 %;-1,43 %;-0,65 %;7,48 %;5;947;19.183;;;
282;LIFE11;Imóveis Comerciais - Outros;886;743.980,55;88,0;012;1,34 %;4,11 %;8,43 %;17,72 %;1,37 %;1,41 %;1,48 %;10,20 %;3,23 %;4,61 %;14,75 %;378.914.443,31;;;;;;;14;2692;16.321;;;
283;LLAO11;Misto;5720;5700;109,0;731;11,32 %;0,00 %;11,32 %;13,43 %;0,00 %;1,89 %;1,92 %;11,32 %;-2,11 %;8,97 %;8,97 %;18.909.064,72;;;;;;;13;2859;77;;;
284;LOFT11B;Fundo de Desenvolvimento;2990;;2875,0;4790;0,00 %;0,00 %;0,00 %;0,00 %;0,00 %;0,00 %;0,00 %;142,96 %;0,00 %;0,00 %;;2.041.360,89;;;;;;;2;;8;;;
285;LPLP11;Indefinido;52000;66467;134,0;991;0,00 %;0,00 %;2,60 %;6,70 %;0,00 %;0,43 %;0,56 %;11,25 %;0,00 %;0,00 %;;225.818.124,21;;;;;;;14;3974;13;;;
286;LRDI11;Indefinido;8054;4300;104,0;595;0,00 %;13,52 %;13,52 %;13,52 %;13,52 %;13,52 %;13,52 %;13,52 %;0,00 %;0,00 %;;30.843.139,83;;;;;;;14;14338;101;;;
287;LSAG11;Indefinido;7600;38.383,65;78,0;110;1,43 %;4,34 %;8,71 %;18,57 %;1,45 %;1,45 %;1,55 %;12,29 %;-2,07 %;-0,67 %;28,41 %;99.162.872,71;9825;77,0;1,12 %;0,00 %;0,00 %;0,00 %;0;2081;2.855;;;
288;LSOI11;Misto;8500;;786,0;010;0,00 %;0,00 %;0,00 %;0,00 %;0,00 %;0,00 %;0,00 %;0,00 %;0,00 %;0,00 %;;13.034.927,53;;;;;;;2;;18;;;
289;LSPA11;Papéis;2401;45361;115,0;2085;86,84 %;0,00 %;0,00 %;235,56 %;0,00 %;0,00 %;19,63 %;299,45 %;0,00 %;86,84 %;153,73 %;8.473.824,04;;;;;;;14;7738;727;;;
290;LTMT11;Imóveis Residenciais;9453;53.693,00;100,0;838;8,80 %;0,00 %;0,00 %;8,80 %;0,00 %;0,00 %;8,80 %;8,80 %;0,00 %;0,00 %;;11.839.553,25;;;;;;;1;3098;111;;;
291;LUGG11;Fundo de Desenvolvimento;7282;23.956,00;55,0;059;0,88 %;2,59 %;5,08 %;9,23 %;0,86 %;0,85 %;0,77 %;9,23 %;-3,20 %;-2,35 %;-10,08 %;132.968.746,75;11760;62,0;0,51 %;-7,97 %;-7,50 %;-0,34 %;5;1007;7.962;;;
292;LVBI11;Imóveis Industriais e Logísticos;10295;2.105.701,50;81,0;075;0,73 %;2,21 %;4,76 %;9,96 %;0,74 %;0,79 %;0,83 %;5,66 %;2,00 %;2,75 %;18,10 %;2.011.186.460,07;12477;83,0;0,60 %;8,03 %;8,68 %;14,26 %;10;1731;131.411;0,80 % a.a;;
293;MALL11;Shoppings;10098;1.623.037,10;83,0;086;0,85 %;2,54 %;5,27 %;10,16 %;0,85 %;0,88 %;0,85 %;6,13 %;1,45 %;2,31 %;17,74 %;1.695.960.747,57;12103;83,0;0,70 %;0,93 %;1,64 %;18,25 %;11;1264;127.332;0,50 % a.a;;
294;MANA11;Indefinido;873;1.218.738,45;94,0;011;1,24 %;3,76 %;7,73 %;15,61 %;1,25 %;1,29 %;1,30 %;9,24 %;1,37 %;2,63 %;26,39 %;348.694.936,36;;;;;;;14;1529;26.275;;;
295;MATV11;Indefinido;8663;13.027,43;136,0;060;0,73 %;0,00 %;0,00 %;0,00 %;0,00 %;0,00 %;0,00 %;3,11 %;-1,41 %;-0,69 %;-1,08 %;118.155.565,38;9109;95,0;0,66 %;-1,89 %;-1,24 %;-0,18 %;1;037;8.102;;;
296;MAXR11;Varejo;6522;62.258,55;62,0;032;0,49 %;1,50 %;3,12 %;32,17 %;0,50 %;0,52 %;2,68 %;3,12 %;0,55 %;1,04 %;14,19 %;117.433.565,03;10439;62,0;0,33 %;-15,19 %;-14,91 %;-8,62 %;7;1695;4.462;;;
297;MBRF11;Lajes Corporativas;;;;050;0,00 %;0,00 %;0,00 %;0,00 %;0,00 %;0,00 %;0,00 %;0,00 %;0,00 %;0,00 %;;;1.136,01;;0,88 %;-0,17 %;0,71 %;10,03 %;0;;0;;;
298;MCCI11;Papéis;8735;2.673.963,25;94,0;090;1,06 %;3,26 %;6,74 %;12,90 %;1,09 %;1,12 %;1,08 %;6,74 %;1,72 %;2,80 %;25,69 %;1.599.614.116,26;9432;93,0;0,95 %;1,97 %;2,94 %;7,72 %;14;1577;107.288;0,80 % a.a;0,20 % a.a;20,00 % a.a
299;MCEM11;Shoppings;6300;247.072,74;197,0;048;0,74 %;1,48 %;1,48 %;6,69 %;0,74 %;0,74 %;3,35 %;1,48 %;1,16 %;1,91 %;24,49 %;97.310.294,66;;;;;;;14;67758;149;;;
300;MCHF11;Papéis;910;1.778.820,09;14,0;259;0,00 %;0,00 %;0,00 %;0,00 %;0,00 %;0,00 %;0,00 %;1,51 %;0,00 %;0,00 %;;118.155.565,38;1038;88,0;0,67 %;9,15 %;9,88 %;12,93 %;1;784;8.102;;;
301;MCHY11;Papéis;858;4.789.731,61;72,0;010;1,39 %;3,81 %;7,19 %;13,89 %;1,27 %;1,20 %;1,16 %;13,89 %;-12,22 %;-11,00 %;-21,94 %;1.060.212.799,64;950;90,0;1,05 %;-90,53 %;-90,43 %;-89,35 %;1;2695;93.666;;;
302;MCLO11;Imóveis Industriais e Logísticos;1050;2.410.833,87;106,0;010;0,94 %;0,94 %;0,94 %;0,94 %;0,94 %;0,94 %;0,94 %;0,94 %;0,00 %;0,00 %;;1.249.075.037,40;;;;;;;4;2343;193;;;
303;MCRE11;Papéis;857;3.662.396,05;83,0;011;1,28 %;3,81 %;7,98 %;15,74 %;1,27 %;1,33 %;1,31 %;7,98 %;-4,86 %;-3,64 %;40,58 %;1.139.806.104,50;;;;;;;1;2180;83.180;;;
304;MFAI11;Fundo de Fundos;6998;11.326,82;99,0;3418;48,84 %;0,00 %;0,00 %;50,66 %;0,00 %;0,00 %;4,22 %;56,24 %;2,66 %;52,79 %;89,75 %;27.463.042,22;;;0,00 %;-100,00 %;0,00 %;0,00 %;14;2991;2.301;;;
305;MFII11;Fundo de Desenvolvimento;8014;685.014,70;77,0;111;1,35 %;3,97 %;8,22 %;16,19 %;1,32 %;1,37 %;1,35 %;9,59 %;-1,73 %;-0,40 %;4,74 %;625.320.622,25;10488;76,0;1,05 %;-0,80 %;0,24 %;10,82 %;1;2173;33.190;;;
306;MGCR11;Papéis;940;259.145,59;15,0;033;0,00 %;0,00 %;0,00 %;0,00 %;0,00 %;0,00 %;0,00 %;8,00 %;0,00 %;0,00 %;;118.155.565,38;978;96,0;1,02 %;-89,08 %;-88,97 %;-88,55 %;14;1456;8.102;;;
307;MGFF11;Fundo de Fundos;6999;2.558.695,75;110,0;426;0,00 %;0,00 %;0,00 %;0,00 %;0,00 %;0,00 %;0,00 %;0,00 %;0,00 %;0,00 %;;118.155.565,38;7354;95,0;0,71 %;2,57 %;3,29 %;-0,09 %;14;807;8.102;;;
308;MGHT11;Hotéis;1726;303.344,90;65,0;013;0,42 %;0,00 %;0,00 %;0,42 %;0,00 %;0,00 %;0,42 %;7,24 %;-14,42 %;-14,07 %;-21,90 %;34.738.085,75;5081;34,0;0,26 %;-40,63 %;-40,48 %;-43,69 %;1;6622;4.616;;;
309;MGLG11;Imóveis Industriais e Logísticos;4099;55.314,19;55,0;035;0,86 %;2,58 %;4,56 %;11,69 %;0,86 %;0,76 %;0,97 %;0,86 %;-3,60 %;-2,77 %;-2,77 %;116.088.485,68;6155;67,0;0,57 %;57,54 %;58,43 %;-18,62 %;2;2779;3.712;;;
310;MGRI11;Indefinido;5818;;91,0;146;0,00 %;5,58 %;12,42 %;19,66 %;1,86 %;2,07 %;1,64 %;12,42 %;0,00 %;0,00 %;;17.302.417,28;;;;;;;1;658;2;;;
311;MINT11;Educacional;9650;2.171,20;99,0;1467;15,20 %;0,00 %;0,00 %;15,20 %;0,00 %;0,00 %;7,60 %;19,77 %;-5,85 %;8,46 %;14,95 %;50.527.673,91;;;;;;;3;2179;94;;;
312;MMPD11;Indefinido;;;;107;0,00 %;0,00 %;0,00 %;0,00 %;0,00 %;0,00 %;0,00 %;0,00 %;0,00 %;0,00 %;;59.663.467,82;;;;;;;14;;102;;;
313;MORC11;Papéis;8987;1.741.368,33;141,0;308;0,00 %;0,00 %;0,00 %;0,00 %;0,00 %;0,00 %;0,00 %;1,03 %;0,00 %;0,00 %;;118.155.565,38;9773;92,0;0,34 %;0,11 %;0,45 %;5,63 %;14;325;8.102;;;
314;MORE11;Fundo de Fundos;7621;1.327.577,67;119,0;602;0,00 %;0,00 %;0,00 %;0,00 %;0,00 %;0,00 %;0,00 %;0,00 %;0,00 %;0,00 %;;118.155.565,38;8687;88,0;0,81 %;4,88 %;5,72 %;2,91 %;14;267;8.102;;;
315;MXRF11;Papéis;947;9.272.117,65;101,0;010;1,05 %;3,21 %;6,28 %;12,64 %;1,07 %;1,05 %;1,05 %;7,42 %;0,63 %;1,69 %;17,54 %;4.128.474.992,08;944;100,0;1,06 %;-6,63 %;-5,64 %;-0,13 %;2;1205;1.303.948;;0,90 % a.a;
316;NAVT11;Papéis;7276;65.414,10;85,0;070;0,98 %;3,06 %;6,61 %;14,09 %;1,02 %;1,10 %;1,17 %;6,61 %;-1,50 %;-0,54 %;29,07 %;52.850.985,45;8632;84,0;0,81 %;-3,64 %;-2,86 %;-1,75 %;14;3421;2.722;;;
317;NCHB11;Papéis;797;63.111,70;82,0;011;1,34 %;4,06 %;7,73 %;15,13 %;1,35 %;1,29 %;1,26 %;4,06 %;11,10 %;12,58 %;10,18 %;148.979.591,77;975;82,0;1,02 %;-89,12 %;-89,01 %;-88,60 %;14;1709;11.451;;;
318;NCRA11;;1061;272.941,45;100,0;010;1,57 %;3,66 %;8,11 %;16,46 %;1,22 %;1,35 %;1,37 %;3,66 %;0,16 %;1,73 %;6,02 %;46.791.195,04;1058;100,0;0,95 %;0,00 %;0,00 %;0,00 %;0;1236;785;;;
319;NCRI11;Papéis;880;4.932,50;92,0;011;1,23 %;3,78 %;7,77 %;15,44 %;1,26 %;1,30 %;1,29 %;9,10 %;4,21 %;5,50 %;33,72 %;39.365.268,33;;;;;;;1;3885;1.128;;;
320;NELO11;Logística;;;;433;0,00 %;0,00 %;0,00 %;0,00 %;0,00 %;0,00 %;0,00 %;0,00 %;0,00 %;0,00 %;;563.151.812,44;1.283,68;;0,57 %;0,00 %;0,00 %;0,00 %;57;;2;;;
321;NEWL11;Imóveis Industriais e Logísticos;10380;148.726,80;80,0;095;0,90 %;2,78 %;5,96 %;11,57 %;0,93 %;0,99 %;0,96 %;6,94 %;3,30 %;4,23 %;15,34 %;369.748.296,22;13124;79,0;0,72 %;9,28 %;10,08 %;25,62 %;3;1707;9.431;;;
322;NEWU11;Lajes Corporativas;7860;98.198,13;101,0;007;0,09 %;0,26 %;0,54 %;1,04 %;0,26 %;0,54 %;0,09 %;0,68 %;-11,05 %;-10,97 %;3,68 %;57.693.986,33;7775;101,0;0,09 %;11,69 %;11,79 %;19,80 %;3;5841;1.139;;;
323;NEXG11;Agricultura;12900;176.648,00;131,0;098;0,75 %;2,24 %;4,39 %;8,00 %;0,75 %;0,73 %;0,67 %;4,39 %;1,68 %;2,44 %;14,61 %;69.798.619,60;9993;129,0;0,97 %;0,00 %;0,00 %;0,00 %;0;3745;609;;;
324;NSLU11;Hospitalar;16184;346.998,25;76,0;158;0,95 %;2,95 %;6,19 %;12,19 %;0,98 %;1,03 %;1,02 %;7,29 %;7,09 %;8,11 %;21,29 %;271.529.337,44;20995;77,0;0,73 %;5,54 %;6,31 %;12,80 %;1;2001;5.528;;;
325;NUIF11;Indefinido;9355;87.691,40;;120;1,31 %;3,88 %;7,56 %;14,73 %;1,29 %;1,26 %;1,23 %;7,56 %;5,15 %;6,53 %;14,45 %;;;;;;;;0;2892;0;;;
326;NVHO11;Hospitalar;1278;13.801,00;78,0;009;0,68 %;2,19 %;4,44 %;8,78 %;0,73 %;0,74 %;0,73 %;5,15 %;1,76 %;2,45 %;9,57 %;688.810.807,16;1660;77,0;0,52 %;19,00 %;19,62 %;39,97 %;4;6523;1.854;;;
327;NVIF11B;Fundo de Desenvolvimento;22750;;86,0;111;0,00 %;0,00 %;0,00 %;0,00 %;0,00 %;0,00 %;0,00 %;0,00 %;0,00 %;0,00 %;;88.829.544,94;26328;86,0;0,42 %;-15,74 %;-15,38 %;5,40 %;2;;7;;;
328;NVRP11;Indefinido;9500;7.600,00;;6473;107,40 %;0,00 %;0,00 %;107,40 %;0,00 %;0,00 %;107,40 %;107,40 %;0,00 %;0,00 %;;;;;;;;;0;44235;0;;;
329;OBAL11;Imóveis Residenciais;1.095,00;105.120,00;83,0;7244;7,34 %;0,00 %;7,34 %;7,34 %;0,00 %;7,34 %;7,34 %;7,34 %;0,00 %;0,00 %;;186.687.020,78;;;;;;;4;2702;108;;;
330;OCRE11;Papéis;7200;14.015,00;80,0;067;0,91 %;2,54 %;4,54 %;8,57 %;0,85 %;0,76 %;0,71 %;5,31 %;-2,02 %;-1,12 %;-14,63 %;38.033.107,33;;;;;;;1;6582;475;;;
331;OGHY11;Indefinido;872;22.847,10;14,0;940;0,00 %;0,00 %;0,00 %;0,00 %;0,00 %;0,00 %;0,00 %;0,99 %;0,00 %;0,00 %;;118.155.565,38;;;;;;;14;5714;8.102;;;
332;OGIN11;Misto;803;88.842,90;;004;0,52 %;0,52 %;1,49 %;9,46 %;0,52 %;0,25 %;0,79 %;2,57 %;-6,76 %;-6,27 %;-17,39 %;;;;;;;;0;2207;0;;;
333;OIAG11;Indefinido;785;106.112,75;78,0;011;0,00 %;2,83 %;7,19 %;15,74 %;0,94 %;1,20 %;1,31 %;8,66 %;0,00 %;0,00 %;;88.863.007,00;984;80,0;1,07 %;0,00 %;0,00 %;0,00 %;0;1608;12.468;;;
334;ONEF11;Lajes Corporativas;20003;114.431,47;313,0;285;0,00 %;0,00 %;0,00 %;0,00 %;0,00 %;0,00 %;0,00 %;0,00 %;0,00 %;0,00 %;;118.155.565,38;18279;109,0;17,78 %;-9,26 %;6,88 %;30,26 %;14;940;8.102;;;
335;OPTM11;Misto;;;;014;0,00 %;0,00 %;0,00 %;0,00 %;0,00 %;0,00 %;0,00 %;0,00 %;0,00 %;0,00 %;;1.041.557,94;;;;;;;1;;15;;;
336;ORPD11;Fundo de Desenvolvimento;9300;40275;66,0;138;0,00 %;0,00 %;0,00 %;0,00 %;0,00 %;0,00 %;0,00 %;0,00 %;0,00 %;0,00 %;;41.137.915,41;12468;75,0;1,11 %;0,95 %;2,06 %;2,06 %;14;2480;6;;;
337;OUFF11;Fundo de Fundos;6110;264.340,11;96,0;076;1,25 %;0,00 %;0,00 %;1,25 %;0,00 %;0,00 %;0,10 %;7,10 %;-1,44 %;-0,20 %;-4,01 %;118.155.565,38;7855;78,0;0,96 %;3,49 %;4,49 %;11,00 %;1;1145;8.102;;;
338;OUJP11;Papéis;8070;386.468,20;81,0;134;1,63 %;4,43 %;8,47 %;16,41 %;1,48 %;1,41 %;1,37 %;10,29 %;2,30 %;3,96 %;28,78 %;326.069.858,31;10026;80,0;1,05 %;0,37 %;1,42 %;16,56 %;14;1726;25.205;;;
339;OULG11;Imóveis Industriais e Logísticos;3798;109.275,30;62,0;077;2,37 %;0,00 %;2,37 %;2,37 %;0,00 %;0,40 %;0,20 %;2,37 %;3,20 %;5,64 %;5,64 %;153.420.544,36;6168;62,0;1,24 %;-7,82 %;-6,67 %;-13,60 %;2;1618;3.610;;;
340;OURE11;Misto;7820;224.923,68;123,0;109;1,39 %;0,00 %;0,00 %;1,39 %;0,00 %;0,00 %;0,12 %;8,68 %;3,84 %;5,28 %;19,42 %;118.155.565,38;10043;78,0;1,08 %;10,33 %;11,52 %;23,93 %;1;1488;8.102;;;
341;PABY11;Fundo de Desenvolvimento;1134;12260;23,0;013;;;;;;;;;;;;-22.285.251,58;25142;5,0;0,00 %;1,74 %;1,74 %;5,49 %;15;4870;553;;;
342;PATA11;Misto;920;3.429,72;92,0;009;0,88 %;2,93 %;5,77 %;10,16 %;0,98 %;0,96 %;1,02 %;7,49 %;-0,76 %;0,12 %;7,73 %;17.015.333,63;;;;;;;14;8187;236;;;
343;PATB11;Lajes Corporativas;;;;681;0,00 %;0,00 %;0,00 %;0,00 %;0,00 %;0,00 %;0,00 %;0,00 %;0,00 %;0,00 %;;796.698.974,39;;;;;;;3;;1;;;
344;PATC11;Fundo de Desenvolvimento;3779;199.203,30;92,0;007;0,18 %;0,99 %;2,27 %;4,70 %;0,99 %;0,38 %;0,39 %;2,71 %;0,63 %;0,81 %;14,94 %;143.423.027,57;4124;92,0;0,36 %;-46,01 %;-45,82 %;-48,27 %;4;1224;5.737;;;
345;PATL11;Imóveis Industriais e Logísticos;5538;531.831,20;57,0;070;1,33 %;3,68 %;7,60 %;14,53 %;1,23 %;1,27 %;1,21 %;8,85 %;6,96 %;8,38 %;33,88 %;482.622.867,05;9669;57,0;0,59 %;-1,46 %;-0,88 %;6,55 %;4;2143;26.060;;;
346;PCAS11;Indefinido;;;;42857;0,00 %;0,00 %;0,00 %;0,00 %;0,00 %;0,00 %;0,00 %;0,00 %;0,00 %;0,00 %;;269.750.112,60;;;;;;;4;;100;;;
347;PEMA11;Papéis;4390;20220;71,0;036;0,82 %;5,29 %;11,23 %;18,66 %;1,76 %;1,87 %;1,56 %;12,31 %;0,00 %;0,00 %;;34.312.985,54;;;;;;;14;12907;297;;;
348;PFIN11;Indefinido;7733;1.630.615,50;;130;2,01 %;0,00 %;0,00 %;3,39 %;0,00 %;0,00 %;0,28 %;5,03 %;-10,54 %;-8,74 %;5,77 %;;;;;;;;0;1774;0;;;
349;PICE11;Indefinido;3748;55.601,10;;040;1,16 %;0,00 %;1,16 %;1,16 %;0,00 %;0,19 %;0,10 %;1,16 %;-8,02 %;-6,95 %;-6,95 %;;;;;;;;0;4334;0;;;
350;PLAG11;Indefinido;4792;397.774,50;79,0;046;0,94 %;2,88 %;6,22 %;12,50 %;0,96 %;1,04 %;1,04 %;7,30 %;1,31 %;2,26 %;25,19 %;317.252.491,95;;;;;;;12;1000;16.415;;;
351;PLCA11;Indefinido;7132;72.504,05;75,0;100;1,39 %;3,12 %;7,60 %;15,83 %;1,04 %;1,27 %;1,32 %;9,23 %;0,31 %;1,70 %;22,09 %;53.136.653,54;9539;75,0;0,25 %;0,00 %;0,00 %;0,00 %;0;1775;2.600;;;
352;PLCR11;Papéis;7915;330.615,45;86,0;090;1,14 %;3,39 %;7,01 %;13,33 %;1,13 %;1,17 %;1,11 %;8,28 %;-1,82 %;-0,70 %;18,82 %;192.732.926,10;9138;87,0;0,98 %;0,76 %;1,75 %;12,01 %;1;1991;14.839;;;
353;PLOG11;Imóveis Industriais e Logísticos;6671;70.165,04;63,0;070;0,99 %;3,05 %;6,10 %;12,13 %;1,02 %;1,02 %;1,01 %;4,09 %;2,01 %;3,02 %;0,55 %;79.648.071,76;10039;66,0;0,75 %;-0,02 %;0,72 %;8,77 %;1;1663;3.284;;;
354;PLRI11;Papéis;1270;3.402,70;70,0;008;0,53 %;0,00 %;15,67 %;67,76 %;0,00 %;2,61 %;5,65 %;33,39 %;27,69 %;28,37 %;64,49 %;17.392.180,17;1824;70,0;0,46 %;-43,28 %;-43,02 %;-51,53 %;1;25185;901;;;
355;PMFO11;Misto;8661;232.617,00;99,0;084;0,00 %;1,95 %;4,87 %;8,53 %;0,65 %;0,81 %;0,71 %;4,87 %;0,00 %;0,00 %;;85.603.769,86;;;;;;;14;18102;193;;;
356;PMIS11;Misto;813;333.165,05;88,0;011;1,35 %;3,64 %;7,37 %;14,57 %;1,21 %;1,23 %;1,21 %;8,59 %;0,37 %;1,72 %;14,54 %;137.646.291,53;;;;;;;14;2811;7.139;;;
357;PNCR11;Imóveis Residenciais;6865;296;128,0;084;0,00 %;0,00 %;3,15 %;12,84 %;0,00 %;0,53 %;1,07 %;12,84 %;0,00 %;0,00 %;;26.772.366,76;;;;;;;14;17874;113;;;
358;PNDL11;Fundo de Desenvolvimento;1.040,00;1.691.040,00;98,0;300;0,00 %;0,00 %;0,00 %;0,00 %;0,00 %;0,00 %;0,00 %;0,00 %;0,00 %;0,00 %;;153.186.193,92;;;;;;;14;966;54;;;
359;PNPR11;Fundo de Desenvolvimento;4900;1.999.935,00;128,0;1905;25,23 %;0,00 %;0,00 %;25,23 %;0,00 %;0,00 %;8,41 %;25,23 %;0,00 %;0,00 %;;34.302.475,19;;;;;;;1;7298;18;;;
360;PNRC11;Indefinido;10252;10500;189,0;037;0,00 %;0,00 %;1,70 %;25,94 %;0,00 %;0,28 %;2,16 %;1,70 %;0,00 %;0,00 %;;22.191.118,67;;;;;;;14;14865;105;;;
361;PORD11;Papéis;843;313.283,80;88,0;010;1,11 %;3,34 %;6,84 %;13,85 %;1,11 %;1,14 %;1,15 %;8,05 %;2,38 %;3,52 %;26,61 %;358.401.858,64;961;88,0;0,96 %;-90,20 %;-90,11 %;-89,04 %;1;1735;43.647;;;
362;PPEI11;Indefinido;9003;147.507,65;;425;4,76 %;4,76 %;9,85 %;14,26 %;1,59 %;1,64 %;2,04 %;4,76 %;13,58 %;18,98 %;18,98 %;;;;;;;;0;2813;0;;;
363;PQAG11;Imóveis Industriais e Logísticos;5504;1.294.560,06;99,0;047;0,82 %;2,60 %;5,19 %;10,27 %;0,87 %;0,87 %;0,86 %;6,05 %;6,73 %;7,60 %;11,23 %;775.551.897,57;5543;99,0;0,85 %;-3,20 %;-2,38 %;7,24 %;1;3222;473;;;
364;PQDP11;Shoppings;2.479,98;82.852,20;74,0;2550;1,05 %;2,97 %;5,80 %;11,04 %;0,99 %;0,97 %;0,92 %;6,80 %;4,39 %;5,49 %;37,91 %;338.061.183,94;3.361,75;74,0;0,59 %;7,28 %;7,92 %;4,33 %;1;2128;3.360;;;
365;PRIF11;Indefinido;10100;63.097,15;;100;0,00 %;1,98 %;2,93 %;2,93 %;0,66 %;0,98 %;0,98 %;2,93 %;0,00 %;0,00 %;;;;;;;;;0;3693;0;;;
366;PRSV11;Lajes Corporativas;4094;49265;30,0;1410;7,58 %;0,00 %;0,00 %;0,00 %;0,00 %;0,00 %;0,00 %;10,82 %;2,53 %;10,30 %;24,19 %;31.973.685,25;36423;11,0;0,44 %;-0,03 %;0,41 %;-3,81 %;1;7457;834;;;
367;PRTS11;Shoppings;15.303,08;3.768.438.727,79;23982,0;005;0,00 %;0,00 %;0,00 %;0,00 %;0,00 %;0,00 %;0,00 %;0,00 %;0,00 %;0,00 %;;118.155.565,38;;;;;;;14;1893;8.102;;;
368;PULV11;Papéis;785;26.788,85;80,0;010;1,19 %;3,48 %;7,23 %;13,89 %;1,16 %;1,21 %;1,16 %;8,53 %;1,40 %;2,60 %;-4,23 %;118.484.970,23;;;;;;;14;5299;913;;;
369;PVBI11;Lajes Corporativas;7726;2.812.032,15;73,0;050;0,66 %;1,92 %;4,02 %;8,45 %;0,64 %;0,67 %;0,70 %;4,77 %;-4,62 %;-3,99 %;12,27 %;2.852.130.715,44;10513;73,0;0,48 %;1,68 %;2,17 %;10,88 %;7;2076;162.494;0,80 % a.a;0,20 % a.a;
370;QAGR11;Indefinido;4100;258.464,62;77,0;046;0,97 %;3,23 %;6,33 %;12,35 %;1,08 %;1,06 %;1,03 %;4,28 %;17,02 %;18,16 %;15,11 %;305.270.267,01;6057;68,0;0,76 %;8,47 %;9,29 %;8,23 %;12;970;17.348;;;
371;QAMI11;Papéis;8468;67.019,00;133,0;100;1,17 %;0,00 %;0,00 %;0,00 %;0,00 %;0,00 %;0,00 %;11,32 %;6,69 %;7,94 %;14,22 %;118.155.565,38;9280;91,0;1,08 %;1,42 %;2,51 %;14,58 %;14;11397;8.102;;;
372;QIRI11;Papéis;7804;6.867,57;122,0;8964;0,00 %;0,00 %;0,00 %;0,00 %;0,00 %;0,00 %;0,00 %;6,90 %;0,00 %;0,00 %;;118.155.565,38;8961;87,0;100,03 %;-0,41 %;99,21 %;116,58 %;14;965;8.102;;;
373;QNTS11;Indefinido;;;;075;0,00 %;0,00 %;0,00 %;0,00 %;0,00 %;0,00 %;0,00 %;0,00 %;0,00 %;0,00 %;;234.456.608,63;;;;;;;2;;136;;;
374;RBCO11;Lajes Corporativas;;;;050;0,00 %;0,00 %;0,00 %;0,00 %;0,00 %;0,00 %;0,00 %;0,00 %;0,00 %;0,00 %;;;9022;;0,22 %;1,03 %;1,25 %;-7,08 %;0;;0;;;
375;RBDS11;Fundo de Desenvolvimento;275;22743;15,0;235;12,63 %;0,00 %;0,00 %;0,00 %;0,00 %;0,00 %;0,00 %;12,63 %;0,00 %;0,00 %;;2.304.447,12;2298;12,0;0,00 %;0,00 %;0,00 %;0,00 %;14;9513;832;;;
376;RBED11;Educacional;9400;28.351,38;94,0;068;0,73 %;0,00 %;1,84 %;14,39 %;0,00 %;0,31 %;1,20 %;1,76 %;0,77 %;1,51 %;-6,57 %;235.517.684,30;;;0,00 %;-100,00 %;0,00 %;0,00 %;7;1629;10.734;;;
377;RBFF11;Fundo de Fundos;5152;259.065,50;84,0;051;0,98 %;2,97 %;6,29 %;12,30 %;0,99 %;1,05 %;1,03 %;7,38 %;-0,87 %;0,10 %;18,24 %;228.300.372,43;6089;85,0;0,84 %;-4,61 %;-3,81 %;2,94 %;14;2473;26.057;;;
378;RBGS11;Shoppings;2845;;45,0;018;0,62 %;0,00 %;0,00 %;0,00 %;0,00 %;0,00 %;0,00 %;0,62 %;-1,90 %;-1,29 %;-1,29 %;118.155.565,38;9078;31,0;0,18 %;0,00 %;0,18 %;1,17 %;14;;8.102;;;
379;RBHG11;Papéis;6508;240.140,70;72,0;080;1,21 %;3,52 %;7,23 %;14,30 %;1,17 %;1,21 %;1,19 %;8,51 %;-7,27 %;-6,15 %;-1,22 %;190.147.455,78;8771;74,0;0,91 %;-4,75 %;-3,88 %;6,38 %;14;2055;9.475;;;
380;RBHY11;Papéis;7924;205.655,00;85,0;105;1,29 %;3,92 %;8,06 %;16,05 %;1,31 %;1,34 %;1,34 %;9,55 %;1,37 %;2,68 %;18,16 %;176.460.428,56;9319;85,0;1,13 %;-0,99 %;0,13 %;13,68 %;14;1712;3.255;;;
381;RBIF11;Indefinido;7280;94.737,70;;096;1,30 %;3,79 %;7,98 %;14,08 %;1,26 %;1,33 %;1,17 %;9,37 %;-2,18 %;-0,91 %;16,37 %;;;;;;;;0;2321;0;;;
382;RBIR11;Fundo de Desenvolvimento;8819;91.881,60;97,0;224;2,47 %;4,87 %;8,96 %;15,44 %;1,62 %;1,49 %;1,29 %;9,66 %;4,51 %;7,09 %;30,93 %;140.340.061,28;;;;;;;14;2101;1.503;;;
383;RBLG11;Imóveis Industriais e Logísticos;4500;8.950,25;67,0;045;1,27 %;3,20 %;6,73 %;12,32 %;1,07 %;1,12 %;1,03 %;6,73 %;-22,72 %;-21,74 %;-36,86 %;43.039.809,64;6723;67,0;0,67 %;-33,09 %;-32,64 %;-30,19 %;1;18093;253;;;
384;RBOP11;Lajes Corporativas;20501;17.276,30;30,0;350;0,97 %;0,00 %;0,00 %;4,33 %;0,00 %;0,00 %;0,36 %;16,71 %;-0,40 %;0,57 %;101,33 %;69.810.522,49;;;;;;;2;5008;3.175;;;
385;RBRD11;Varejo;4068;81.414,95;63,0;058;1,43 %;3,90 %;8,19 %;15,47 %;1,30 %;1,37 %;1,29 %;9,86 %;-1,12 %;0,29 %;37,80 %;120.122.782,00;6487;63,0;0,77 %;-1,99 %;-1,24 %;-3,23 %;5;2485;7.579;;;
386;RBRF11;Fundo de Fundos;721;1.539.679,50;84,0;006;0,86 %;2,67 %;6,42 %;13,13 %;0,89 %;1,07 %;1,09 %;6,42 %;1,01 %;1,88 %;30,17 %;1.174.746.495,00;859;84,0;0,70 %;-89,51 %;-89,43 %;-89,37 %;1;1706;118.450;0,80 % a.a;0,20 % a.a;20,00 % a.a
387;RBRI11;Fundo de Desenvolvimento;84500;5.820,25;104,0;4726;5,12 %;5,12 %;29,78 %;39,16 %;1,71 %;4,96 %;3,92 %;29,78 %;3,66 %;8,96 %;92,88 %;113.608.709,90;;;;;;;1;19297;118;;;
388;RBRL11;Imóveis Industriais e Logísticos;8348;794.838,70;79,0;075;0,94 %;2,99 %;6,57 %;12,86 %;1,00 %;1,10 %;1,07 %;6,57 %;4,31 %;5,29 %;35,69 %;702.328.033,71;10503;79,0;0,72 %;-2,08 %;-1,37 %;6,65 %;6;2088;13.534;;;
389;RBRM11;Fundo de Desenvolvimento;94.794,81;;1788,0;5.302,02;0,00 %;0,00 %;0,00 %;0,00 %;0,00 %;0,00 %;0,00 %;0,00 %;0,00 %;0,00 %;;2.860.101,93;;;;;;;14;;54;;;
390;RBRP11;Lajes Corporativas;4990;571.457,75;66,0;040;0,81 %;2,56 %;5,73 %;12,46 %;0,85 %;0,96 %;1,04 %;5,73 %;1,94 %;2,77 %;10,66 %;929.424.315,76;7631;65,0;0,52 %;-6,60 %;-6,11 %;-2,40 %;6;2100;65.321;;;
391;RBRR11;Papéis;8951;2.839.820,30;97,0;090;1,04 %;3,43 %;6,95 %;13,38 %;1,14 %;1,16 %;1,12 %;6,95 %;3,80 %;4,88 %;24,80 %;1.390.536.615,48;9235;97,0;1,08 %;-1,83 %;-0,77 %;2,14 %;14;1513;125.322;0,80 % a.a;0,20 % a.a;20,00 % a.a
392;RBRS11;Fundo de Desenvolvimento;4250;37.948,11;44,0;100;2,27 %;2,63 %;3,26 %;3,26 %;0,88 %;0,54 %;0,27 %;3,26 %;-2,33 %;-0,11 %;-8,92 %;167.053.986,47;9632;44,0;0,07 %;2,37 %;2,44 %;8,58 %;4;3872;1.018;;;
393;RBRX11;Indefinido;801;455.808,05;83,0;009;1,11 %;3,28 %;6,62 %;13,36 %;1,09 %;1,10 %;1,11 %;6,62 %;1,38 %;2,51 %;28,23 %;284.809.617,73;;;;;;;14;1709;12.337;;;
394;RBRY11;Papéis;9440;2.100.572,10;98,0;110;1,22 %;3,59 %;7,30 %;14,12 %;1,20 %;1,22 %;1,18 %;7,30 %;-2,47 %;-1,28 %;30,73 %;1.230.435.435,88;9636;98,0;1,14 %;-3,53 %;-2,43 %;2,61 %;14;1483;59.263;;;
395;RBTS11;Fundo de Desenvolvimento;39600;1.216,17;104,0;619;0,00 %;0,00 %;21,51 %;113,36 %;0,00 %;3,59 %;9,45 %;26,82 %;0,00 %;0,00 %;;21.495.924,87;38676;102,0;14,41 %;-64,64 %;-59,55 %;-51,93 %;14;34703;139;;;
396;RBVA11;Varejo;845;1.697.393,85;79,0;009;1,06 %;3,15 %;6,66 %;13,01 %;1,05 %;1,11 %;1,08 %;7,74 %;-1,73 %;-0,69 %;4,45 %;1.663.713.577,77;1066;79,0;0,84 %;-90,25 %;-90,17 %;-88,30 %;82;1629;73.051;;0,65 % a.a;
397;RBVO11;Papéis;532;1.143,43;95,0;566;106,30 %;0,00 %;0,00 %;106,34 %;0,00 %;0,00 %;8,86 %;168,13 %;-80,93 %;-60,65 %;146,57 %;2.882.596,37;;;0,00 %;-100,00 %;0,00 %;0,00 %;14;7889;6.943;;;
398;RCFF11;Fundo de Fundos;9800;4900;96,0;530;5,41 %;0,00 %;5,41 %;34,31 %;0,00 %;0,90 %;3,81 %;5,41 %;45,88 %;53,77 %;53,77 %;33.046.234,37;9880;99,0;5,36 %;8,01 %;13,81 %;14,19 %;14;14887;127;;;
399;RCRB11;Lajes Corporativas;12534;711.108,05;63,0;045;0,33 %;1,38 %;3,60 %;8,44 %;0,46 %;0,60 %;0,70 %;4,30 %;6,17 %;6,52 %;26,39 %;741.321.287,87;20086;62,0;0,44 %;-3,13 %;-2,70 %;6,81 %;9;3037;28.793;;;
400;RDCI11;Indefinido;;;;144;0,00 %;0,00 %;0,00 %;0,00 %;0,00 %;0,00 %;0,00 %;0,00 %;0,00 %;0,00 %;;222.712.853,68;;;;;;;14;;127;;;
401;RDPD11;Papéis;2296;98.337,21;106,0;030;1,32 %;6,39 %;20,10 %;48,89 %;2,13 %;3,35 %;4,07 %;29,45 %;7,36 %;8,77 %;-0,47 %;24.085.452,18;3395;68,0;0,94 %;-37,05 %;-36,45 %;-36,01 %;0;5416;3.141;;;
402;RECD11;Papéis;857;1.683,76;82,0;165;18,11 %;20,23 %;23,80 %;27,80 %;6,74 %;3,97 %;3,48 %;25,03 %;-7,79 %;8,91 %;12,81 %;53.921.748,33;;;;;;;0;8078;216;;;
403;RECM11;Papéis;861;2.120,00;88,0;012;0,00 %;2,84 %;6,66 %;8,76 %;0,95 %;1,11 %;1,25 %;7,84 %;0,00 %;0,00 %;;82.390.579,51;;;;;;;0;8045;645;;;
404;RECR11;Papéis;8602;2.561.641,15;97,0;105;1,25 %;4,36 %;8,70 %;15,97 %;1,45 %;1,45 %;1,33 %;8,70 %;2,32 %;3,60 %;39,96 %;2.359.665.396,17;8924;96,0;1,52 %;-6,39 %;-4,96 %;8,17 %;1;1755;169.463;;0,20 % a.a;
405;RECT11;Lajes Corporativas;3222;197.015,65;35,0;037;0,00 %;2,28 %;5,89 %;13,55 %;0,76 %;0,98 %;1,13 %;7,24 %;0,00 %;0,00 %;;776.603.301,84;9090;35,0;0,41 %;-2,97 %;-2,57 %;-0,48 %;9;2347;53.824;;;
406;RECX11;Fundo de Fundos;6799;2.656,22;94,0;1237;18,19 %;0,00 %;0,00 %;37,37 %;0,00 %;0,00 %;3,11 %;24,82 %;0,00 %;18,19 %;28,18 %;15.823.826,78;7369;92,0;0,81 %;-5,69 %;-4,93 %;-9,90 %;14;1358;577;;;
407;REIT11;Papéis;8500;4250;28,0;291;0,00 %;0,00 %;2,76 %;5,20 %;0,00 %;0,46 %;0,43 %;2,76 %;0,00 %;0,00 %;;7.907.256,16;;;;;;;1;8845;64;;;
408;RELG11;Imóveis Industriais e Logísticos;7359;66.749,75;82,0;075;0,00 %;1,96 %;5,35 %;9,06 %;0,65 %;0,89 %;0,76 %;6,83 %;0,00 %;0,00 %;;119.319.975,15;8941;82,0;0,76 %;-26,77 %;-26,22 %;-19,97 %;5;4382;4.282;;;
409;RENV11;Serviços Financeiros Diversos;605;3.988,70;64,0;002;0,34 %;0,00 %;0,34 %;3,69 %;0,00 %;0,34 %;0,92 %;0,34 %;-35,37 %;-35,15 %;-35,15 %;9.680.260,31;;;;;;;14;10277;485;;;
410;RFOF11;Fundo de Fundos;6200;191.477,55;87,0;065;1,03 %;3,15 %;6,65 %;13,55 %;1,05 %;1,11 %;1,13 %;7,90 %;0,22 %;1,26 %;19,11 %;76.201.058,96;7068;88,0;0,92 %;-11,58 %;-10,77 %;-9,69 %;14;2377;4.192;;;
411;RIFF11;Indefinido;768;209.888,25;;010;1,22 %;2,48 %;6,51 %;10,46 %;0,83 %;1,09 %;0,87 %;7,78 %;3,58 %;4,84 %;24,08 %;;;;;;;;0;4297;0;;;
412;RINV11;Indefinido;10573;385.167,25;101,0;105;1,01 %;3,11 %;6,55 %;13,52 %;1,04 %;1,09 %;1,13 %;6,55 %;1,65 %;2,68 %;21,38 %;341.306.306,95;;;;;;;14;1125;3.829;;;
413;RMAI11;Lajes Corporativas;7799;32.905,11;73,0;058;0,69 %;2,16 %;4,23 %;8,04 %;0,72 %;0,71 %;0,67 %;5,44 %;5,59 %;6,32 %;24,41 %;260.412.223,58;10656;73,0;0,51 %;-1,21 %;-0,70 %;1,51 %;2;3615;1.076;;;
414;RNDP11;Papéis;4050;14.794,00;101,0;4038;99,67 %;0,00 %;103,08 %;154,23 %;0,00 %;17,18 %;12,85 %;145,40 %;-5,64 %;88,42 %;309,72 %;4.329.855,96;;;0,00 %;-100,00 %;0,00 %;0,00 %;14;10307;1.292;;;
415;RNGO11;Lajes Corporativas;4623;41.466,40;55,0;040;0,85 %;2,56 %;5,29 %;10,68 %;0,85 %;0,88 %;0,89 %;6,23 %;4,67 %;5,56 %;21,91 %;224.504.093,26;8390;55,0;0,45 %;-3,16 %;-2,72 %;1,79 %;4;1518;7.934;;;
416;ROOF11;Fundo de Desenvolvimento;38640;27.048,00;93,0;903;1,31 %;1,31 %;15,90 %;19,61 %;0,44 %;2,65 %;1,63 %;15,90 %;0,00 %;1,31 %;16,09 %;32.090.642,35;;;;;;;42;12619;80;;;
417;RPRI11;Papéis;8677;384.859,90;88,0;110;1,25 %;4,01 %;7,97 %;15,25 %;1,34 %;1,33 %;1,27 %;9,22 %;1,21 %;2,47 %;20,84 %;340.344.441,15;;;;;;;14;1566;4.203;;;
418;RRCI11;Papéis;7324;18.345,32;82,0;085;1,15 %;3,50 %;7,29 %;14,98 %;1,17 %;1,22 %;1,25 %;8,60 %;1,03 %;2,19 %;27,85 %;43.528.277,60;9035;81,0;0,94 %;-3,96 %;-3,06 %;8,01 %;14;1581;1.793;;;
419;RSPD11;Fundo de Desenvolvimento;1.111,00;68.761,00;115,0;4974;4,48 %;6,50 %;9,94 %;11,84 %;2,17 %;1,66 %;0,99 %;9,94 %;11,21 %;16,19 %;15,60 %;143.919.763,61;1.130,10;98,0;0,98 %;-1,08 %;-0,11 %;-0,11 %;14;18337;137;;;
420;RURA11;Indefinido;818;1.474.463,65;80,0;011;1,26 %;3,71 %;7,03 %;13,03 %;1,24 %;1,17 %;1,09 %;7,88 %;-2,69 %;-1,47 %;23,79 %;1.638.806.127,60;1024;80,0;0,98 %;0,00 %;0,00 %;0,00 %;0;2354;87.443;;1,00 % a.a;20,00 % a.a
421;RVBI11;Fundo de Fundos;6539;810.779,90;86,0;070;1,08 %;3,30 %;7,05 %;14,09 %;1,10 %;1,18 %;1,17 %;7,05 %;-1,32 %;-0,25 %;23,33 %;778.215.688,83;7573;86,0;0,92 %;-9,87 %;-9,03 %;-3,36 %;14;1827;54.068;;;
422;RZAG11;Indefinido;888;1.546.339,85;93,0;013;1,40 %;4,29 %;8,89 %;17,64 %;1,43 %;1,48 %;1,47 %;10,37 %;1,48 %;2,90 %;37,48 %;654.999.799,33;963;92,0;1,30 %;0,76 %;2,06 %;14,79 %;0;1357;80.823;;1,15 % a.a;10,00 % a.a
423;RZAK11;Papéis;8186;1.142.428,35;94,0;115;1,44 %;4,19 %;9,98 %;18,79 %;1,40 %;1,66 %;1,57 %;9,98 %;-0,13 %;1,31 %;33,00 %;768.979.557,27;8731;94,0;1,20 %;-6,83 %;-5,71 %;4,45 %;14;1158;45.011;;1,25 % a.a;15,00 % a.a
424;RZAT11;Imóveis Industriais e Logísticos;9131;579.286,00;90,0;115;1,28 %;3,85 %;7,79 %;15,19 %;1,28 %;1,30 %;1,27 %;7,79 %;1,46 %;2,76 %;28,87 %;431.042.207,48;;;;;;;13;1754;35.435;;;
425;RZEO11;Indefinido;19300;2.187,33;95,0;476;0,00 %;0,00 %;19,47 %;22,02 %;0,00 %;6,49 %;7,34 %;19,47 %;0,00 %;0,00 %;;639.680.807,44;20022;96,0;23,12 %;0,00 %;0,00 %;0,00 %;0;13739;153;;;
426;RZLC11;Papéis;1.003,07;645.358,07;101,0;1173;1,16 %;3,53 %;6,81 %;11,00 %;1,18 %;1,14 %;1,22 %;7,88 %;1,18 %;2,35 %;16,93 %;49.463.913,30;;;;;;;0;1571;114;;;
427;RZTR11;Misto;9372;2.411.084,10;98,0;105;1,11 %;3,42 %;7,25 %;14,42 %;1,14 %;1,21 %;1,20 %;8,62 %;2,21 %;3,34 %;26,28 %;1.815.212.788,33;9629;97,0;1,09 %;-1,17 %;-0,09 %;11,38 %;16;1332;141.557;1,25 % a.a;;20,00 % a.a
428;RZZR11;Imóveis Industriais e Logísticos;13920;94.691,06;83,0;119;0,00 %;1,72 %;4,40 %;7,51 %;0,57 %;0,73 %;0,63 %;4,40 %;0,00 %;0,00 %;;853.451.618,15;;;;;;;10;6976;449;;;
429;SADI11;Papéis;850;186.925,70;89,0;011;1,30 %;3,64 %;7,18 %;13,65 %;1,21 %;1,20 %;1,14 %;8,35 %;2,70 %;4,03 %;19,59 %;149.683.438,79;967;88,0;1,03 %;-90,24 %;-90,14 %;-89,06 %;14;1117;10.953;;;
430;SALI11;Misto;;;;096;0,00 %;0,00 %;0,00 %;0,00 %;0,00 %;0,00 %;0,00 %;0,00 %;0,00 %;0,00 %;;7.255.862,61;;;;;;;5;;2;;;
431;SAPI11;Misto;875;115.321,45;88,0;012;1,39 %;3,99 %;8,07 %;14,96 %;1,33 %;1,35 %;1,25 %;9,38 %;0,58 %;1,98 %;26,43 %;153.955.051,06;;;;;;;14;2072;2.988;;;
432;SARE11;Misto;466;862.122,05;60,0;003;0,56 %;1,66 %;3,56 %;6,92 %;0,55 %;0,59 %;0,58 %;4,13 %;-1,49 %;-0,94 %;36,29 %;713.843.495,09;773;60,0;0,34 %;-91,81 %;-91,78 %;-91,55 %;2;2257;29.870;;;
433;SCPF11;Shoppings;298;3.086,80;28,0;005;1,07 %;0,00 %;0,00 %;0,00 %;0,00 %;0,00 %;0,00 %;1,46 %;-8,68 %;-7,70 %;-11,74 %;44.569.375,94;1184;25,0;0,38 %;1,11 %;1,49 %;-3,03 %;2;6880;4.579;;;
434;SDIL11;Imóveis Industriais e Logísticos;9650;1.030.917,86;101,0;075;0,76 %;2,49 %;5,22 %;10,27 %;0,83 %;0,87 %;0,86 %;6,12 %;2,04 %;2,82 %;10,51 %;612.048.658,06;9833;98,0;0,83 %;-0,22 %;0,61 %;9,86 %;5;1497;63.292;;;
435;SEED11;Indefinido;10000;20000;114,0;080;0,00 %;1,12 %;4,96 %;8,08 %;0,37 %;0,83 %;0,67 %;5,89 %;0,00 %;0,00 %;;144.467.811,48;;;;;;;14;3344;129;;;
436;SEQR11;Misto;4942;49.030,65;53,0;058;1,18 %;3,70 %;7,53 %;15,13 %;1,23 %;1,26 %;1,26 %;7,53 %;3,90 %;5,12 %;17,13 %;154.755.666,99;9291;53,0;0,63 %;-0,91 %;-0,29 %;5,56 %;4;1536;4.781;;;
437;SHOP11;Shoppings;2745;1.126,11;68,0;675;0,00 %;0,00 %;0,00 %;0,00 %;0,00 %;0,00 %;0,00 %;0,00 %;0,00 %;0,00 %;;81.353.282,15;;;;;;;1;16173;79;;;
438;SHPH11;Shoppings;97999;132.310,85;95,0;530;0,56 %;4,05 %;5,89 %;9,14 %;1,35 %;0,98 %;0,76 %;6,46 %;-2,27 %;-1,73 %;30,89 %;619.746.094,70;1.017,73;96,0;0,52 %;13,82 %;14,41 %;20,04 %;1;4265;2.133;;;
439;SHSO11;Indefinido;;;;042;0,00 %;0,00 %;0,00 %;0,00 %;0,00 %;0,00 %;0,00 %;0,00 %;0,00 %;0,00 %;;118.155.565,38;;;;;;;14;;8.102;;;
440;SIGR11;Indefinido;9990;10000;1058,0;130;0,00 %;0,00 %;0,00 %;0,00 %;0,00 %;0,00 %;0,00 %;1,32 %;0,00 %;0,00 %;;189.222.241,40;;;;;;;14;155;8.539;;;
441;SJAU11;Imóveis Industriais e Logísticos;1250;49320;62,0;2013;69,85 %;255,73 %;255,73 %;255,73 %;127,87 %;127,87 %;127,87 %;255,73 %;58,26 %;168,81 %;168,81 %;159.298.371,84;;;;;;;14;1.033,94;307;;;
442;SMRE11;Incorporações;7900;176.872,70;79,0;101;1,26 %;3,72 %;7,30 %;14,17 %;1,24 %;1,22 %;1,18 %;8,38 %;1,30 %;2,58 %;-5,88 %;95.960.616,10;;;;;;;14;5054;1.719;;;
443;SNAG11;Papéis;973;1.117.675,50;95,0;011;1,14 %;3,47 %;7,21 %;13,86 %;1,16 %;1,20 %;1,16 %;7,21 %;1,16 %;2,31 %;14,45 %;621.465.358,93;1023;95,0;1,08 %;-89,90 %;-89,79 %;-89,46 %;0;1392;113.332;8,00 % a.a;0,07 % a.a;
444;SNCI11;Papéis;8995;468.450,20;93,0;100;1,10 %;3,36 %;7,03 %;14,31 %;1,12 %;1,17 %;1,19 %;7,03 %;0,18 %;1,28 %;27,87 %;410.750.905,07;9780;92,0;1,02 %;0,41 %;1,44 %;11,47 %;14;1753;37.996;0,70 % a.a;0,15 % a.a;
445;SNEL11;Fundo de Desenvolvimento;847;957.003,55;105,0;010;1,18 %;3,56 %;7,16 %;14,67 %;1,19 %;1,19 %;1,22 %;7,16 %;1,31 %;2,51 %;10,77 %;309.759.671,06;;;;;;;14;1311;31.782;1,08 % a.a;0,12 % a.a;20,00 % a.a
446;SNFF11;Fundo de Fundos;7359;372.590,05;87,0;072;0,99 %;3,04 %;6,14 %;12,86 %;1,01 %;1,02 %;1,07 %;6,14 %;0,35 %;1,34 %;5,57 %;338.279.814,65;8414;87,0;0,86 %;-4,94 %;-4,12 %;-2,52 %;14;1477;28.513;;0,73 % a.a;10,00 % a.a
447;SNFZ11;Misto;1022;122.165,10;104,0;007;0,67 %;2,01 %;3,89 %;6,19 %;0,67 %;0,65 %;0,69 %;3,89 %;1,35 %;2,03 %;7,14 %;60.910.132,90;982;104,0;0,66 %;0,00 %;0,00 %;0,00 %;0;1372;3.810;;;
448;SNID11;Indefinido;1013;91.104,40;;012;1,19 %;3,53 %;7,05 %;13,69 %;1,18 %;1,18 %;1,14 %;7,05 %;1,51 %;2,72 %;24,31 %;;;;;;;;0;1907;0;;;
449;SNLG11;Imóveis Industriais e Logísticos;080;31.266,40;87,0;084;8.400,00 %;8.400,00 %;8.496,77 %;9.017,40 %;2.800,00 %;1.416,13 %;751,45 %;8.496,77 %;-96,77 %;174,19 %;457,52 %;65.477.185,63;;;;;;;2;2.218,05;3.730;;;
450;SNME11;Indefinido;964;24.248,95;100,0;011;1,15 %;3,48 %;7,33 %;14,14 %;1,16 %;1,22 %;1,18 %;7,33 %;1,48 %;2,65 %;13,98 %;71.884.970,94;;;;;;;2;1979;3.830;;;
451;SOLR11;Imóveis Comerciais - Outros;1.051,35;4.931.882,00;112,0;477;0,00 %;0,00 %;0,00 %;0,00 %;0,00 %;0,00 %;0,00 %;0,00 %;0,00 %;0,00 %;;61.311.413,99;;;;;;;1;12175;53;;;
452;SPDE11;Indefinido;1.266,67;2.533,30;95,0;551;0,00 %;0,46 %;5,75 %;13,45 %;0,46 %;0,96 %;1,49 %;5,91 %;0,00 %;0,00 %;;122.054.830,52;;;;;;;14;5764;120;;;
453;SPMO11;Indefinido;14400;335.334,00;107,0;043;0,00 %;0,00 %;0,00 %;0,00 %;0,00 %;0,00 %;0,00 %;0,00 %;0,00 %;0,00 %;;244.006.871,63;;;;;;;14;2550;12;;;
454;SPTW11;Lajes Corporativas;3615;41.434,15;62,0;045;1,25 %;3,68 %;7,62 %;14,96 %;1,23 %;1,27 %;1,25 %;9,10 %;1,92 %;3,20 %;20,79 %;104.313.704,44;5802;62,0;0,72 %;4,09 %;4,84 %;20,39 %;1;2327;19.462;;;
455;SPVJ11;Shoppings;;;;018;0,00 %;0,00 %;0,00 %;0,00 %;0,00 %;0,00 %;0,00 %;0,00 %;0,00 %;0,00 %;;126.012.178,82;1996;;0,65 %;-82,83 %;-82,72 %;-79,92 %;14;;25;;;
456;SPXS11;Indefinido;864;375.623,10;91,0;010;1,17 %;3,51 %;7,30 %;14,59 %;1,17 %;1,22 %;1,22 %;7,30 %;0,58 %;1,76 %;18,10 %;189.829.092,43;;;;;;;14;2068;20.140;;;
457;SRVD11;Indefinido;300;23391;556,0;020;2,29 %;0,00 %;0,00 %;0,00 %;0,00 %;0,00 %;0,00 %;3,30 %;-9,79 %;-7,73 %;-7,73 %;52.261.846,98;119;253,0;16,87 %;-0,11 %;16,74 %;25,64 %;14;37598;106;;;
458;STRX11;Fundo de Desenvolvimento;15361;15300;108,0;095;0,00 %;0,60 %;2,25 %;4,19 %;0,60 %;0,38 %;0,35 %;2,76 %;0,00 %;0,00 %;;229.006.647,96;14193;108,0;0,68 %;-4,31 %;-3,66 %;8,02 %;3;443;109;;;
459;TCPF11;Misto;3953;;39,0;131;0,00 %;0,00 %;0,00 %;0,00 %;0,00 %;0,00 %;0,00 %;0,00 %;0,00 %;0,00 %;;29.960.088,72;;;;;;;14;;52;;;
460;TELM11;Indefinido;1005;5250;102,0;010;1,01 %;3,05 %;5,80 %;6,50 %;1,02 %;0,97 %;1,08 %;5,80 %;1,02 %;2,04 %;4,88 %;21.098.283,74;;;;;;;14;4175;112;;;
461;TEPP11;Lajes Corporativas;8185;518.439,05;84,0;110;1,30 %;3,55 %;7,07 %;13,00 %;1,18 %;1,18 %;1,08 %;8,11 %;2,19 %;3,52 %;19,22 %;408.034.606,38;9665;85,0;0,98 %;0,97 %;1,96 %;13,80 %;5;1477;29.098;;;
462;TGAR11;Fundo de Desenvolvimento;9178;3.358.626,15;82,0;100;1,09 %;3,35 %;7,08 %;14,25 %;1,12 %;1,18 %;1,19 %;8,42 %;3,55 %;4,68 %;11,43 %;2.642.083.829,73;11210;82,0;0,89 %;-12,27 %;-11,49 %;-1,31 %;9;2177;156.395;1,28 % a.a;0,22 % a.a;30,00 % a.a
463;TJKB11;Indefinido;25274;26.037,15;95,0;290;1,13 %;3,43 %;7,21 %;11,71 %;1,14 %;1,20 %;0,98 %;6,00 %;1,41 %;2,55 %;0,51 %;307.701.698,01;;;;;;;8;16074;302;;;
464;TMPS11;Fundo de Fundos;8087;225.721,05;88,0;082;1,01 %;3,03 %;6,15 %;15,33 %;1,01 %;1,03 %;1,28 %;8,53 %;-0,15 %;0,86 %;17,76 %;91.836.276,37;;;;;;;14;1830;1.980;;;
465;TOPP11;Imóveis Comerciais - Outros;7100;379.702,00;71,0;084;1,18 %;3,56 %;7,31 %;9,54 %;1,19 %;1,22 %;1,19 %;7,31 %;-2,92 %;-1,77 %;19,55 %;445.377.168,94;;;;;;;2;3258;4.841;;;
466;TORD11;Misto;338;18.788,05;57,0;004;1,08 %;1,08 %;1,66 %;1,66 %;0,36 %;0,28 %;0,14 %;1,66 %;-34,51 %;-33,80 %;-89,51 %;208.995.420,04;1394;24,0;0,36 %;8,23 %;8,62 %;12,48 %;1;3386;68.469;;;
467;TRBL11;Imóveis Industriais e Logísticos;5895;380.680,40;68,0;056;0,93 %;2,74 %;5,76 %;11,47 %;0,91 %;0,96 %;0,96 %;6,70 %;-7,08 %;-6,21 %;-3,52 %;673.908.473,91;;;;;;;5;3268;50.859;;;
468;TRNT11;Lajes Corporativas;9650;19.267,63;54,0;007;0,06 %;0,00 %;0,00 %;0,00 %;0,00 %;0,00 %;0,00 %;0,71 %;0,00 %;0,00 %;;694.117.686,19;19764;49,0;0,04 %;0,38 %;0,42 %;-0,87 %;1;4624;546;;;
469;TRXB11;Fundo de Desenvolvimento;13720;3.356,26;130,0;170;1,23 %;2,89 %;5,52 %;18,46 %;0,96 %;0,92 %;1,54 %;10,92 %;15,91 %;17,33 %;29,61 %;360.419.774,92;;;;;;;13;8352;450;;;
470;TRXF11;Imóveis Comerciais - Outros;10086;6.037.022,30;98,0;151;1,47 %;3,30 %;6,17 %;13,71 %;1,10 %;1,03 %;1,14 %;8,79 %;1,38 %;2,87 %;18,54 %;2.055.858.877,40;10261;98,0;0,91 %;-2,69 %;-1,81 %;13,94 %;37;1256;183.602;1,00 % a.a;;20,00 % a.a
471;TRXY11;Outros;980;3.418,05;105,0;012;1,25 %;3,62 %;7,14 %;8,99 %;1,21 %;1,19 %;1,50 %;8,99 %;3,23 %;4,52 %;12,27 %;33.613.351,23;;;;;;;0;3621;620;;;
472;TSER11;Lajes Corporativas;10080;10000;103,0;096;0,00 %;0,98 %;3,97 %;8,82 %;0,98 %;0,66 %;0,74 %;4,97 %;0,00 %;0,00 %;;135.944.803,98;;;;;;;1;16767;20;;;
473;TVRI11;Agências de Bancos;9422;1.816.536,90;93,0;103;1,09 %;3,40 %;7,10 %;13,82 %;1,13 %;1,18 %;1,15 %;8,30 %;3,03 %;4,15 %;23,18 %;1.616.024.845,76;;;;;;;61;1585;62.559;;0,28 % a.a;
474;URHF11;Outros;9000;4.158,65;94,0;125;1,39 %;4,31 %;8,78 %;17,93 %;1,44 %;1,46 %;1,63 %;10,34 %;-0,79 %;0,59 %;10,10 %;10.621.306,61;;;;;;;14;14872;178;;;
475;URPR11;Papéis;3988;1.269.353,95;40,0;045;1,12 %;3,32 %;7,73 %;16,42 %;1,11 %;1,29 %;1,37 %;9,33 %;-16,37 %;-15,44 %;-20,30 %;1.179.237.639,57;10050;40,0;0,69 %;1,71 %;2,41 %;26,76 %;14;2612;72.310;0,95 % a.a;0,25 % a.a;20,00 % a.a
476;VANG11;Indefinido;10028;1.310,33;;100;0,00 %;1,01 %;3,98 %;7,93 %;0,34 %;0,66 %;0,88 %;4,98 %;0,00 %;0,00 %;;;;;;;;;0;4861;0;;;
477;VCJR11;Papéis;8056;2.337.761,30;85,0;095;1,16 %;4,22 %;8,23 %;14,90 %;1,41 %;1,37 %;1,24 %;9,58 %;-3,04 %;-1,91 %;20,73 %;1.386.941.072,85;9420;86,0;1,11 %;-0,05 %;1,06 %;13,97 %;14;1769;31.575;;;
478;VCRA11;Indefinido;6284;575.184,35;62,0;090;1,40 %;3,59 %;8,61 %;17,82 %;1,20 %;1,44 %;1,49 %;10,30 %;-4,39 %;-3,05 %;17,13 %;468.512.581,87;10199;62,0;0,98 %;-0,39 %;0,59 %;2,07 %;0;2188;10.895;;;
479;VCRI11;Papéis;748;187.058,40;79,0;011;1,46 %;4,19 %;8,00 %;15,44 %;1,40 %;1,33 %;1,29 %;9,34 %;-0,66 %;0,79 %;21,68 %;193.655.273,70;943;79,0;1,06 %;-0,21 %;0,85 %;2,64 %;14;1829;14.397;;;
480;VCRR11;Imóveis Residenciais;6327;252.525,05;51,0;050;0,76 %;2,40 %;5,11 %;10,99 %;0,80 %;0,85 %;0,92 %;6,16 %;6,21 %;7,02 %;18,73 %;254.243.737,18;12712;50,0;0,39 %;-0,87 %;-0,48 %;14,01 %;14;2593;3.672;;;
481;VGHF11;Misto;775;2.215.939,60;90,0;010;1,29 %;3,65 %;7,48 %;14,58 %;1,22 %;1,25 %;1,22 %;8,75 %;1,17 %;2,48 %;17,57 %;1.408.483.660,34;855;91,0;1,05 %;-6,66 %;-5,68 %;6,43 %;14;1716;395.217;0,90 % a.a;;20,00 % a.a
482;VGIA11;Indefinido;920;1.255.650,05;95,0;013;1,38 %;4,12 %;8,64 %;18,14 %;1,37 %;1,44 %;1,51 %;8,64 %;3,20 %;4,62 %;38,97 %;834.108.379,64;965;95,0;1,24 %;1,27 %;2,53 %;10,88 %;0;1572;169.477;1,15 % a.a;;10,00 % a.a
483;VGII11;Tecidos. Vestuário e Calçados;10141;753.527,00;106,0;482;5,33 %;0,00 %;5,33 %;9,63 %;0,00 %;0,89 %;0,80 %;5,33 %;0,00 %;5,33 %;5,33 %;49.803.897,66;;;;;;;14;1752;3;;;
484;VGIP11;Papéis;8501;1.405.849,90;94,0;198;2,45 %;4,80 %;8,44 %;15,23 %;1,60 %;1,41 %;1,27 %;8,44 %;0,00 %;2,45 %;33,56 %;1.062.931.225,63;9018;94,0;1,25 %;-0,29 %;0,96 %;9,75 %;14;2005;84.408;;;
485;VGIR11;Papéis;978;4.576.021,75;100,0;012;1,28 %;3,86 %;7,63 %;14,80 %;1,29 %;1,27 %;1,23 %;7,63 %;-1,48 %;-0,22 %;24,85 %;1.425.749.398,15;976;100,0;1,23 %;1,24 %;2,49 %;-88,72 %;1;1237;254.907;0,80 % a.a;0,20 % a.a;20,00 % a.a
486;VGRI11;Misto;840;437.955,90;79,0;012;1,41 %;4,44 %;10,51 %;22,65 %;1,48 %;1,75 %;1,89 %;12,71 %;5,57 %;7,06 %;33,63 %;370.357.541,21;;;;;;;5;2174;15.490;;;
487;VIDS11;Fundo de Desenvolvimento;91564;;103,0;333;0,00 %;0,00 %;0,00 %;0,00 %;0,00 %;0,00 %;0,00 %;0,00 %;0,00 %;0,00 %;;84.079.739,17;;;;;;;14;042;199;;;
488;VIFI11;Fundo de Fundos;696;3026;87,0;007;1,01 %;0,00 %;1,94 %;7,87 %;0,00 %;0,32 %;0,66 %;3,00 %;-7,57 %;-6,64 %;5,15 %;64.507.809,24;797;87,0;0,88 %;-9,94 %;-9,15 %;-72,22 %;14;1735;5.521;;;
489;VIGT11;Indefinido;3690;473.250,60;;015;0,41 %;1,26 %;2,13 %;8,92 %;0,42 %;0,36 %;0,74 %;2,48 %;1,26 %;1,67 %;-34,07 %;;;;;;;;0;5536;0;;;
490;VILG11;Imóveis Industriais e Logísticos;8265;1.467.620,25;74,0;070;0,82 %;2,40 %;5,04 %;9,93 %;0,80 %;0,84 %;0,83 %;5,93 %;-1,47 %;-0,66 %;23,67 %;1.686.285.597,34;11244;74,0;0,60 %;0,15 %;0,76 %;6,99 %;15;1925;146.448;;;
491;VINO11;Lajes Corporativas;512;440.341,00;49,0;009;1,66 %;3,61 %;6,77 %;12,90 %;1,20 %;1,13 %;1,08 %;7,84 %;-0,58 %;1,07 %;19,27 %;850.746.023,48;1027;50,0;0,49 %;-81,24 %;-81,15 %;-80,03 %;10;2436;147.322;;1,10 % a.a;20,00 % a.a
492;VISC11;Shoppings;10495;3.130.635,95;85,0;081;0,78 %;2,31 %;4,80 %;9,75 %;0,77 %;0,80 %;0,81 %;5,66 %;0,14 %;0,92 %;19,38 %;3.578.940.234,67;12415;85,0;0,64 %;0,26 %;0,90 %;15,94 %;30;1799;345.178;1,05 % a.a;;
493;VIUR11;Misto;561;280.723,30;65,0;007;1,17 %;3,52 %;7,57 %;14,83 %;1,17 %;1,26 %;1,24 %;8,79 %;-0,35 %;0,82 %;16,65 %;235.948.679,62;876;64,0;0,76 %;-4,78 %;-4,05 %;-90,00 %;7;2299;46.312;;;
494;VJFD11;Papéis;15502;3.889,59;95,0;085;0,00 %;0,48 %;1,94 %;3,38 %;0,48 %;0,32 %;0,28 %;2,42 %;0,00 %;0,00 %;;799.011.317,57;16386;95,0;0,46 %;20,42 %;20,97 %;27,95 %;39;532;96;;;
495;VLIQ11;Indefinido;;;;504;0,00 %;0,00 %;0,00 %;0,00 %;0,00 %;0,00 %;0,00 %;0,00 %;0,00 %;0,00 %;;118.155.565,38;;;;;;;14;;8.102;;;
496;VLOL11;Lajes Corporativas;9800;160.238,13;154,0;1630;0,00 %;0,00 %;0,00 %;0,00 %;0,00 %;0,00 %;0,00 %;1,99 %;0,00 %;0,00 %;;118.155.565,38;11106;88,0;0,55 %;-0,14 %;0,40 %;14,11 %;14;989;8.102;;;
497;VOTS11;Papéis;7724;15.982,12;84,0;066;0,83 %;2,41 %;4,88 %;11,00 %;0,80 %;0,81 %;0,92 %;6,32 %;-3,52 %;-2,72 %;22,86 %;75.800.940,44;9156;84,0;0,66 %;-1,85 %;-1,21 %;7,67 %;14;4063;613;;;
498;VPPR11;Lajes Corporativas;1256;176.929,15;31,0;007;0,53 %;0,00 %;0,00 %;2,66 %;0,00 %;0,00 %;0,22 %;0,53 %;-10,74 %;-10,27 %;-10,27 %;294.470.192,55;;;;;;;2;1502;38.566;;;
499;VRTA11;Papéis;7997;1.211.896,15;94,0;085;1,04 %;3,15 %;6,46 %;12,84 %;1,05 %;1,08 %;1,07 %;7,61 %;1,81 %;2,87 %;18,11 %;1.324.871.435,73;8497;94,0;1,00 %;-6,80 %;-5,87 %;2,65 %;14;1555;113.917;;1,00 % a.a;
500;VRTM11;Misto;706;416.999,00;76,0;009;1,27 %;3,82 %;8,08 %;15,35 %;1,27 %;1,35 %;1,28 %;9,50 %;0,42 %;1,70 %;17,16 %;436.783.848,15;;;;;;;4;3512;11.805;;;
501;VSEC11;Papéis;021;250;0,0;205;0,00 %;0,00 %;0,00 %;0,00 %;0,00 %;0,00 %;0,00 %;138,00 %;0,00 %;0,00 %;;118.155.565,38;;;;;;;14;90416;8.102;;;
502;VSHO11;Shoppings;7244;19.125,10;69,0;099;1,38 %;3,25 %;6,23 %;12,50 %;1,08 %;1,04 %;1,04 %;7,33 %;3,70 %;5,13 %;20,15 %;220.032.259,71;10484;69,0;0,57 %;5,50 %;6,11 %;11,02 %;3;1898;3.272;;;
503;VSLH11;Papéis;296;95.427,60;29,0;003;1,11 %;3,67 %;6,90 %;14,81 %;1,22 %;1,15 %;1,23 %;6,90 %;12,93 %;14,18 %;3,61 %;300.936.070,55;1008;29,0;0,38 %;-2,98 %;-2,62 %;15,94 %;14;1937;70.255;;;
504;VTLT11;Imóveis Industriais e Logísticos;8862;50.257,40;85,0;099;1,09 %;3,30 %;6,93 %;13,55 %;1,10 %;1,16 %;1,13 %;8,07 %;0,55 %;1,65 %;17,67 %;221.970.675,05;10495;84,0;0,92 %;4,19 %;5,15 %;12,95 %;1;1464;5.879;;;
505;VTPL11;Papéis;7210;7200;72,0;511;0,00 %;0,00 %;0,00 %;0,00 %;0,00 %;0,00 %;0,00 %;0,00 %;0,00 %;0,00 %;;139.556.053,99;;;;;;;2;;124;;;
506;VVCO11;Lajes Corporativas;1384;7.625,47;98,0;1116;0,00 %;0,00 %;0,00 %;0,00 %;0,00 %;0,00 %;0,00 %;0,00 %;0,00 %;0,00 %;;142.028.748,24;;;;;;;4;1542;2.726;;;
507;VVCR11;Papéis;1008;41.022,10;98,0;012;1,19 %;3,41 %;7,04 %;12,79 %;1,14 %;1,17 %;1,07 %;7,04 %;0,50 %;1,69 %;22,29 %;77.055.827,71;;;;;;;14;1914;2.250;;;
508;VVMR11;Lajes Corporativas;8365;362.832,20;80,0;019;0,22 %;0,38 %;0,76 %;7,99 %;0,38 %;0,76 %;0,67 %;0,76 %;5,09 %;5,33 %;-5,89 %;302.698.032,13;;;;;;;5;2728;637;;;
509;VVPR11;Misto;10150;1.249.061,55;159,0;089;0,89 %;0,00 %;0,00 %;0,00 %;0,00 %;0,00 %;0,00 %;7,45 %;0,40 %;1,30 %;14,44 %;118.155.565,38;9803;104,0;0,74 %;-0,10 %;0,64 %;0,09 %;14;343;8.102;;;
510;VVRI11;Indefinido;8374;125.803,08;87,0;090;1,13 %;1,79 %;4,96 %;9,74 %;0,60 %;0,83 %;0,81 %;3,91 %;0,00 %;0,00 %;;77.059.915,97;;;;;;;2;8940;165;;;
511;VXXV11;Fundo de Desenvolvimento;70000;1.575,00;225,0;27335;0,00 %;0,00 %;0,00 %;0,00 %;0,00 %;0,00 %;0,00 %;0,00 %;0,00 %;0,00 %;;86.067.991,09;;;;;;;1;352;13;;;
512;WHGR11;Indefinido;876;297.348,30;91,0;010;1,13 %;3,43 %;7,12 %;14,23 %;1,14 %;1,19 %;1,19 %;8,36 %;-0,11 %;1,02 %;17,11 %;297.491.718,51;;;;;;;1;1609;13.720;;;
513;WPLZ11;Shoppings;4998;2.094,75;71,0;063;1,31 %;2,61 %;4,61 %;8,32 %;0,87 %;0,77 %;0,69 %;5,22 %;-2,82 %;-1,54 %;-1,67 %;78.161.028,23;6680;75,0;0,48 %;-23,92 %;-23,55 %;-31,31 %;1;4356;1.602;;;
514;WSEC11;Indefinido;576;7.137,35;74,0;244;36,90 %;44,87 %;71,61 %;81,58 %;14,96 %;11,94 %;6,80 %;76,81 %;1,22 %;38,57 %;153,87 %;19.903.231,99;;;;;;;14;8607;618;;;
515;WTSP11B;Misto;3600;3.852,00;68,0;005;0,09 %;0,81 %;26,17 %;27,19 %;0,81 %;4,36 %;2,27 %;0,81 %;0,00 %;0,00 %;;104.295.912,94;8421;43,0;0,06 %;16,18 %;16,25 %;12,98 %;2;667;210;;;
516;XPCA11;Indefinido;791;670.653,00;82,0;011;1,38 %;4,28 %;8,81 %;14,30 %;1,43 %;1,47 %;1,19 %;8,99 %;1,91 %;3,32 %;51,33 %;437.270.232,20;961;82,0;1,14 %;1,26 %;2,42 %;15,19 %;0;2210;97.460;;1,00 % a.a;10,00 % a.a
517;XPCI11;Papéis;8048;1.492.985,40;92,0;100;1,23 %;3,58 %;7,07 %;13,58 %;1,19 %;1,18 %;1,13 %;8,21 %;2,80 %;4,06 %;21,49 %;770.154.781,99;8851;91,0;1,02 %;-3,62 %;-2,64 %;5,97 %;14;1847;67.830;;;
518;XPCM11;Lajes Corporativas;746;35.891,25;27,0;002;0,20 %;0,00 %;0,00 %;0,00 %;0,00 %;0,00 %;0,00 %;0,20 %;-0,87 %;-0,67 %;-0,67 %;64.184.741,33;2904;26,0;0,07 %;-34,13 %;-34,09 %;-44,99 %;1;3011;17.955;;;
519;XPHT11;Hotéis;12300;230.869,59;66,0;041;0,93 %;2,91 %;5,33 %;10,11 %;0,97 %;0,89 %;0,84 %;10,11 %;15,85 %;16,93 %;15,37 %;581.976.733,73;6313;195,0;0,65 %;-33,00 %;-32,56 %;-26,69 %;14;2985;1.268;;;
520;XPID11;Indefinido;5650;323.399,65;;060;1,05 %;3,18 %;6,95 %;14,17 %;1,06 %;1,16 %;1,18 %;8,32 %;0,44 %;1,49 %;8,43 %;;;;;;;;0;2133;0;;;
521;XPIE11;Indefinido;6130;1.243.160,45;;100;1,61 %;4,90 %;9,94 %;19,38 %;1,63 %;1,66 %;1,62 %;11,73 %;0,62 %;2,24 %;23,38 %;;;;;;;;0;1837;0;;;
522;XPIN11;Imóveis Industriais e Logísticos;7111;244.347,40;69,0;074;1,04 %;3,16 %;6,60 %;12,68 %;1,05 %;1,10 %;1,06 %;6,60 %;-2,71 %;-1,70 %;22,72 %;737.453.432,21;10313;69,0;0,72 %;-0,73 %;-0,02 %;1,44 %;81;1704;44.004;;;
523;XPLG11;Imóveis Industriais e Logísticos;10031;2.812.582,75;93,0;082;0,82 %;2,45 %;5,17 %;10,26 %;0,82 %;0,86 %;0,86 %;6,04 %;-1,33 %;-0,52 %;19,27 %;3.351.014.684,39;10749;93,0;0,76 %;-5,64 %;-4,92 %;6,14 %;18;1488;340.272;0,95 % a.a;;20,00 % a.a
524;XPML11;Shoppings;10547;10.115.869,40;90,0;092;0,89 %;2,65 %;5,57 %;11,11 %;0,88 %;0,93 %;0,93 %;5,57 %;-1,76 %;-0,89 %;18,52 %;6.658.984.551,32;11739;90,0;0,78 %;16,30 %;17,21 %;25,60 %;15;1436;598.439;;0,75 % a.a;20,00 % a.a
525;XPPR11;Lajes Corporativas;1254;78.639,38;21,0;007;0,53 %;1,02 %;2,30 %;4,38 %;0,34 %;0,38 %;0,37 %;0,53 %;-9,03 %;-8,55 %;-8,55 %;443.953.188,51;6068;21,0;0,12 %;-18,41 %;-18,31 %;-21,40 %;2;2162;42.867;;;
526;XPSF11;Fundo de Fundos;608;278.025,45;79,0;006;0,98 %;2,90 %;6,09 %;12,75 %;0,97 %;1,02 %;1,06 %;7,36 %;-1,76 %;-0,80 %;9,38 %;334.219.128,74;772;79,0;0,78 %;-7,54 %;-6,83 %;-90,26 %;14;1618;61.951;;;
527;XTED11;Lajes Corporativas;882;17.641,88;68,0;1116;;;;;;;;;;;;67.378.204,04;2802;31,0;0,00 %;-0,36 %;-0,36 %;-3,45 %;1;2946;4.098;;;
528;YUFI11;Fundo de Desenvolvimento;5950;517;79,0;2923;0,00 %;0,55 %;2,80 %;3,31 %;0,55 %;0,47 %;0,28 %;2,80 %;0,00 %;0,00 %;;36.883.399,37;;;;;;;38;3441;56;;;
529;YUFI11B;Indefinido;;;;063;0,00 %;0,00 %;0,00 %;0,00 %;0,00 %;0,00 %;0,00 %;;0,00 %;0,00 %;0,00 %;;10553;;0,60 %;-0,01 %;0,59 %;6,32 %;0;;0;;;
530;ZAGH11;Serviços Financeiros Diversos;1028;97095;110,0;007;0,69 %;2,07 %;3,75 %;7,14 %;0,69 %;0,63 %;0,60 %;4,21 %;-0,59 %;0,10 %;-14,23 %;83.171.492,90;;;;;;;1;6437;413;;;
531;ZAVC11;Indefinido;867;31.855,05;87,0;013;0,00 %;3,05 %;7,43 %;15,70 %;1,02 %;1,24 %;1,31 %;0,00 %;0,00 %;0,00 %;;30.949.782,45;;;;;;;1;9435;329;;;
532;ZAVI11;Indefinido;8974;74.159,75;69,0;118;1,30 %;3,87 %;7,40 %;14,87 %;1,29 %;1,23 %;1,24 %;8,92 %;-1,51 %;-0,23 %;3,39 %;152.489.535,79;;;;;;;9;3669;3.215;;;
533;ZIFI11;Fundo de Desenvolvimento;50000;47.238,11;30,0;331;0,00 %;0,00 %;0,00 %;0,00 %;0,00 %;0,00 %;0,00 %;0,00 %;0,00 %;0,00 %;;84.061.956,93;;;;;;;14;5571;94;;;
