TICKER;PRECO;ULTIMO DIVIDENDO;DY;VALOR PATRIMONIAL COTA;P/VP;LIQUIDEZ MEDIA DIARIA;PERCENTUAL EM CAIXA;CAGR DIVIDENDOS 3 ANOS; CAGR VALOR CORA 3 ANOS;PATRIMONIO;N COTISTAS;GESTAO; N COTAS
ABCP11;77,88;0,500000;8,69;101,31;0,77;81.997,19;1,57;6,21;-0,47;477.089.865,14;16.988,00;Passiva;4.709.082,00
AFHI11;97,50;0,950000;12,79;96,59;1,01;1.439.706,84;14,36;;;386.055.547,13;31.221,00;Ativa;3.996.951,00
AIEC11;49,99;0,710000;18,24;83,99;0,60;680.082,87;2,89;7,85;-17,78;405.272.651,50;1,00;Ativa;4.824.987,00
AJFI11;9,75;0,080000;2,38;12,46;0,78;1.481.550,58;4,86;;;394.131.222,07;11.173,00;Ativa;31.625.978,00
ALMI11;655,50;0,371133;0,00;2.160,40;0,30;70.996,62;3,54;;-16,85;240.187.303,24;2.209,00;Passiva;111.177,00
ALZC11;0,00;;0,00;;;;;;;;;;1.000.000,00
ALZM11;8,50;0,085000;12,17;8,49;1,00;149.489,19;0,69;;-57,41;128.894.672,43;9.254,00;Ativa;15.180.540,00
ALZR11;117,77;0,797555;8,33;106,28;1,11;1.657.076,45;19,23;7,26;-1,43;1.047.943.303,45;147.616,00;Ativa;9.860.406,00
ANCR11B;3.221,00;42,077240;1,31;4.324,10;0,74;3.221,00;2,70;;;2.890.123.941,81;70,00;Ativa;668.376,00
APTO11;9,60;0,090000;12,33;10,18;0,94;30.479,45;6,41;;;46.958.948,53;10.057,00;Ativa;4.612.227,00
APXM11;99,99;0,553328;3,10;96,96;1,03;12.235,23;15,23;;;170.647.064,17;405,00;;1.760.000,00
APXR11;0,00;;0,00;68,02;;;594,76;;;1.234.102,53;60,00;Ativa;18.142,00
APXU11;0,00;;0,00;;;;;;;;;;2.500.000,00
AQLL11;385,03;;0,00;973,02;0,40;;0,01;;;141.884.440,57;84,00;Ativa;145.817,00
ARFI11B;479,99;;0,00;651,70;0,74;;1,52;;;74.329.618,05;28,00;Ativa;114.054,00
AROA11;1,12;0,005900;5,01;0,98;1,14;15.953,35;1,28;;;164.945.638,95;1.726,00;Ativa;167.926.832,00
ARRI11;9,18;0,100000;13,40;8,87;1,03;343.017,52;1,64;-6,82;-1,62;115.793.464,08;27.307,00;Ativa;13.056.237,00
ARXD11;94,50;1,000000;12,80;98,93;0,96;33.409,28;3,99;;;64.786.404,16;558,00;Ativa;654.895,00
ASMT11;55,90;0,770000;0,00;91,87;0,61;58.169,10;1,01;;;93.458.320,21;512,00;Ativa;1.017.316,00
ASRF11;10.092,00;256,328699;2,54;9.873,00;1,02;30.276,00;1,02;;;23.695.206,68;56,00;Ativa;2.400,00
ATCR11;0,00;5,601011;0,00;77,12;;;0,96;;;71.641.655,95;33,00;Ativa;928.908,00
ATSA11;55,58;0,050000;0,00;75,92;0,73;1.608,17;0,94;1,98;-21,06;132.953.999,66;285,00;Passiva;1.751.141,00
ATWN11;0,00;;0,00;1.330,53;;;0,72;;;213.891.769,24;2,00;Passiva;160.757,00
AURB11;83,50;0,200000;4,43;82,02;1,02;164,25;1,79;;;72.221.744,15;18,00;Ativa;880.560,00
BARI11;83,82;0,900000;11,23;94,94;0,88;790.000,03;7,27;-11,41;-9,54;439.973.838,72;36.059,00;Ativa;4.634.191,00
BBFI11B;1.300,01;0,143653;8,90;2.047,68;0,63;354.361,81;8,21;-29,17;-16,82;266.198.222,55;7.258,00;Passiva;130.000,00
BBFO11;75,08;0,640000;10,55;83,46;0,90;753.570,06;0,38;2,66;-7,87;334.145.654,33;6.453,00;Passiva;4.003.900,00
BBIM11;0,00;0,020000;0,00;12,72;;;5,86;-30,90;;13.164.806,92;20,00;Ativa;1.035.000,00
BBRC11;113,95;1,100000;11,57;102,69;1,11;103.878,23;5,49;7,16;-1,84;163.281.527,54;9.521,00;Passiva;1.590.000,00
BCFF11;9,10;0,072500;9,26;9,75;0,93;3.082.429,29;2,14;3,37;-6,01;1.964.984.405,55;343.949,00;Ativa;201.491.024,00
BCIA11;105,38;0,870000;9,42;111,45;0,95;1.046.581,10;0,08;8,75;1,40;414.468.755,68;24.045,00;Ativa;3.719.038,00
BCRI11;72,11;0,720000;12,58;95,89;0,75;477.630,48;7,81;-15,25;-13,91;600.047.698,39;46.200,00;Ativa;6.257.873,00
BICE11;900,01;5,990000;11,66;995,32;0,90;3.600,00;9,99;;;89.887.580,77;110,00;Ativa;90.310,00
BICR11;60,15;0,140000;10,39;44,68;1,35;2.749,74;32,38;24,61;-13,83;22.341.252,48;628,00;Ativa;500.000,00
BIME11;7,24;0,080000;13,67;8,72;0,83;134.496,23;4,82;;;50.955.212,69;8.828,00;Ativa;5.845.602,00
BIPD11;988,17;10,380000;1,05;986,40;1,00;94.906,00;10,54;;;73.322.758,30;112,00;Ativa;74.334,00
BLCA11;109,69;0,490000;16,96;129,49;0,85;190.603,39;8,52;;;207.187.639,93;438,00;Ativa;1.600.000,00
BLCP11;91,00;0,563428;0,00;111,74;0,81;;1,06;;-3,57;256.580.339,90;279,00;Ativa;2.296.282,00
BLMC11;85,75;1,070000;10,40;94,69;0,91;150.671,33;33,13;-0,67;;37.827.096,12;94,00;Ativa;399.500,00
BLMG11;38,50;0,440000;18,94;80,90;0,48;444.914,81;0,10;-11,31;-28,65;345.305.471,05;14.125,00;Ativa;4.268.515,00
BLMO11;89,54;0,440000;985,38;104,44;0,86;388.089,65;2,86;;;103.902.099,20;281,00;Ativa;994.814,00
BLMR11;6,78;0,053000;6,95;8,06;0,84;1.157.702,33;3,90;;-58,11;205.957.834,72;17.316,00;Ativa;25.541.630,00
BLOG11;0,00;;0,00;;;;;;;;;;14.260.000,00
BLUR11;88,02;0,800000;12,15;89,10;0,99;2.664,50;6,34;;;8.019.195,29;136,00;Ativa;90.000,00
BMII11;0,00;0,228341;0,00;465,38;;;0,39;;;67.480.211,81;12,00;Passiva;145.000,00
BMLC11;105,99;0,690000;11,18;112,94;0,94;104.478,10;17,09;17,10;4,26;112.763.038,18;1.427,00;Ativa;998.405,00
BNFS11;121,50;1,240660;14,02;84,68;1,43;126.092,29;6,71;6,74;-0,37;59.276.424,35;5.302,00;Ativa;700.000,00
BPFF11;72,86;0,620000;10,21;78,20;0,93;408.540,32;5,53;2,54;-1,79;351.316.200,42;19.324,00;Ativa;4.492.326,00
BPLC11;0,00;14,420464;0,00;10.084,54;;;3,06;;;322.705.239,47;114,00;Ativa;32.000,00
BPML11;93,00;0,910000;1,91;133,67;0,70;300.738,29;4,94;;0,55;575.440.614,10;1.343,00;Ativa;4.305.079,00
BPRP11;110,90;0,925000;9,81;125,77;0,88;224.051,36;0,03;3,95;-2,05;169.766.516,08;171,00;Passiva;1.349.837,00
BRCO11;121,85;0,870000;8,78;119,95;1,02;3.384.112,84;1,90;12,82;3,45;1.772.732.042,78;121.434,00;Ativa;14.778.781,00
BRCR11;58,22;0,410000;8,81;99,39;0,59;1.703.338,94;0,79;-3,34;-10,62;2.647.452.932,39;148.660,00;Ativa;26.638.202,00
BREV11;105,00;0,580000;3,42;0,00;;271.522,64;;8,81;-0,84;0,00;320,00;Ativa;967.201,00
BRHT11B;86,80;;0,00;70,29;1,23;;13,98;;;129.450.741,44;11,00;Ativa;1.841.677,00
BRIM11;1.205,00;63,420000;24,45;997,52;1,21;10.608,56;0,78;;;123.830.049,15;271,00;Ativa;124.137,00
BRIP11;995,99;7,000000;9,09;1.080,89;0,92;214.559,00;1,42;;-0,13;232.904.677,60;263,00;Ativa;215.475,00
BRIX11;0,00;;0,00;1.006,63;;;2,32;;;114.838.267,65;55,00;Ativa;114.082,00
BRLA11;155,00;1,124000;8,66;158,63;0,98;364.149,71;0,20;3,19;;562.905.238,17;283,00;Passiva;3.548.496,00
BROF11;58,40;0,540000;9,81;107,16;0,55;870.388,55;0,52;;;1.244.218.299,24;7.983,00;Ativa;11.610.812,00
BROL11;0,00;;0,00;;;;;;;;;;5.500.000,00
BRSE11;0,00;;0,00;3.684,46;;;899,75;;;7.368.928,62;12,00;Ativa;2.000,00
BTAL11;72,10;0,650000;12,09;105,61;0,68;830.713,13;2,56;4,07;-11,18;631.827.777,60;44.948,00;Ativa;5.982.736,00
BTCI11;10,05;0,092000;11,88;10,26;0,98;2.609.823,58;12,75;1,90;-52,71;1.021.447.516,45;169.024,00;Ativa;99.521.172,00
BTCR11;88,00;0,900000;0,00;95,27;0,92;;8,00;32,78;-0,75;458.252.683,73;16.934,00;Ativa;4.810.097,00
BTHI11;43,97;0,280000;19,42;63,06;0,70;20.806,68;3,36;;-19,87;581.300.390,98;977,00;Ativa;9.218.512,00
BTHI12;45,00;0,560000;1,24;63,06;0,71;85.624,43;3,36;;-10,84;581.300.390,98;977,00;Ativa;9.218.512,00
BTLG11;105,58;0,760000;8,65;99,33;1,06;18.727.715,94;42,97;2,37;-2,34;4.295.723.515,37;307.699,00;Ativa;43.249.151,00
BTML11;0,00;0,800000;0,00;112,15;;;5,65;;;127.312.445,01;1,00;Ativa;1.135.160,00
BTRA11;59,40;0,300000;12,39;122,43;0,49;926.960,26;6,26;;;411.907.841,92;18.164,00;Ativa;3.364.559,00
BTSG11;140,00;0,920000;7,71;145,25;0,96;419,50;0,79;;;112.571.992,54;94,00;Ativa;775.015,00
BTSI11;105,50;0,740000;8,28;109,05;0,97;105,00;0,12;;;296.079.826,05;126,00;Ativa;2.715.142,00
BTWR11;111,00;0,580000;6,34;111,66;0,99;108,67;1,00;;;90.367.068,22;81,00;Ativa;809.269,00
BVAR11;1.552,73;4,500000;13,57;1.013,90;1,53;2.783,40;1,04;-2,02;;634.234.104,52;72,00;Passiva;625.540,00
BZEL11;0,00;5,092421;0,00;143,32;;;0,00;;;507.088.799,04;3,00;Ativa;3.538.046,00
BZLI11;19,78;;0,00;10,38;1,91;347,25;0,20;;11,68;449.818.187,98;19,00;Ativa;43.349.793,00
CACR11;102,02;1,350000;17,01;101,01;1,01;1.335.884,35;6,45;3,76;-4,19;386.242.675,45;20.283,00;;3.823.767,00
CARE11;1,86;0,008385;0,00;8,27;0,22;15.793,19;0,01;;-12,75;295.639.627,20;11.722,00;Ativa;35.769.919,00
CBOP11;30,06;0,120000;4,79;71,71;0,42;12.035,10;1,38;-43,54;-26,07;101.467.535,66;3.007,00;Passiva;1.415.000,00
CCLB11;0,00;;0,00;0,00;;;;;;0,00;0,00;Ativa;0,00
CCME11;11,00;0,090000;92,12;107,29;0,10;30.287,00;15,04;;;587.168.838,37;233,00;Ativa;5.472.579,00
CCRF11;92,50;0,632531;6,67;93,23;0,99;1.276,82;3,10;;;146.548.498,31;317,00;Ativa;1.571.900,00
CENU11;0,00;;0,00;97,29;;;2,33;;;110.887.855,12;13,00;Ativa;1.139.780,00
CEOC11;45,50;0,432483;13,80;72,88;0,62;36.980,45;1,64;4,51;-13,89;132.323.277,19;4.978,00;Passiva;1.815.696,00
CFHI11;800,00;76,000000;20,83;631,06;1,27;5.737,14;15,31;;;59.698.044,41;99,00;Ativa;94.600,00
CFII11;1.000,00;64,600000;6,46;1.014,12;0,99;6.250,00;11,19;;;102.055.193,56;105,00;Ativa;100.634,00
CIXM11;0,00;0,140000;0,00;10,02;;;0,15;;;61.375.056,49;56,00;Ativa;6.127.180,00
CIXR11;0,00;;0,00;;;;;;;;;;2.834.551,00
CJCT11;65,99;0,090000;2,35;71,87;0,92;24.597,05;0,65;;2,43;225.676.898,25;1.065,00;Passiva;3.140.000,00
CJFI11;0,00;;0,00;2,91;;;2,88;;;276.020.038,85;1,00;Ativa;94.711.593,00
CLIN11;95,24;1,000000;3,17;100,19;0,95;1.546.321,65;13,45;;;435.492.228,11;9.465,00;Ativa;4.346.763,00
CNES11;2,70;0,171908;38,72;89,53;0,03;12.585,19;5,27;-6,70;-61,14;264.042.036,15;1.615,00;Ativa;2.949.248,00
COPP11;103,00;0,750000;0,73;116,41;0,88;1.827.632,00;1,21;;;201.949.356,67;25,00;Ativa;1.734.737,00
CPFF11;75,78;0,700000;9,71;83,85;0,90;268.207,90;0,28;-4,04;-2,55;214.068.177,56;9.231,00;Ativa;2.553.074,00
CPFO11;0,00;;0,00;31,93;;;0,87;;;90.509.108,49;528,00;Ativa;2.834.551,00
CPOF11;106,00;0,750000;2,12;116,41;0,91;10.004.314,25;1,21;;;201.949.356,67;25,00;Ativa;1.734.737,00
CPSH11;108,28;1,000000;7,52;118,91;0,91;1.261.123,61;2,71;;;512.179.426,75;415,00;Ativa;4.307.461,00
CPTS11;8,39;0,076000;10,49;9,16;0,92;7.535.296,03;0,58;-10,75;-5,30;2.912.499.128,90;361.884,00;Ativa;317.828.140,00
CRFF11;80,02;0,610000;9,37;90,80;0,88;27.247,73;5,49;11,85;0,46;62.656.314,31;1.469,00;Ativa;690.040,00
CSMC11;0,00;18,405677;0,00;1.148,68;;;2,96;;;848.298.495,86;1,00;Ativa;738.499,00
CTNP11;0,00;;0,00;;;;;;;;;;0,00
CTXT11;10,56;0,010000;0,00;30,80;0,34;2.026,03;0,09;-23,80;-29,24;104.980.344,77;2.697,00;Passiva;3.408.174,00
CVBI11;94,50;0,950000;11,75;96,15;0,98;2.608.275,16;3,94;-3,96;-3,88;1.058.650.136,10;91.015,00;Ativa;11.010.228,00
CVPR11;0,00;0,900000;0,00;100,39;;;5,01;;;14.054.542,43;2,00;Ativa;140.000,00
CXAG11;80,15;0,690000;10,94;115,57;0,69;135.780,94;1,82;;;241.614.842,32;12.393,00;Ativa;2.090.621,00
CXCE11B;42,50;0,418222;11,60;64,33;0,66;26.854,03;6,44;-15,30;-18,65;110.199.650,87;3.606,00;Passiva;1.712.950,00
CXCI11;83,99;0,750000;11,85;95,77;0,88;281.166,29;5,00;;;197.074.998,67;5.438,00;Ativa;2.057.726,00
CXCO11;82,35;0,729500;11,46;101,98;0,81;158.185,87;0,45;;;400.210.062,92;14.405,00;Passiva;3.924.500,00
CXRI11;80,98;0,580000;8,53;91,98;0,88;72.456,03;2,18;5,29;-6,48;144.943.427,45;2.181,00;Ativa;1.575.760,00
CXTL11;245,02;2,064981;9,05;397,30;0,62;7.349,03;3,72;4,85;-11,63;21.294.173,36;711,00;Passiva;53.597,00
CYCR11;9,62;0,100000;12,73;9,75;0,99;333.624,52;1,32;;;159.125.854,11;15.624,00;Ativa;16.315.840,00
CYLD11;0,00;;0,00;110,47;;;3,55;;;137.189.996,11;47,00;Ativa;1.241.847,00
DAMT11B;11,89;0,042538;6,03;12,72;0,93;611,17;0,47;;;159.147.214,68;573,00;Passiva;12.510.797,00
DEVA11;40,81;0,600000;16,88;98,43;0,41;1.402.237,19;3,25;-24,10;-29,48;1.382.423.383,03;117.876,00;Ativa;14.044.908,00
DLMT11;0,00;0,003235;0,00;0,64;;;8,62;;;8.440.456,36;9,00;Ativa;13.225.796,00
DMAC11;13,00;4,894618;0,00;4,99;2,61;;105,14;;-44,83;778.257,90;2.352,00;Passiva;156.108,00
DOMC11;439,00;;0,00;101,92;4,31;;0,09;;;249.080.683,25;1.185,00;Ativa;2.443.800,00
DOVL11B;1.200,69;5,120019;6,59;813,03;1,48;33.619,00;4,95;7,34;;53.990.221,42;60,00;Ativa;66.406,00
DPRO11;7,74;0,050000;10,31;9,19;0,84;85.759,19;0,97;;;45.959.181,64;687,00;Ativa;5.003.220,00
DRIT11B;83,30;1,480000;10,41;134,91;0,62;1.547,00;25,64;19,43;-9,96;62.502.554,16;345,00;Ativa;463.277,00
DVFF11;7,82;0,070000;11,46;9,27;0,84;237.135,61;7,33;;;102.111.435,50;1.441,00;Ativa;11.009.500,00
DVLP11;0,00;;0,00;101,03;;;6,64;;;42.991.431,48;130,00;Ativa;425.517,00
EDFO11B;229,98;1,789898;9,09;223,45;1,03;7.938,50;1,46;7,56;-2,59;52.733.606,52;527,00;Passiva;236.000,00
EDGA11;20,20;0,080000;5,24;62,99;0,32;28.192,87;1,60;-11,65;-9,44;240.131.672,96;5.032,00;Passiva;3.812.055,00
EGYR11;5,14;;0,00;123,28;0,04;1.549,55;0,00;;;93.108.592,81;45,00;Passiva;755.269,00
ELDO11B;762,38;6,090000;14,02;1.617,44;0,47;;0,30;3,20;;1.273.339.278,12;63,00;Passiva;787.256,00
EQIR11;9,10;0,075000;14,01;10,01;0,91;583.104,77;6,42;;;109.194.256,27;11.560,00;Ativa;10.909.315,00
ERCR11;76.000,00;139,449698;0,00;34.865,81;2,18;;0,33;;-98,83;82.841.169,23;11,00;Passiva;2.376,00
ERPA11;135,00;0,720000;6,40;141,71;0,95;57.304,44;1,00;;-4,50;70.987.571,76;394,00;Passiva;500.922,00
ESTQ11;0,00;;0,00;0,02;;;40,39;;;997.447,27;9,00;Ativa;65.361.974,00
EURO11;249,64;1,880000;8,95;337,48;0,74;63.326,29;1,53;6,95;6,12;129.571.352,96;2.345,00;Passiva;383.936,00
EVBI11;98,00;0,750000;9,30;98,99;0,99;419.005,19;17,77;3,54;-4,03;238.914.067,04;1.019,00;Ativa;2.413.519,00
EXES11;87,63;0,810000;10,77;92,15;0,95;87,00;19,88;;;54.099.560,50;59,00;Ativa;587.072,00
FAED11;157,95;1,480000;11,46;219,78;0,72;84.671,61;1,83;9,25;-4,17;152.168.622,97;4.660,00;Passiva;692.377,00
FAGL11;0,00;;0,00;;;;;;;;;;3.000.000,00
FAMB11B;723,00;9,160000;0,00;2.341,92;0,31;48.056,13;0,01;-9,82;-15,94;261.470.292,29;2.501,00;Passiva;111.648,00
FARU11;0,00;;0,00;;;;;;;;;;8.000.000,00
FATN11;94,00;0,850000;10,76;103,75;0,91;1.716.043,03;9,91;5,87;-2,84;303.456.284,65;8.004,00;Ativa;2.924.832,00
FCAS11;0,00;0,121915;0,00;60,79;;;186,17;;;80.684.223,04;2,00;Passiva;1.327.300,00
FCFL11;120,67;0,836886;8,16;122,82;0,98;348.974,32;0,70;4,87;2,52;426.675.685,43;3.966,00;Ativa;3.474.010,00
FGPM11;0,00;;0,00;;;;;;;;;;0,00
FIGS11;59,08;0,430000;9,29;81,17;0,73;215.545,74;0,94;19,46;0,12;231.334.610,90;14.437,00;Passiva;2.850.000,00
FIIB11;529,02;3,450000;7,97;471,53;1,12;208.520,77;0,84;1,86;0,96;322.998.730,34;16.401,00;Passiva;685.000,00
FIIP11B;181,00;1,440000;9,40;203,82;0,89;82.819,65;1,46;3,95;-3,25;188.974.412,62;7.345,00;Passiva;927.162,00
FINF11;0,00;0,275873;0,00;40,08;;;2,69;20,24;;32.871.285,75;4,00;Ativa;820.112,00
FISC11;75,00;0,350000;6,27;120,32;0,62;2.786,63;1,82;;;204.541.255,81;135,00;Ativa;1.699.996,00
FISD11;0,00;6,526269;0,00;61,26;;;5,83;;;65.711.247,81;23,00;Ativa;1.072.588,00
FIVN11;3,01;;0,00;6,94;0,43;10.407,48;0,01;;-5,44;65.282.450,69;4.031,00;Passiva;9.412.630,00
FLCR11;99,30;1,100000;13,48;96,80;1,03;64.996,58;6,16;-3,09;-1,53;61.330.566,89;2.883,00;Ativa;633.604,00
FLFL11;0,00;0,220000;0,00;96,12;;;8,49;;;139.516.757,81;121,00;Ativa;1.451.500,00
FLMA11;140,69;0,780000;7,86;216,85;0,65;120.632,32;1,01;17,86;1,53;299.400.569,91;14.503,00;Ativa;1.380.670,00
FLRP11;2.250,00;14,000000;7,42;2.312,46;0,97;23.501,00;1,34;33,02;19,91;150.846.417,88;799,00;Passiva;65.232,00
FMOF11;72,01;0,460000;0,85;117,08;0,62;626,00;1,59;8,56;0,05;59.479.921,31;251,00;Passiva;508.008,00
FOFT11;123,00;1,900000;0,00;110,21;1,12;;5,10;-47,71;;131.819.480,59;3.846,00;Ativa;1.196.040,00
FPAB11;198,99;0,900000;8,78;340,78;0,58;407.351,32;4,84;3,74;-9,33;255.584.169,36;894,00;;750.000,00
FPNG11;85,07;0,500000;7,78;173,82;0,49;850,00;1,13;-0,70;;347.868.023,23;68,00;Ativa;2.001.355,00
FRHY11;0,00;1,030000;0,00;21,40;;;10,25;;;2.792.774,48;7,00;Ativa;130.500,00
FTCE11B;2.900,89;59,061382;5,93;2.815,70;1,03;;3,85;;;3.074.437.885,20;113,00;Ativa;1.091.893,00
FVBI11;94,97;0,369573;0,00;0,00;;;;142,93;;0,00;0,00;Passiva;0,00
FVPQ11;98,00;1,040000;12,46;191,17;0,51;339.617,06;1,86;13,82;-10,97;535.306.056,94;4.101,00;Passiva;2.800.149,00
GAME11;8,97;0,090000;13,16;9,78;0,92;114.681,55;0,41;;;212.191.437,89;24.602,00;Ativa;21.697.677,00
GARE11;9,05;0,086000;11,05;9,27;0,98;4.788.379,74;28,55;-0,20;-7,00;1.167.268.410,49;167.404,00;Ativa;125.866.045,00
GCFF11;69,30;0,750000;1,08;77,51;0,89;87.694,83;4,26;;-10,68;27.939.468,78;1.759,00;Ativa;360.477,00
GCOI11;98,99;0,805870;0,81;96,82;1,02;4.949,00;10,28;;;10.940.810,96;356,00;Ativa;113.000,00
GCRI11;85,50;0,950000;13,98;94,51;0,90;348.079,19;4,03;-3,11;;137.406.360,38;4.829,00;Ativa;1.453.859,00
GESE11B;1.520,00;14,973763;85,38;1.119,08;1,36;;203,53;118,15;;58.192.036,94;56,00;Passiva;52.000,00
GGRC11;11,49;0,090000;10,03;112,49;0,10;1.264.275,23;5,00;6,71;-55,61;1.015.944.952,64;106.576,00;Ativa;9.031.191,00
GLOG11;65,17;0,500000;11,60;108,95;0,60;85.972,45;1,27;-1,75;-11,37;81.709.835,76;2.916,00;Ativa;750.000,00
GLPL11;0,00;;0,00;;;;;;;;;;0,00
GRLV11;104,51;0,170000;0,00;5,97;17,51;;2.489,44;135,25;;6.407.890,29;2.604,00;Passiva;1.073.530,00
GSFI11;7,91;;0,00;14,51;0,55;315.668,32;1,38;;31,61;1.179.162.640,93;8.367,00;Ativa;81.258.742,00
GTLG11;63,99;0,840000;4,59;60,62;1,06;22.885,25;100,03;;;434.811.690,70;341,00;Ativa;7.173.000,00
GTWR11;85,69;0,790000;11,06;101,15;0,85;1.003.069,19;1,33;4,74;-7,07;1.213.747.348,50;36.193,00;Ativa;12.000.000,00
GURB11;108,00;0,700000;5,32;112,15;0,96;5.000.076,00;5,65;;;127.312.445,01;1,00;Ativa;1.135.160,00
GVBI11;0,00;;0,00;;;;;;;;;;1.500.000,00
GZIT11;68,60;0,780000;2,53;95,89;0,72;896.889,04;2,06;;;2.094.392.988,12;6.881,00;Ativa;21.841.231,00
HAAA11;43,10;0,240000;9,35;79,89;0,54;1.727,13;0,52;-14,20;-25,20;276.015.208,49;301,00;Ativa;3.455.000,00
HABT11;91,44;1,050000;14,49;97,38;0,94;1.430.880,74;9,45;-10,53;-8,46;791.392.528,01;69.893,00;Ativa;8.126.783,00
HBCR11;119,25;0,631827;6,06;119,23;1,00;7.005.984,09;1,28;;;136.852.214,36;44,00;Ativa;1.147.760,00
HBRH11;90,80;0,500000;7,03;112,06;0,81;14.627,00;0,50;-10,43;-3,49;310.663.065,95;904,00;Ativa;2.772.204,00
HBTT11;1.055,00;16,580000;0,00;0,00;;;;;;0,00;0,00;Ativa;0,00
HCHG11;73,70;0,750000;12,89;99,53;0,74;26.754,20;7,62;;;119.432.690,03;970,00;Ativa;1.200.000,00
HCPR11;0,00;;0,00;;;;;;;;;;1.750.000,00
HCRI11;306,00;2,580000;10,83;321,22;0,95;45.669,52;1,93;-3,37;-13,45;64.244.565,79;3.267,00;Passiva;200.000,00
HCST11;54,95;;0,00;101,25;0,54;82,00;0,08;;-17,56;51.012.617,34;66,00;Ativa;503.833,00
HCTR11;30,15;0,388000;15,58;111,43;0,27;1.813.075,16;2,17;-38,30;-40,82;2.460.879.979,62;182.250,00;Ativa;22.084.202,00
HDEL11;107,50;5,650000;12,53;88,12;1,22;21.500,00;15,89;;;74.019.271,33;61,00;Passiva;840.000,00
HDOF11;115,00;;0,00;96,95;1,19;100.970,00;0,88;;;199.287.935,41;112,00;Ativa;2.055.675,00
HFOF11;77,30;0,630000;9,78;80,72;0,96;1.558.180,06;2,53;1,83;-8,29;1.860.050.399,85;77.582,00;Ativa;23.044.389,00
HGBS11;226,95;1,750000;9,17;230,88;0,98;4.984.612,13;11,01;31,01;4,05;2.939.114.089,44;113.209,00;Ativa;12.729.800,00
HGCR11;106,23;0,950000;12,24;101,99;1,04;4.100.089,71;1,92;5,00;0,03;1.572.486.077,40;103.341,00;Ativa;15.418.106,00
HGFF11;88,93;0,700000;9,16;94,68;0,94;959.626,10;5,79;8,17;-0,76;271.132.889,26;16.200,00;Ativa;2.863.597,00
HGIC11;103,36;0,673057;11,48;117,96;0,88;8.485,00;9,79;;;54.579.097,65;376,00;;462.706,00
HGLG11;166,91;1,100000;8,15;157,80;1,06;7.514.872,61;1,68;-1,45;-1,79;5.331.568.244,15;461.633,00;Ativa;33.787.575,00
HGPO11;305,40;1,500000;6,09;308,67;0,99;1.002.087,55;0,33;6,94;11,73;541.116.903,89;20.222,00;Passiva;1.753.057,00
HGRE11;129,26;0,780000;8,05;153,10;0,84;1.834.176,03;2,29;-1,82;-1,97;1.809.252.331,43;151.644,00;Ativa;11.817.767,00
HGRS11;0,00;8,300000;0,00;0,00;;;;;;0,00;6,00;Ativa;1.492.940,00
HGRU11;136,68;0,850000;8,93;126,91;1,08;3.450.267,74;2,05;11,34;3,30;2.335.963.870,48;204.313,00;Ativa;18.406.458,00
HILG11;0,00;0,424305;0,00;187,05;;;0,47;;;98.437.639,66;50,00;Ativa;526.253,00
HLMB11;0,00;;0,00;1.283,80;;;2,63;;;70.146.205,05;52,00;Ativa;54.639,00
HLOG11;83,23;0,460000;8,92;116,64;0,71;112.220,16;0,99;-0,80;-10,76;495.727.246,16;4.233,00;Ativa;4.250.000,00
HMOC11;226,95;23,800000;0,00;238,79;0,95;;0,67;122,18;;91.223.530,50;209,00;Passiva;382.017,00
HOFC11;22,05;0,250000;9,02;69,69;0,32;96.003,35;0,72;-24,69;-32,87;263.345.832,17;6.588,00;Ativa;3.779.001,00
HOSI11;88,50;0,620700;9,83;92,01;0,96;52.284,87;2,51;13,86;1,84;52.764.990,44;1.550,00;Ativa;573.450,00
HPDP11;87,70;0,530000;7,57;95,55;0,92;653.287,57;8,34;21,96;2,08;314.176.927,98;443,00;Passiva;3.288.000,00
HRDF11;3,99;6,800000;0,00;7,99;0,50;2.633,19;29,59;;34,77;12.124.093,87;1.141,00;Ativa;1.517.425,00
HREC11;8,69;0,080000;11,85;9,23;0,94;315.030,94;3,14;-0,70;-5,48;476.202.043,31;2.732,00;Ativa;51.567.650,00
HSAF11;88,10;0,900000;12,03;92,06;0,96;977.081,19;4,89;-4,89;-2,58;232.578.983,59;11.095,00;Ativa;2.526.360,00
HSLG11;97,29;0,740000;9,06;103,24;0,94;544.626,00;4,07;7,66;-3,36;1.306.981.868,48;35.774,00;Ativa;12.660.067,00
HSML11;97,26;0,800000;9,23;96,53;1,01;5.357.968,94;9,75;18,77;4,19;1.970.991.018,67;184.187,00;Ativa;20.418.095,00
HSRE11;107,00;0,600000;6,84;93,71;1,14;1.521.862,53;1,65;3,20;7,04;833.897.228,42;278,00;Ativa;8.898.724,00
HTMX11;173,44;2,600000;15,57;147,20;1,18;1.741.870,77;8,57;33,44;18,97;221.438.224,77;34.047,00;Ativa;1.504.334,00
HUCG11;96,00;0,220000;2,69;103,90;0,92;1.748,17;11,27;;;116.571.687,43;242,00;Passiva;1.122.000,00
HUSC11;113,11;0,850000;9,50;154,98;0,73;4.851,33;1,16;10,49;-6,86;130.797.616,61;795,00;Passiva;843.959,00
HUSI11;1.099,95;8,021869;8,82;1.187,20;0,93;4.952,88;1,75;;;138.145.163,39;89,00;Ativa;116.362,00
IBCR11;78,64;0,900000;14,51;95,83;0,82;216.784,42;7,21;;;91.844.324,75;4.091,00;Ativa;958.423,00
IBFF11;66,40;0,296485;0,00;14,78;4,49;;101,13;;-3,46;9.855.905,16;3.870,00;Ativa;666.681,00
ICNE11;0,00;9,469416;0,00;973,68;;;0,31;;;116.841.445,26;5,00;Ativa;120.000,00
IDFI11;17,77;0,171687;23,59;22,20;0,80;10.999,65;30,92;;;45.679.132,16;427,00;Ativa;2.057.925,00
IDGO11;0,00;;0,00;187,69;;;0,35;;;198.676.015,26;2,00;Ativa;1.058.556,00
IDGR11;16,00;0,074204;4,19;8,00;2,00;644,00;31,46;;;7.062.918,63;89,00;Ativa;883.359,00
IDUA11 ;0,00;1,260538;0,00;99,79;;;0,12;;;40.145.563,04;2,00;Ativa;402.311,00
INDE11;0,00;;0,00;13,98;;;176,18;;;209.505,41;104,00;Ativa;14.987,00
IRDM11;74,98;0,780000;12,84;87,53;0,86;4.406.999,52;3,46;-12,01;-17,90;3.188.960.515,41;294.344,00;Ativa;36.433.827,00
IRIM11;78,00;0,830000;13,80;90,76;0,86;50.244,94;5,28;;;174.251.630,69;2.671,00;Ativa;1.920.000,00
ISCJ11;0,00;;0,00;139,15;;;0,34;;;43.688.957,47;39,00;Ativa;313.970,00
ITIP11;75,75;0,710000;11,71;75,99;1,00;75.393,06;1,44;-4,74;-8,38;56.855.125,41;5.400,00;Passiva;748.151,00
ITIT11;79,46;0,620000;9,12;87,26;0,91;455.435,26;2,50;7,17;-6,62;78.573.954,75;10.497,00;Passiva;900.494,00
ITRI11;0,00;;0,00;;;;;;;;;;5.000.000,00
JASC11;100,00;0,580000;6,31;107,74;0,93;201.200,00;0,94;;;358.938.335,87;82,00;Ativa;3.331.507,00
JBFO11;82,01;0,459709;5,86;83,57;0,98;83,50;0,91;;;106.887.508,85;364,00;Ativa;1.279.070,00
JCCJ11;124,93;0,095894;0,83;185,91;0,67;3.120.271,80;1,21;;;310.188.414,29;158,00;Passiva;1.668.505,00
JCDA11;0,00;;0,00;17,58;;;1,18;;;266.518.788,55;51,00;Passiva;15.159.655,00
JCDB11;0,00;;0,00;198,57;;;2,21;;;207.101.461,69;57,00;Ativa;1.042.957,00
JFLL11;74,21;0,620000;10,04;104,20;0,71;449.347,19;2,20;0,04;-7,24;156.357.645,36;3.593,00;Ativa;1.500.598,00
JPPA11;89,60;0,990000;15,73;98,33;0,91;204.821,32;8,65;1,51;-3,07;88.897.070,37;8.653,00;Ativa;904.050,00
JPPC11;175,00;0,170000;0,00;399,99;0,44;27.924,50;5,77;;;21.999.383,50;90,00;Ativa;55.000,00
JRDM11;85,90;0,400000;2,47;88,84;0,97;610.682,00;0,41;28,90;8,08;224.143.181,16;4.001,00;Passiva;2.522.968,00
JSAF11;104,13;1,000000;11,12;100,06;1,04;1.616.554,58;16,65;;;343.290.184,08;16.131,00;Ativa;3.431.005,00
JSRE11;74,00;0,460000;7,46;109,72;0,67;2.152.748,74;0,15;-4,61;-6,18;2.278.572.027,10;107.289,00;Ativa;20.767.328,00
JTPR11;2.517,00;1,630372;0,00;74,14;33,95;;6,73;;;15.916.458,44;8,00;Ativa;214.674,00
KCRE11;98,07;0,900000;11,75;101,63;0,97;565.729,65;12,18;;;365.875.969,05;11.076,00;Ativa;3.600.000,00
KDOL11;0,00;;0,00;;;;;;;;;;0,00
KEVE11;1.153,00;1,354087;0,18;855,14;1,35;176.593,00;1,04;;4,44;126.305.724,15;472,00;Passiva;147.700,00
KFOF11;100,19;0,800000;9,73;97,37;1,03;1.137.815,13;5,49;10,58;1,43;441.398.725,67;19.552,00;Ativa;4.533.315,00
KINP11;9,82;3,053493;60,58;0,00;;38.394,20;;;-10,70;0,00;0,00;Ativa;0,00
KISU11;8,35;0,075000;10,60;8,99;0,93;917.047,84;4,39;3,60;-9,59;397.319.718,74;132.941,00;Ativa;44.196.050,00
KIVO11;90,52;1,050000;16,79;91,16;0,99;273.352,13;77,38;;;110.772.256,20;5.125,00;Ativa;1.215.124,00
KNCR11;102,87;0,950000;12,84;101,09;1,02;11.084.223,52;5,51;26,28;3,86;5.771.781.680,40;326.344,00;Ativa;57.097.087,00
KNHF11;102,00;0,860000;6,52;101,13;1,01;2.029.547,26;4,12;;;1.941.082.036,23;13.828,00;Ativa;19.193.860,00
KNHY11;106,00;1,150000;12,17;102,40;1,04;3.506.732,74;3,06;-4,58;-2,55;1.893.517.551,12;16.771,00;Ativa;18.490.843,00
KNIP11;97,00;0,950000;9,72;97,96;0,99;10.167.076,10;5,56;-13,54;-5,35;7.844.363.080,68;77.287,00;Ativa;80.078.186,00
KNPR11;0,00;4,650000;0,00;102,42;;;1,93;;;59.391.741,94;593,00;Ativa;579.911,00
KNRE11;0,44;0,037742;0,00;0,76;0,58;10.297,19;3,19;;-48,70;14.030.246,53;6.685,00;Ativa;18.547.161,00
KNRI11;165,20;1,000000;7,42;159,55;1,04;3.998.583,48;0,52;10,89;3,35;3.854.290.655,29;265.660,00;Ativa;24.157.121,00
KNSC11;9,19;0,080000;10,77;9,06;1,01;3.498.570,90;4,76;-10,00;-5,09;1.202.263.371,79;148.022,00;Ativa;132.757.940,00
KNUQ11;102,54;1,060000;8,51;100,88;1,02;926.166,87;2,12;;;744.743.770,67;7.852,00;Ativa;7.382.303,00
KOPI11;0,00;;0,00;;;;;;;;;;400.000,00
KORE11;108,60;1,250000;2,94;100,87;1,08;2.066.520,77;2,21;;;970.898.337,36;16.423,00;Ativa;9.625.000,00
LAFI11;0,00;;0,00;100,99;;;0,41;;;46.759.023,11;11,00;Ativa;463.000,00
LASC11;106,00;0,810000;7,10;128,13;0,83;1.529.780,90;3,85;6,87;3,36;376.747.784,53;410,00;Passiva;2.940.298,00
LATR11B;9,51;9,998500;202,33;0,00;;;;;-59,58;0,00;0,00;Ativa;0,00
LAVF11;0,00;1,300000;0,00;0,00;;;;;;0,00;7,00;Ativa;44.600,00
LFTT11;30,57;3,668145;0,00;17,70;1,73;6.120,77;7,68;;-33,51;131.081.503,66;502,00;Ativa;7.404.543,00
LGCP11;89,01;0,710000;8,94;104,23;0,85;589.861,87;1,20;5,65;-2,28;367.915.608,44;16.754,00;Ativa;3.529.735,00
LIFE11;9,78;0,120000;16,02;10,16;0,96;356.924,61;1,66;;;236.318.508,72;7.221,00;Ativa;23.268.354,00
LKDV11;997,23;;0,00;1.119,95;0,89;573.407,00;2,21;;;74.825.292,47;69,00;Ativa;66.811,00
LLAO11;77,37;1,700000;3,12;73,31;1,06;551.253,00;3,15;;;26.473.735,59;77,00;Ativa;361.140,00
LOFT11B;29,90;0,201705;0,00;10,23;2,92;;7,99;;2,21;20.069.647,33;1,00;Ativa;1.962.500,00
LPLP11;508,68;5,684070;18,09;398,08;1,28;1.017,00;0,17;;;144.781.405,25;6,00;Ativa;363.698,00
LRDI11;0,00;;0,00;97,37;;;1,11;;;36.006.530,51;18,00;Ativa;369.779,00
LSOI11;0,00;;0,00;10,33;;;100,78;;;9.382.775,42;2,00;Ativa;908.655,00
LSPA11;104,00;1,650000;16,70;112,23;0,93;183.600,00;1,86;27,71;;45.396.962,17;224,00;Ativa;404.500,00
LUGG11;78,96;0,500000;8,50;123,65;0,64;163.816,45;1,34;2,40;-6,11;139.807.277,37;7.009,00;Ativa;1.130.706,00
LVBI11;118,76;0,900000;8,45;116,88;1,02;4.084.089,26;2,61;9,60;1,82;1.664.813.857,78;110.042,00;Ativa;14.243.672,00
MADS11;0,00;;0,00;;;;;;;;;;0,00
MALL11;117,99;0,920000;8,42;170,72;0,69;4.466.461,65;6,69;13,68;7,40;1.557.794.255,13;134.104,00;Ativa;9.124.659,00
MANA11;9,39;0,100000;13,74;9,68;0,97;376.413,10;5,25;;;207.031.991,25;5.947,00;Ativa;21.389.376,00
MATV11;86,63;0,600000;0,00;93,73;0,92;13.027,43;15,13;;;39.926.993,67;325,00;Ativa;425.968,00
MAXR11;84,09;0,761399;10,63;129,63;0,65;215.210,74;1,40;4,86;-5,02;145.915.010,31;4.564,00;Ativa;1.125.655,00
MCCI11;94,02;0,800000;11,49;96,02;0,98;3.753.148,10;5,56;-1,50;-2,87;1.628.444.605,75;119.113,00;Ativa;16.960.024,00
MCEM11;110,00;;0,00;66,14;1,66;2.691,25;9,25;;;97.287.824,40;244,00;Ativa;1.470.989,00
MCHF11;9,10;0,070000;10,66;10,38;0,88;1.778.820,09;25,87;;;335.751.641,15;82.189,00;Ativa;32.354.247,00
MCHY11;10,10;0,110000;15,45;9,94;1,02;598.215,39;8,91;;;472.033.898,00;2.624,00;;47.493.830,00
MFAI11;63,00;0,400000;9,11;74,07;0,85;76.325,84;9,15;-15,04;-13,54;28.828.789,27;2.727,00;Ativa;389.185,00
MFCR11;28,14;0,290000;46,87;27,98;1,01;9.634,32;2,98;;;2.832.715,99;456,00;Ativa;101.230,00
MFII11;104,60;1,210000;12,70;111,23;0,94;539.658,45;0,00;-0,22;-4,34;492.412.036,01;30.609,00;Ativa;4.426.834,00
MGCR11;9,40;0,100000;5,46;9,78;0,96;259.145,59;1,77;;-4,82;131.240.792,97;4.360,00;Ativa;13.416.505,00
MGFF11;69,99;0,520000;6,67;0,00;;2.558.695,75;;-2,71;-6,67;0,00;0,00;Ativa;0,00
MGHT11;43,66;0,510000;17,27;86,10;0,51;119.598,23;5,29;-4,25;-24,11;113.113.624,04;5.325,00;;1.313.784,00
MGIM11;101,50;0,176173;0,00;98,41;1,03;;101,04;;;24.337.124,08;75,00;Ativa;247.300,00
MGLC11;0,00;;0,00;;;;;;;;;;0,00
MGRI11;0,00;0,920000;0,00;107,26;;;2,83;;;23.597.408,79;1,00;Ativa;220.000,00
MINT11;100,34;3,355558;4,64;136,95;0,73;5.830,52;1,46;;-1,92;71.212.267,16;107,00;Ativa;520.000,00
MMPD11;0,00;1,066940;0,00;112,78;;;3,54;;;59.774.583,28;54,00;Ativa;530.000,00
MMVE11;161,87;;0,00;79,09;2,05;161,00;0,83;;;36.775.607,65;147,00;Ativa;465.000,00
MOFF11;0,00;;0,00;980,50;;;0,23;;;211.307.262,68;15,00;Ativa;215.510,00
MORC11;89,87;0,330000;13,41;97,73;0,92;1.741.368,33;9,79;;;186.458.139,85;4.000,00;Ativa;1.907.808,00
MORE11;76,21;0,700000;6,51;86,87;0,88;1.327.577,67;4,69;-3,30;-8,19;201.450.458,24;4.213,00;Ativa;2.319.115,00
MTOF11;0,00;;0,00;63,47;;;2,78;;;122.641.673,80;9,00;Ativa;1.932.221,00
MTRS11;0,00;;0,00;;;;;;;;;;0,00
MVFI11;0,00;;0,00;1,54;;;0,11;;;120.369.411,35;1,00;Ativa;78.155.673,00
MXRF11;10,33;0,100000;13,07;9,80;1,05;13.703.134,97;10,45;11,65;0,00;3.278.934.611,62;1.085.744,00;Ativa;334.655.892,00
N4V1;0,00;;0,00;;;;;;;;;;392,00
NAVT11;93,98;1,000000;13,98;94,92;0,99;149.771,00;3,26;;;58.117.866,09;2.437,00;Ativa;612.282,00
NCHB11;9,50;0,121000;13,32;10,11;0,94;294.542,23;10,34;-1,40;-54,28;154.565.132,31;11.050,00;Ativa;15.281.388,00
NCRI11;8,98;0,090000;12,14;10,19;0,88;1.460,39;4,10;;;40.232.122,72;845,00;Ativa;3.949.999,00
NEWL11;116,00;0,950000;10,44;137,17;0,85;628.390,19;2,59;5,10;3,97;278.881.018,96;5.647,00;Ativa;2.033.099,00
NEWU11;75,88;0,100000;3,11;71,74;1,06;7.646,50;5,27;-5,21;25,24;53.229.388,62;1.384,00;Ativa;742.000,00
NIVT11;0,00;;0,00;10,04;;;51,24;;;10.286.190,70;220,00;Ativa;1.024.115,00
NPAR11;12,82;1,196695;0,00;10,04;1,28;;51,24;;-54,93;10.286.190,70;220,00;Ativa;1.024.115,00
NSLU11;192,98;1,559290;9,63;204,31;0,94;118.192,16;3,47;-5,95;-10,81;264.236.966,77;6.101,00;Passiva;1.293.286,00
NVHO11;11,80;0,083380;8,50;15,31;0,77;3.968,65;1,93;6,58;-8,37;635.308.673,99;2.169,00;Ativa;41.494.533,00
NVIF11B;227,50;0,889152;3,91;224,52;1,01;;22,04;5,57;;75.753.083,74;7,00;Ativa;337.399,00
OCRE11;98,00;0,653728;4,60;100,94;0,97;16.008,25;20,80;;;33.531.062,89;488,00;Ativa;332.204,00
OGHY11;8,72;0,090000;13,53;9,49;0,92;22.847,10;72,24;;;25.780.971,88;1.565,00;Ativa;2.715.373,00
ONDV11;0,00;;0,00;10,04;;;51,24;;;10.286.190,70;220,00;Ativa;1.024.115,00
ONEF11;200,03;0,031000;20,80;182,79;1,09;114.431,47;18,59;66,84;11,94;166.518.054,63;2.602,00;Passiva;911.000,00
OPTM11;0,00;0,580000;0,00;113,01;;;2,48;;;8.283.926,82;63,00;Ativa;73.304,00
ORPD11;93,00;1,379310;0,00;145,12;0,64;;0,00;;-6,91;42.086.063,63;6,00;Ativa;290.000,00
OUFF11;66,00;0,620000;12,64;73,80;0,89;214.170,71;3,56;1,48;-7,41;133.891.385,15;7.706,00;Ativa;1.814.336,00
OUJP11;92,52;0,910000;14,07;99,12;0,93;940.163,87;13,29;7,55;-3,63;322.369.478,16;29.951,00;Ativa;3.252.384,00
OULG11;28,10;0,300000;13,99;61,93;0,45;110.572,29;2,92;-10,49;-26,62;153.661.589,03;5.231,00;Ativa;2.481.283,00
OURE11;71,53;0,900000;14,75;92,55;0,77;238.957,10;0,73;-0,85;-5,96;99.679.352,22;6.331,00;Ativa;1.077.087,00
PABY11;13,83;;0,00;-21,92;;552,39;;;6,65;-16.623.707,19;667,00;Passiva;758.400,00
PATB11;0,00;5,900844;0,00;168,72;;;1,65;;;676.142.137,23;55,00;Ativa;4.007.458,00
PATC11;37,19;0,340000;20,25;40,99;0,91;216.198,32;0,48;28,30;-24,12;142.552.007,69;8.474,00;Ativa;3.477.434,00
PATL11;67,61;0,600000;10,56;98,38;0,69;583.631,45;1,29;1,34;-9,83;491.061.361,21;24.983,00;Ativa;4.991.535,00
PBLV11;926,98;42,807658;8,89;1.663,79;0,56;;2,63;;;6.630.745.656,59;2,00;Ativa;3.985.326,00
PCAS11;0,00;1.000,000000;0,00;6.475,70;;;0,32;;;453.298.668,42;50,00;Passiva;70.000,00
PEMA11;40,11;0,364700;20,03;70,67;0,57;744,89;1,03;;-26,25;39.011.032,85;373,00;Ativa;552.000,00
PLCR11;88,67;0,800000;12,46;92,05;0,96;289.583,00;9,66;0,00;-1,89;194.146.402,23;15.863,00;Ativa;2.109.169,00
PLRI11;14,24;0,079127;6,80;28,16;0,51;1.012,35;1,56;-32,44;-32,16;26.870.223,47;691,00;Ativa;954.304,00
PMFO11;100,00;0,880000;5,28;97,34;1,03;;1,21;;;76.111.175,51;92,00;Ativa;781.947,00
PNCR11;82,95;1,080000;8,10;83,32;1,00;165.900,00;1,45;;;41.659.431,38;110,00;Ativa;500.000,00
PNDL11;1.100,00;3,410000;1,13;1.054,44;1,04;55.068,50;4,41;;;136.126.923,85;57,00;Ativa;129.099,00
PNLN11;0,00;;0,00;101,61;;;10,48;;;14.067.774,84;51,00;Ativa;138.452,00
PNPR11;106,00;;0,00;106,85;0,99;1.805.215,33;0,24;;;94.632.553,60;24,00;Ativa;885.625,00
PNRC11;102,05;1,260000;13,53;102,32;1,00;408.200,00;2,12;;;41.961.245,59;60,00;Ativa;410.100,00
PORD11;90,20;0,930000;13,41;97,05;0,93;536.305,84;7,95;0,76;-4,18;361.841.454,67;27.656,00;Ativa;3.728.375,00
PQAG11;59,40;0,460000;8,99;57,14;1,04;24.760,18;1,45;5,95;-5,33;799.428.235,40;476,00;Ativa;13.991.890,00
PQDP11;1.965,04;21,221607;10,95;3.441,41;0,57;100.901,52;2,60;18,98;-10,30;866.556.432,43;3.948,00;Passiva;251.803,00
PRSN11B;1,48;0,171678;0,00;3,85;0,38;942,13;18,70;;-15,81;12.430.463,91;987,00;Ativa;3.231.246,00
PRSV11;84,99;1,620000;0,00;176,37;0,48;1.968,70;1,89;28,92;-17,25;34.391.655,87;930,00;Passiva;195.000,00
PRTS11;117,70;0,054870;0,00;0,06;1.961,67;;103,36;;;3.111.607,44;11,00;Ativa;55.727.500,00
PRZS11;0,00;;0,00;141,30;;;0,01;;;102.828.082,65;20,00;Ativa;727.752,00
PULV11;0,00;0,105700;0,00;9,99;;;2,80;;;80.758.916,41;2,00;Ativa;8.080.000,00
PVBI11;101,65;0,650000;7,85;100,79;1,01;6.132.840,06;3,58;9,31;2,10;1.855.692.427,26;145.584,00;Ativa;18.412.218,00
QAGR11;48,20;0,440000;10,85;58,76;0,82;251.422,97;1,21;4,25;-2,87;296.164.454,57;21.168,00;Ativa;5.040.000,00
QAMI11;84,68;1,000000;7,44;92,80;0,91;202.935,58;0,73;;;74.367.555,48;1.440,00;Ativa;801.398,00
QIRI11;78,04;0,660000;0,00;89,61;0,87;;100,31;;-9,22;13.441.852,95;173,00;Ativa;150.000,00
RBBV11;100,00;0,224057;0,00;100,84;0,99;;1,01;75,40;1,37;126.470.249,69;3.475,00;Passiva;1.254.164,00
RBCB11;19,00;0,300000;0,00;0,00;;;;-15,04;;0,00;462,00;Ativa;53.100,00
RBDS11;2,35;2,354143;0,00;21,17;0,11;362,43;22,18;18,99;-52,98;2.678.961,93;1.012,00;Ativa;126.523,00
RBED11;145,35;1,330000;11,24;145,72;1,00;185.923,52;5,82;8,88;-0,49;343.171.362,76;13.334,00;Ativa;2.355.022,00
RBFF11;61,48;0,500000;9,87;69,43;0,89;858.404,90;4,49;1,94;-3,19;260.319.888,99;20.807,00;Ativa;3.749.215,00
RBGS11;28,45;0,176600;0,00;90,78;0,31;;0,52;4,91;-10,55;97.865.283,71;2.808,00;Passiva;1.078.000,00
RBHG11;90,47;0,950000;13,71;90,70;1,00;550.575,77;8,04;4,91;2,69;196.627.757,54;10.020,00;Ativa;2.167.957,00
RBHY11;90,00;1,000000;15,11;93,61;0,96;123.912,74;5,17;-3,02;-4,24;177.252.848,43;3.670,00;Ativa;1.893.505,00
RBIR11;90,97;0,261675;3,97;97,55;0,93;168.472,68;0,58;;4,73;149.117.666,58;1.655,00;Ativa;1.528.615,00
RBLG11;100,99;0,950000;11,01;105,47;0,96;2.635,77;1,75;12,78;;67.524.027,95;232,00;Ativa;640.199,00
RBOP11;378,99;2,000000;18,69;783,44;0,48;50.077,55;5,39;-14,46;-22,99;79.647.495,78;3.538,00;Ativa;101.664,00
RBRD11;40,82;0,340000;9,80;67,69;0,60;33.351,87;3,06;15,74;-12,51;125.347.470,90;8.647,00;Passiva;1.851.786,00
RBRF11;8,30;0,055000;8,43;8,92;0,93;3.130.690,68;2,74;-0,96;-3,44;1.219.797.024,18;120.295,00;Ativa;136.807.700,00
RBRI11;1.100,00;35,620000;0,00;1.181,59;0,93;4.400,00;0,20;;;165.013.304,15;91,00;Ativa;139.654,00
RBRL11;80,88;0,650000;9,98;101,71;0,80;726.137,52;0,98;-1,55;-9,19;680.151.523,94;15.035,00;Ativa;6.687.035,00
RBRM11;94.794,81;2.002,089652;2,11;25.946,29;3,65;;0,33;;;13.985.050,26;54,00;Ativa;539,00
RBRP11;58,00;0,350000;5,81;80,05;0,72;1.283.548,65;2,74;-12,50;-13,33;974.905.879,91;87.067,00;Ativa;12.179.186,00
RBRR11;90,95;0,840000;10,36;95,86;0,95;3.271.127,97;3,91;-4,32;-2,75;1.443.411.409,60;139.771,00;Ativa;15.057.201,00
RBRS11;50,25;0,070000;7,20;93,50;0,54;32.759,59;2,49;0,07;-17,66;162.157.778,00;1.213,00;Ativa;1.734.299,00
RBRU11;0,00;;0,00;;;;;;;;;;0,00
RBRX11;9,74;0,100000;13,07;9,76;1,00;919.254,74;4,66;;;183.515.681,54;9.091,00;Ativa;18.810.190,00
RBRY11;99,48;1,010000;13,73;98,47;1,01;4.456.326,68;7,06;6,24;-1,87;989.115.056,96;56.994,00;Ativa;10.044.607,00
RBTS11;735,08;22,998673;31,23;676,01;1,09;16.050,96;10,89;;;38.211.338,53;122,00;Ativa;56.525,00
RBVA11;111,03;1,000000;10,67;108,89;1,02;1.686.718,32;3,58;2,48;1,40;1.359.531.416,29;56.389,00;Ativa;12.485.334,00
RBVO11;10,00;0,420000;10,35;13,77;0,73;15.389,19;49,73;24,93;-11,28;7.100.412,78;2.547,00;;515.824,00
RCFA11;1,19;;0,00;19,90;0,06;695,13;0,01;;28,56;11.618.419,10;278,00;Passiva;583.926,00
RCFF11;95,00;1,359690;1,43;102,97;0,92;190,00;5,89;;-1,33;33.278.724,83;88,00;Ativa;323.200,00
RCKF11;0,00;;0,00;;;;;;;;;;1.500.000,00
RCRB11;161,85;0,930000;5,97;205,25;0,79;974.060,58;2,29;1,09;2,32;757.500.153,90;31.940,00;Ativa;3.690.695,00
RCRI11B;1.200,00;12,481836;0,00;365,40;3,28;;70,80;;;18.639.596,10;149,00;Ativa;51.012,00
RDLI11;0,00;;0,00;95,33;;;79,84;;;64.209.722,42;136,00;;673.555,00
RECH11;0,00;;0,00;;;;;;;;;;0,00
RECR11;86,10;0,880000;12,15;95,41;0,90;2.784.532,42;3,08;-8,71;-6,70;2.522.913.646,51;176.873,00;Ativa;26.441.650,00
RECT11;42,19;0,400000;12,04;92,00;0,46;616.530,84;0,25;-8,03;-21,34;785.985.118,80;66.109,00;Ativa;8.543.493,00
RECX11;65,50;0,600000;10,44;76,74;0,85;17.959,33;2,08;;-13,44;16.752.679,80;662,00;Ativa;218.313,00
REIT11;169,60;2,510000;4,67;282,76;0,60;169,00;6,53;;-46,41;7.434.146,90;69,00;Ativa;26.291,00
RELG11;49,26;0,100000;0,57;125,95;0,39;141.706,90;0,79;;-20,27;168.092.063,12;5.873,00;Ativa;1.334.562,00
RFOF11;79,49;0,740000;10,94;82,49;0,96;102.377,48;4,83;4,56;-3,30;88.942.109,93;4.779,00;Ativa;1.078.164,00
RINV11;111,80;1,250000;13,73;109,29;1,02;201.700,84;4,16;;;92.399.716,83;1.274,00;Ativa;845.435,00
RMAI11;70,50;0,450000;4,99;101,92;0,69;76.532,77;0,09;;14,48;249.080.683,25;1.185,00;Ativa;2.443.800,00
RNDP11;113,50;0,890000;12,80;95,72;1,19;17.134,35;21,84;-34,91;-48,12;10.287.700,02;1.263,00;Ativa;107.481,00
RNGO11;47,47;0,380000;9,90;82,73;0,57;106.510,16;1,74;2,93;-9,69;221.387.103,66;10.180,00;Passiva;2.676.000,00
ROOF11;727,20;41,715400;6,62;549,69;1,32;727,00;2,80;;;42.597.872,30;79,00;Ativa;77.495,00
RPRI11;100,58;1,050000;12,53;100,81;1,00;282.222,58;24,02;;;349.973.454,64;4.704,00;Ativa;3.471.728,00
RRCI11;83,45;0,870000;13,65;91,32;0,91;35.310,97;1,90;3,36;-4,32;43.992.640,99;2.084,00;Ativa;481.757,00
RSPD11;1.025,00;3,360000;7,77;1.040,43;0,99;171.048,33;0,21;;;155.035.815,22;123,00;Ativa;149.011,00
RTEL11;0,00;;0,00;79,21;;;52,07;;;25.422.780,92;546,00;Ativa;320.952,00
RVBI11;86,75;0,750000;10,26;85,71;1,01;344.745,65;18,63;0,08;-2,81;123.429.430,05;12.588,00;Ativa;1.440.000,00
RZAK11;88,69;1,160000;16,13;90,72;0,98;2.259.308,13;2,84;7,21;-3,00;799.045.399,67;52.264,00;Ativa;8.807.885,00
RZAT11;98,12;1,080000;12,80;101,27;0,97;1.249.232,45;0,21;-6,99;-12,41;375.521.514,22;39.767,00;Ativa;3.708.168,00
RZDM11;550,16;2,900000;1,56;32,81;16,77;20.710.244,33;100,81;;;5.249.451,62;4,00;Ativa;160.000,00
RZTR11;94,47;0,850000;12,49;99,48;0,95;4.971.449,77;35,01;0,95;-2,68;1.875.418.583,80;117.137,00;Ativa;18.851.720,00
SACL11;0,00;;0,00;;;;;;;;;;0,00
SADI11;88,92;0,950000;13,47;96,91;0,92;358.301,19;5,52;27,28;4,15;150.075.499,01;10.821,00;Ativa;1.548.684,00
SAIC11B;34,00;0,662215;0,00;55,79;0,61;34,00;2,66;;-1,90;79.766.884,46;48,00;Passiva;1.429.740,00
SALI11;0,00;;0,00;89,89;;;5,26;;;7.152.418,14;1,00;Passiva;79.565,00
SAPI11;90,00;0,800000;1,78;100,09;0,90;248.693,00;37,69;;;154.500.736,61;2.599,00;Ativa;1.543.684,00
SARE11;41,82;0,360000;14,28;89,08;0,47;1.445.396,58;4,39;-7,20;-24,49;822.613.879,74;42.205,00;Ativa;9.234.329,00
SBCL11;0,00;;0,00;24,95;;;104,08;;;748.545,98;3,00;Ativa;30.000,00
SCPF11;3,95;0,045000;6,30;11,84;0,33;11.706,03;1,29;6,06;-24,28;49.708.086,77;5.038,00;Ativa;4.200.000,00
SEED11;99,73;0,940000;11,18;93,55;1,07;151.005,00;0,43;;;153.428.168,71;125,00;Ativa;1.640.000,00
SEQR11;56,57;0,700000;14,99;90,82;0,62;91.504,61;0,93;2,39;-14,28;151.279.215,24;5.636,00;Ativa;1.665.695,00
SFND11;83,07;0,100000;0,12;2,71;30,65;;99,40;115,88;;2.657.256,75;54,00;Passiva;981.472,00
SFRO11;0,00;;0,00;5,93;;;102,53;;;5.191.438,53;20,00;Passiva;875.758,00
SHDP11B;0,00;8,840774;0,00;1.429,99;;;2,81;16,56;;2.132.569.890,94;3,00;Passiva;1.491.314,00
SHOP11;59,29;;0,00;47,94;1,24;281,25;0,23;;;71.016.166,21;51,00;Ativa;1.481.266,00
SHPH11;890,00;4,300000;6,07;924,41;0,96;187.933,10;1,36;14,03;2,85;562.921.837,47;2.409,00;Passiva;608.950,00
SHSO11;0,00;0,420000;0,00;98,85;;;4,29;;;19.769.049,00;1,00;Ativa;200.000,00
SIGR11;98,75;1,295000;15,55;106,24;0,93;19.589,70;18,17;;;41.367.710,34;70,00;Ativa;389.395,00
SJAU11;69,00;;0,00;80,25;0,86;19.705,84;0,00;;-15,78;636.568.575,50;183,00;Passiva;7.932.248,00
SNCI11;99,48;0,870000;12,18;99,11;1,00;693.317,61;4,55;;;416.260.204,51;43.246,00;Ativa;4.200.000,00
SNEL11;146,00;1,550000;5,27;97,71;1,49;447.259,74;0,65;;;48.858.354,25;7.058,00;Ativa;500.026,00
SNFF11;85,91;0,720000;9,96;93,48;0,92;568.437,71;0,25;;;264.557.315,35;29.274,00;Ativa;2.830.000,00
SNLG11;23,85;0,350000;1,47;48,65;0,49;242.977,10;9,18;;;123.076.253,53;3.336,00;Ativa;2.529.968,00
SNME11;9,98;0,103000;4,69;9,79;1,02;144.460,84;2,32;;;72.606.290,20;2.219,00;Ativa;7.418.243,00
SOLR11;1.051,35;4,770765;0,45;938,01;1,12;4.931.882,00;1,83;;;60.471.785,21;52,00;Ativa;64.468,00
SPAF11;0,00;12,613598;0,00;953,63;;;2,42;28,59;;10.747.367,19;1,00;Ativa;11.270,00
SPDE11;0,00;;0,00;1.030,97;;;2,81;;;61.231.371,72;80,00;Ativa;59.392,00
SPMO11;120,00;0,430000;0,00;145,13;0,83;166.638,78;0,02;;;262.631.995,05;8,00;Ativa;1.809.650,00
SPTW11;43,22;0,440000;12,66;57,35;0,75;99.696,39;5,88;-25,33;-17,58;103.120.465,89;25.001,00;Passiva;1.798.000,00
SPVJ11;0,00;0,610000;0,00;110,93;;;1,11;0,89;;700.187.099,44;29,00;Ativa;6.312.090,00
SPXC11;0,00;;0,00;;;;;;;;;;0,00
SPXS11;9,47;0,094000;13,31;9,66;0,98;558.752,81;11,10;;;195.086.115,52;9.320,00;Ativa;20.189.040,00
SRVD11;3,00;0,200000;0,00;-0,01;;233,91;;;;-905.951,15;106,00;Ativa;96.286.020,00
STRX11;168,00;0,760000;5,59;147,07;1,14;1.120,00;0,80;-65,72;;237.298.466,75;109,00;Ativa;1.613.559,00
TBOF11;15,56;0,822740;0,00;0,21;74,10;;492,15;74,62;;2.097.587,74;9.180,00;Passiva;10.050.000,00
TCIN11;145,92;;0,00;125,83;1,16;145,00;0,85;;;106.913.915,13;112,00;Ativa;849.660,00
TCPF11;1,26;2,840000;1.237,30;116,08;0,01;;5,79;;;34.514.903,61;52,00;Ativa;297.327,00
TELD11;0,00;;0,00;26,89;;;0,31;;;12.632.898,39;2,00;Ativa;469.760,00
TELF11;0,00;;0,00;;;;;;;;;;0,00
TELM11;0,00;;0,00;;;;;;;;;;500.000,00
TEPP11;94,90;0,640000;8,00;100,28;0,95;2.277.424,65;20,37;11,40;5,18;423.393.635,62;23.489,00;Ativa;4.221.967,00
TFOF11;138,00;2,370000;0,00;121,20;1,14;;13,36;29,98;;103.080.374,68;3.278,00;Ativa;850.530,00
TGAR11;125,65;1,330000;13,16;120,85;1,04;7.905.222,81;9,01;5,32;-2,89;2.315.588.105,88;156.922,00;Ativa;19.160.622,00
THRA11;138,50;0,130000;0,00;9,54;14,52;;140,47;90,73;1,06;14.050.683,35;2.084,00;Passiva;1.472.728,00
TJKB11;270,62;2,330000;11,05;270,51;1,00;541,00;0,03;;;204.767.303,70;81,00;Ativa;756.974,00
TMPS11;100,15;0,950000;8,41;104,17;0,96;113.241,06;1,25;;;101.980.441,47;1.913,00;Ativa;978.968,00
TORD11;1,82;0,050000;0,00;12,64;0,14;155.384,35;0,65;;-45,75;443.173.182,80;88.728,00;Ativa;35.051.354,00
TORM13;142,00;10,562960;0,00;0,00;;;;;;0,00;0,00;Ativa;0,00
TOUR11;8,80;0,242328;0,00;0,00;;;;;-57,75;0,00;0,00;Ativa;0,00
TRBL11;99,99;0,850000;9,37;103,86;0,96;658.819,68;10,10;4,93;0,26;664.160.439,63;60.882,00;Ativa;6.395.050,00
TRNT11;126,00;0,190000;3,19;199,31;0,63;51.355,44;0,85;-5,98;-7,65;784.378.983,11;656,00;Passiva;3.935.562,00
TRXB11;153,00;0,950000;8,80;112,33;1,36;1.624,82;1,47;10,86;9,67;360.116.791,47;249,00;Passiva;3.205.778,00
TRXF11;110,70;0,900000;10,34;107,22;1,03;8.958.584,55;2,76;8,40;0,98;1.648.221.594,77;140.479,00;Ativa;15.372.233,00
TSER11;100,00;0,950906;11,26;101,40;0,99;225,00;3,58;;;130.282.564,50;24,00;Ativa;1.284.884,00
TSNC11;0,00;0,625958;0,00;91,47;;;6,69;-23,66;;99.402.419,33;66,00;Ativa;1.086.780,00
TSNM11;0,00;;0,00;;;;;;;;;;3.500.000,00
TVRI11;107,20;0,970000;10,23;101,33;1,06;1.352.628,26;3,82;-1,48;-1,89;1.613.190.000,65;69.530,00;Ativa;15.919.690,00
URPR11;87,99;1,130000;16,37;102,80;0,86;1.709.292,39;2,88;-13,63;-11,58;1.206.224.288,06;88.816,00;Ativa;11.733.895,00
VCJR11;94,05;1,000000;11,66;96,66;0,97;2.329.115,29;2,93;-4,49;-3,67;1.423.276.833,23;28.407,00;Ativa;14.723.970,00
VCRI11;8,52;0,085000;13,09;9,62;0,89;232.637,19;4,25;;;171.004.606,28;11.830,00;Ativa;17.773.297,00
VCRR11;71,47;0,700000;11,81;130,93;0,55;265.499,45;1,40;;;261.858.319,47;4.449,00;Ativa;2.000.000,00
VCTH11;0,00;;0,00;29,98;;;107,71;;;1.295.237,63;62,00;;43.206,00
VDSV11;0,00;;0,00;995,40;;;1,14;;;19.946.726,96;77,00;Ativa;20.039,00
VERE11;233,49;3,500000;12,12;457,49;0,51;;1,42;1,63;;284.163.509,43;53,00;Ativa;621.129,00
VGHF11;9,28;0,100000;14,01;9,27;1,00;5.455.280,19;2,27;-5,69;-2,49;1.526.607.941,00;398.922,00;Ativa;164.721.683,00
VGII11 ;0,00;0,950000;0,00;99,52;;;1,03;;;39.807.512,55;4,00;Ativa;400.000,00
VGIP11;91,56;0,830000;11,54;93,64;0,98;3.415.507,52;1,09;-9,18;-6,54;1.103.713.889,19;91.970,00;Ativa;11.787.247,00
VGIR11;9,74;0,110000;14,58;9,75;1,00;4.145.090,39;4,18;17,29;2,14;1.006.538.461,04;240.917,00;Ativa;103.220.707,00
VIDS11;0,00;30,166587;0,00;898,79;;;2,49;;;80.444.713,27;199,00;Ativa;89.503,00
VIFI11;8,20;0,075000;10,18;9,27;0,88;286.274,35;5,47;3,28;-55,03;74.983.248,92;6.316,00;Ativa;8.089.190,00
VILG11;91,35;0,560000;8,70;113,94;0,80;2.654.508,16;1,12;2,51;-8,44;1.708.813.522,16;161.528,00;Ativa;14.997.396,00
VINO11;7,40;0,055000;9,68;10,86;0,68;1.364.703,65;3,19;-14,66;-15,09;899.435.499,54;154.729,00;Ativa;82.826.295,00
VISC11;121,50;1,000000;9,05;127,99;0,95;14.790.839,71;17,96;20,87;4,33;3.689.863.509,23;319.473,00;Ativa;28.828.640,00
VIUR11;7,04;0,067000;12,20;8,92;0,79;663.946,87;3,56;;;240.293.112,58;55.217,00;Ativa;26.946.220,00
VJFD11;0,00;0,730000;0,00;136,34;;;0,73;;;664.800.404,20;97,00;Ativa;4.876.129,00
VLIQ11;0,00;;0,00;0,00;;;;;;0,00;1,00;Ativa;0,00
VLJS11;1.141,14;28,819221;0,00;962,07;1,19;;4,67;;;25.079.882,37;9,00;Passiva;26.068,00
VLOL11;98,00;1,856441;2,62;111,06;0,88;160.238,13;16,46;14,56;-1,50;198.219.080,15;3.127,00;Passiva;1.784.828,00
VOTS11;81,96;0,900000;16,09;94,26;0,87;7.786,74;5,00;4,52;-0,42;78.039.134,10;725,00;Ativa;827.913,00
VPSI11;0,00;0,173748;0,00;31,42;;;0,65;18,49;;253.648.188,86;53,00;Passiva;8.071.897,00
VRTA11;87,50;0,850000;11,05;93,65;0,93;2.038.469,74;3,01;-9,81;-8,18;1.460.227.284,49;123.221,00;Ativa;15.592.424,00
VRTM11 ;10,10;0,080000;2,48;9,50;1,06;;29,50;;;112.959.964,94;275,00;Ativa;11.895.853,00
VSEC11;0,21;0,080000;223,81;0,00;;2,50;;-0,62;-86,88;0,00;0,00;Ativa;0,00
VSHO11;81,00;0,720000;10,68;100,59;0,81;64.461,87;1,07;13,44;4,69;211.113.336,72;3.878,00;Ativa;2.098.800,00
VSLH11;3,63;0,040000;11,29;10,46;0,35;230.860,71;1,77;-36,48;;312.385.205,69;86.217,00;Ativa;29.864.091,00
VTLT11;96,90;0,930000;11,01;112,66;0,86;122.383,52;3,04;5,11;-5,21;238.284.396,14;6.125,00;Ativa;2.115.000,00
VTPA11;0,00;;0,00;104,62;;;0,56;;;69.031.047,57;2,00;Ativa;659.857,00
VTPL11;0,00;5,110000;0,00;72,28;;;3,44;;;100.191.515,04;1,00;Ativa;1.386.242,00
VTRT11;0,00;0,107508;0,00;100,80;;;20,14;;;1.030.654.046,20;499,00;Ativa;10.224.963,00
VTVI11;0,00;;0,00;34,67;;;1,66;;;61.752.064,49;1,00;Ativa;1.780.984,00
VTXI11;0,00;;0,00;7,67;;;18,11;;;793.806,35;2,00;Ativa;103.500,00
VVCO11;13,58;0,323281;0,00;13,88;0,98;275.116,97;1,31;;24,84;137.436.459,88;3.553,00;Ativa;9.900.000,00
VVCR11;10,21;0,060000;27,55;10,99;0,93;58.723,68;2,47;-19,16;-50,57;82.507.994,19;2.783,00;Ativa;7.508.332,00
VVPR11;101,50;0,892340;0,00;98,03;1,04;;1,27;;0,34;226.032.234,18;1.372,00;Ativa;2.305.771,00
VVRI11;97,78;1,000000;15,06;110,35;0,89;20.299,45;0,26;;;44.139.033,75;195,00;Ativa;400.000,00
VXXV11;1.053,00;10,760000;0,00;1.178,44;0,89;2.622.717,75;0,08;;;315.933.808,58;21,00;Ativa;268.096,00
WHGR11;9,76;0,100000;12,50;9,98;0,98;667.009,32;1,65;;;250.330.930,91;15.407,00;Ativa;25.089.531,00
WPLZ11;67,49;0,410000;7,57;88,75;0,76;8.102,52;2,90;14,89;1,78;94.474.665,81;1.881,00;Passiva;1.064.549,00
WSEC11;84,79;0,799600;15,35;101,02;0,84;12.377,77;3,29;;;24.816.423,06;532,00;Ativa;245.651,00
WTSP11B;36,00;0,150000;10,56;79,76;0,45;3.852,00;0,60;29,45;-10,40;79.170.784,51;220,00;Ativa;992.565,00
XBXO11;0,00;;0,00;94,84;;;0,00;;;288.554.566,93;5,00;Ativa;3.042.600,00
XPCI11;89,89;0,900000;12,04;92,70;0,97;2.031.562,58;2,52;-2,55;-2,00;806.591.547,55;80.898,00;Ativa;8.701.551,00
XPCM11;9,05;0,020000;7,96;29,74;0,30;34.355,94;5,72;-34,84;-39,22;71.799.091,45;22.772,00;Passiva;2.414.570,00
XPIN11;78,90;0,590000;9,73;102,74;0,77;594.513,58;1,86;0,53;-11,03;734.642.262,35;50.796,00;Ativa;7.150.422,00
XPLG11;108,05;0,780000;8,57;111,84;0,97;5.288.413,00;10,16;7,33;-1,63;3.312.011.857,40;338.621,00;Ativa;29.613.233,00
XPML11;118,00;0,900000;8,59;111,18;1,06;11.145.784,03;12,73;20,06;4,22;3.689.832.714,42;437.270,00;Ativa;33.189.356,00
XPPR11;25,58;0,070000;4,46;65,51;0,39;374.282,35;2,82;-42,89;-29,43;479.268.064,09;54.104,00;Ativa;7.316.171,00
XPSF11;8,25;0,075000;11,01;8,66;0,95;511.971,29;1,39;1,59;-4,83;374.866.895,87;64.992,00;Ativa;43.302.140,00
YEES11;0,00;;0,00;97,41;;;100,19;;;5.839.440,53;123,00;Ativa;59.944,00
YUFI11;88,99;0,389271;3,01;101,53;0,88;175,75;1,63;;;50.018.722,37;62,00;Ativa;492.650,00
ZAVI11;132,32;1,340000;10,69;133,18;0,99;745.814,81;8,07;;;156.260.474,71;5.692,00;Ativa;1.173.322,00
ZIFI11;749,99;3,304958;0,00;1.198,36;0,63;11.939,65;0,01;;;56.904.044,67;73,00;Ativa;47.485,00
