TICKER;PRECO;ULTIMO DIVIDENDO;DY;VALOR PATRIMONIAL COTA;P/VP;LIQUIDEZ MEDIA DIARIA;PERCENTUAL EM CAIXA;CAGR DIVIDENDOS 3 ANOS; CAGR VALOR CORA 3 ANOS;PATRIMONIO;N COTISTAS;GESTAO; N COTAS
ABCP11;73,34;0,550000;9,61;110,84;0,66;65.933,38;1,42;2,43;15,35;521.976.248,89;13.433,00;;4.709.082,00
ADSH11;10,65;0,070000;0,66;;;3.778.089,95;;;;;;;0,00
AFHF11;10,11;0,130000;4,95;10,22;0,99;111.573,86;16,53;;;51.114.058,37;1.021,00;;5.000.000,00
AFHI11;95,12;1,030000;12,73;95,33;1,00;673.437,00;6,53;0,28;12,00;456.555.370,03;38.646,00;;4.789.190,00
AIEC11;56,48;0,380000;7,29;76,01;0,74;284.449,05;8,22;-22,67;4,15;366.755.058,46;11.513,00;;4.824.987,00
AJFI11;8,17;0,058000;6,73;11,06;0,74;148.284,76;3,55;;;371.925.482,96;9.532,00;;33.625.978,00
ALMI11;625,00;2,698400;6,41;2.044,19;0,31;10.872,55;0,00;;-2,07;227.267.303,51;1.843,00;;111.177,00
ALZC11;7,48;0,100000;16,10;9,38;0,80;214.388,81;0,61;;4,60;183.000.003,55;10.920,00;;19.515.485,00
ALZM11;6,32;0,080000;0,00;7,46;0,85;;3,80;-6,90;-12,36;113.203.496,22;12.195,00;Ativa;15.180.540,00
ALZR11;10,03;0,083550;10,09;10,67;0,94;2.882.952,00;10,52;1,89;3,75;1.755.504.582,43;201.297,00;;164.512.251,00
ANCR11B;3.221,00;1,440191;0,04;119,55;26,94;;1,43;;-2,39;4.286.739.820,25;247,00;;35.856.709,00
APTO11;8,30;0,100000;12,77;9,78;0,85;8.282,10;11,79;-1,52;5,59;45.095.218,73;7.626,00;;4.612.227,00
APXM11;64,15;0,387259;7,20;125,60;0,51;83.690,90;0,56;;;355.329.617,14;687,00;;2.829.142,00
APXR11;99,99;;0,00;75,37;1,33;18,63;0,06;;;8.257.591,09;178,00;;109.567,00
APXU11;100,00;;0,00;74,82;1,34;16.968,37;19,01;;;7.597.609,10;50,00;;101.542,00
AQLL11;385,03;;0,00;788,47;0,49;;0,26;;;114.972.943,23;83,00;;145.817,00
ARFI11B;479,99;;0,00;651,70;0,74;;1,52;;;74.329.618,05;28,00;;114.054,00
AROA11;1,36;0,007600;7,63;0,94;1,45;10.644,14;1,47;11,99;;158.451.747,39;6.383,00;;167.926.832,00
ARRI11;4,64;0,070000;21,55;8,43;0,55;130.895,43;3,21;-5,90;-7,70;174.647.296,59;23.191,00;;20.726.973,00
ARTE11;7,62;0,120000;13,71;10,40;0,73;96.924,33;1,74;;;98.835.743,91;877,00;;9.499.643,00
ARXD11;7,90;0,110000;14,07;9,13;0,86;83.785,71;1,06;-3,75;5,55;79.480.571,79;2.050,00;;8.700.768,00
ASRF11;10.974,00;256,328699;0,00;9.528,99;1,15;10.974,00;0,51;;;38.115.963,70;95,00;;4.000,00
ATCR11;0,00;0,342911;0,00;68,43;;;1,26;;;63.568.451,78;33,00;;928.908,00
ATSA11;60,00;1,200000;5,78;74,32;0,81;3.266,76;3,31;2,00;1,11;130.144.115,45;303,00;;1.751.141,00
ATWN11;0,00;;0,00;2.071,96;;;0,07;;;333.082.284,97;2,00;;160.757,00
AURB11;80,70;0,500000;5,90;80,07;1,01;0,00;8,79;;;86.942.080,23;17,00;;1.085.780,00
AZPE11;0,00;0,137000;0,00;9,99;;;4,33;;;124.825.790,02;1,00;;12.500.000,00
AZPL11;7,46;0,085000;12,27;8,60;0,87;636.137,10;1,96;;;360.697.172,42;5.764,00;;41.922.689,00
BARI11;79,20;0,760800;2,16;78,48;1,01;0,00;6,74;-0,15;6,62;363.696.267,15;31.765,00;;4.634.191,00
BBFI11;5,92;361,119836;6.100,00;33,91;0,17;154.597,00;392,07;28,01;-82,53;4.408.674,69;5.522,00;;130.000,00
BBFO11;68,80;0,950000;14,30;74,21;0,93;481.118,86;2,24;8,19;8,72;297.121.050,89;11.450,00;;4.003.900,00
BBIG11;5,62;0,020000;15,45;9,58;0,59;1.003.730,24;3,68;;;949.677.063,57;38.108,00;;99.120.994,00
BBIM11;0,00;0,340000;0,00;0,00;;;;-24,05;;0,00;0,00;Ativa;0,00
BBRC11;103,02;2,150000;14,32;105,68;0,97;81.919,24;8,60;3,17;12,12;168.024.527,21;8.572,00;;1.590.000,00
BCFF11;7,28;0,070000;0,00;8,76;0,83;;6,73;1,07;-5,07;1.766.025.679,12;351.688,00;Ativa;201.491.024,00
BCIA11;87,69;0,970000;11,83;101,76;0,86;430.080,67;0,34;0,39;5,50;378.442.687,17;19.658,00;;3.719.038,00
BCRI11;59,06;0,790000;16,46;84,55;0,70;342.945,38;7,43;0,63;4,36;529.078.409,30;40.878,00;;6.257.873,00
BETW11;0,00;0,670000;0,00;110,27;;;0,87;;;276.162.152,35;2,00;;2.504.500,00
BGRB11;102,50;0,554718;4,94;115,44;0,89;61.864,35;3,43;;;223.145.849,86;378,00;;1.932.933,00
BICE11;534,02;5,980000;11,32;1.089,70;0,49;520,25;21,11;-11,57;-6,72;145.381.110,34;120,00;;133.414,00
BICR11;35,92;0,363000;0,00;41,61;0,86;72,00;3,33;-18,17;-27,29;20.805.910,51;641,00;Ativa;500.000,00
BIME11;4,87;0,060000;17,25;8,24;0,59;33.723,90;5,26;-4,35;-2,22;48.152.171,45;7.796,00;;5.845.602,00
BINR11;1.673,35;297,587399;28,55;1.208,75;1,38;;9,96;;;143.521.544,20;103,00;;118.735,00
BIPD11;989,33;10,800000;5,93;934,89;1,06;860.222,50;3,24;;;103.248.147,18;111,00;;110.439,00
BIPE11;1.000,00;;0,00;982,30;1,02;0,00;11,94;;;94.546.139,77;104,00;;96.250,00
BLCA11;96,54;0,550000;6,22;126,82;0,76;3.915,24;7,11;-29,30;-0,50;202.913.953,55;485,00;;1.600.000,00
BLCP11;91,00;0,563428;0,00;111,74;0,81;;1,06;;;256.580.339,90;279,00;;2.296.282,00
BLMC11;85,75;1,070000;0,00;0,00;1,34;;3,50;-0,67;1,51;0,00;0,00;;0,00
BLMG11;30,83;0,390000;13,74;46,64;0,66;148.485,43;3,47;-14,32;-12,49;217.944.010,69;13.043,00;;4.673.000,00
BLMO11;88,87;0,530000;7,16;98,45;0,90;6.475,00;1,93;-77,01;;97.939.357,15;273,00;;994.814,00
BLMR11;6,78;0,053000;0,00;0,00;0,11;;3,50;;-2,25;0,00;0,00;;0,00
BLOG11;6,60;0,020000;0,30;11,26;0,59;8,24;0,11;;;346.922.775,80;132,00;;30.796.704,00
BLUR11;76,03;1,010650;0,00;76,13;1,00;;100,42;-14,85;-3,31;6.851.720,42;1,00;Ativa;90.000,00
BMII11;0,00;0,228341;0,00;454,06;;;0,27;;;34.190.505,41;24,00;Ativa;75.300,00
BMLC11;100,20;0,750000;8,57;107,89;0,93;18.716,40;5,35;-1,54;12,64;107.715.546,33;1.210,00;;998.405,00
BNFS11;39,70;0,500000;22,04;69,86;0,57;28.104,71;8,09;-19,36;-20,33;48.900.107,31;5.065,00;;700.000,00
BPFF11;54,53;0,670000;3,80;62,15;0,88;512.062,00;4,94;1,28;-0,18;279.190.787,97;20.101,00;;4.492.326,00
BPLC11;0,00;14,420464;0,00;9.935,96;;;0,25;;;323.206.888,13;126,00;;32.529,00
BPML11;86,16;0,920000;15,27;123,88;0,70;760.206,14;9,90;3,99;24,09;921.878.950,64;6.242,00;;7.441.745,00
BPRP11;107,50;0,925000;0,00;125,57;0,86;2.150,00;0,19;2,64;0,65;169.496.975,27;171,00;Passiva;1.349.837,00
BRCO11;113,31;1,050000;9,60;115,72;0,98;5.197.776,95;3,27;0,65;7,90;2.085.468.575,60;137.451,00;;18.021.303,00
BRCR11;40,75;0,410000;12,07;80,80;0,50;966.207,05;1,53;-2,57;-4,07;2.152.303.066,79;112.683,00;;26.638.202,00
BREV11;105,00;0,580000;0,00;0,00;1,65;532.138,00;3,50;8,81;1,65;0,00;320,00;;967.201,00
BRHT11B;86,80;;0,00;58,66;1,48;;0,63;;;108.032.458,29;11,00;;1.841.677,00
BRIM11;95,00;48,330000;0,00;11,39;8,34;0,00;128,69;;;1.414.482,94;719,00;;124.137,00
BRIP11;320,00;11,770000;0,00;469,51;0,68;689,26;9,85;;6,94;101.166.719,79;397,00;;215.475,00
BROF11;61,00;0,560000;10,49;109,82;0,56;1.469.802,90;0,98;-1,56;6,95;1.275.089.415,10;11.096,00;;11.610.812,00
BROL11;0,00;;0,00;63,81;;;3,50;;;118.155.565,38;8.102,00;;0,00
BRSE11;0,00;;0,00;4.652,47;;;0,02;;;9.304.942,83;12,00;;2.000,00
BSLT11;68,00;;0,00;114,65;0,59;87.717,57;0,01;;;154.781.619,11;2.524,00;;1.350.000,00
BTCI11;9,15;0,105000;11,69;10,23;0,89;3.883.283,43;4,17;0,40;10,65;1.018.465.541,64;208.872,00;;99.521.172,00
BTCR11;88,00;0,900000;0,00;95,27;0,92;571.148,00;8,00;32,78;;458.252.683,73;16.934,00;;4.810.097,00
BTHF11;8,99;0,101000;11,91;9,97;0,90;3.051.342,52;75,03;;;2.052.861.600,57;316.625,00;;205.846.940,00
BTHI11;43,24;0,450000;11,08;64,77;0,67;20.258,48;-0,01;-11,97;-22,76;597.104.845,87;1.740,00;;9.218.512,00
BTHI12;45,00;0,560000;0,00;64,77;0,69;;-0,01;;10,34;597.104.845,87;1.740,00;;9.218.512,00
BTHR11;0,00;0,210000;0,00;9,87;;;8,72;;;332.505.271,79;24,00;;33.675.336,00
BTLG11;102,55;0,810000;9,30;102,40;1,00;9.567.950,57;22,54;1,25;9,20;7.105.228.967,29;501.290,00;;69.389.648,00
BTML11;101,37;1,100000;11,93;128,27;0,79;;3,36;;;145.476.950,69;1,00;;1.134.132,00
BTSG11;145,92;1,000000;5,48;156,08;0,93;146,00;0,75;3,00;7,58;120.961.555,01;106,00;;775.015,00
BTSI11;109,17;0,830000;8,93;123,72;0,88;29,13;0,06;3,40;;788.559.958,83;220,00;;6.373.961,00
BTWR11;90,00;0,940000;9,49;118,61;0,76;0,00;0,57;5,95;;95.985.219,78;139,00;;809.269,00
BTYU11;7,68;0,090000;13,73;10,24;0,75;3.002,33;4,93;;;307.155.136,13;881,00;;30.000.000,00
BVAR11;1.246,69;8,400000;10,98;694,70;1,79;1.260,00;0,16;-12,09;;434.564.729,75;128,00;;625.540,00
BZEL11;0,00;5,092421;0,00;148,68;;;0,15;;;526.045.991,98;3,00;;3.538.046,00
BZLI11;19,78;;0,00;16,74;1,18;;0,02;;5,18;732.922.445,55;18,00;;43.785.754,00
CACR11;20,78;0,230000;57,19;97,58;0,21;578.140,95;0,40;-5,01;-31,67;471.926.680,37;25.317,00;;4.836.324,00
CARE11;3,30;0,008385;0,00;34,64;0,10;2.424,90;1,69;;-30,66;249.416.931,74;6.772,00;;7.201.226,00
CBOP11;31,14;0,160000;6,29;72,14;0,43;8.086,14;1,35;9,08;-0,19;102.081.535,85;1.986,00;;1.415.000,00
CCLB11;0,00;;0,00;0,00;;;3,50;;;0,00;0,00;;0,00
CCME11;8,87;0,086000;10,53;10,68;0,83;247.663,29;16,23;-2,17;1,99;723.891.982,59;9.617,00;;67.797.053,00
CCRF11;92,50;0,632531;0,00;93,23;0,99;;3,10;;2,66;146.548.498,31;317,00;;1.571.900,00
CCVA11;98,97;0,500000;6,38;102,27;0,97;;2,35;;;64.196.049,44;1,00;;627.724,00
CENU11;100,00;;0,00;98,98;1,01;;0,75;;;112.813.630,65;27,00;;1.139.780,00
CEOC11;40,35;0,485038;13,81;68,46;0,59;10.287,52;3,03;1,07;-2,23;124.299.758,89;3.637,00;;1.815.696,00
CFHI11;20,10;10,620000;226,47;26,58;0,76;40,00;154,38;;22,55;2.514.034,94;96,00;;94.600,00
CFII11;317,25;57,500000;77,42;497,25;0,64;0,00;42,31;;;62.812.673,81;103,00;;126.319,00
CIXM11;9,04;0,150000;0,00;41,54;0,22;;2,20;;;254.544.355,67;108,00;;6.127.180,00
CIXR11;0,00;;0,00;63,81;;;3,50;;;118.155.565,38;8.102,00;;0,00
CJCT11;67,00;0,460000;4,60;73,94;0,91;166,11;0,43;22,88;5,33;232.168.790,15;781,00;;3.140.000,00
CJFI11;0,00;;0,00;2,91;;;2,88;;;276.020.038,85;1,00;;94.711.593,00
CLIN11;90,57;1,150000;11,86;98,67;0,92;696.747,43;12,20;;;428.908.370,71;10.768,00;;4.346.763,00
CNES11;1,46;0,007439;6,74;6,37;0,23;33.099,33;6,02;8,94;-8,73;217.270.081,13;75.774,00;;34.134.825,00
COPP11;103,00;0,750000;0,00;126,60;0,81;;0,20;;0,99;694.923.954,59;118,00;;5.489.284,00
CPFF11;69,90;0,500000;0,00;62,49;1,12;;8,22;-0,91;3,15;67.464.811,29;6.536,00;Ativa;1.079.696,00
CPFO11;0,00;;0,00;31,93;;;0,87;;;90.509.108,49;528,00;;2.834.551,00
CPHH11;0,00;;0,00;73,46;;;30,00;;;108.236.367,68;420,00;;1.473.378,00
CPLG11;11,18;0,120000;13,24;10,52;1,06;75.348,62;0,03;;;592.814.804,02;5.398,00;;56.355.750,00
CPOF11;114,50;0,430000;3,88;126,60;0,90;31.356.251,53;0,20;;11,63;694.923.954,59;118,00;;5.489.284,00
CPSH11;10,00;0,110000;13,30;11,57;0,86;1.541.390,76;0,21;3,37;8,27;1.424.897.810,43;37.178,00;;123.163.844,00
CPTS11;7,54;0,090000;13,03;8,79;0,86;8.119.214,95;0,02;6,70;7,39;3.195.466.071,47;381.877,00;;363.503.147,00
CPUR11;10,40;0,100000;10,32;9,68;1,07;1.062.230,14;0,26;5,59;13,52;656.300.153,83;1.860,00;;67.825.745,00
CRFF11;66,50;0,650000;11,37;84,57;0,79;8.010,14;5,88;1,50;2,93;58.358.289,75;1.144,00;;690.040,00
CSMC11;0,00;8,195922;0,00;1.091,22;;;1,44;;;2.058.374.378,06;1,00;;1.886.309,00
CTEM11;7,48;;0,00;;;10,88;;;;;;;0,00
CTNP11;0,00;;0,00;63,81;;;3,50;;;118.155.565,38;8.102,00;;0,00
CTXT11;4,83;0,010000;0,00;16,71;0,29;1.317,68;1,52;-23,80;-25,86;94.619.368,35;2.178,00;;5.661.158,00
CVPR11;0,00;0,858820;0,00;100,64;;;10,77;-6,78;;64.992.083,27;3,00;;645.783,00
CXAG11;75,12;0,720000;11,58;110,69;0,68;389.853,33;3,08;0,94;5,71;231.406.642,63;11.340,00;;2.090.621,00
CXCE11;40,03;0,459937;13,97;63,11;0,63;23.112,43;7,65;4,00;-2,93;108.101.430,53;2.835,00;;1.712.950,00
CXCI11;66,16;0,750000;13,91;83,15;0,80;94.806,81;6,58;-1,55;2,91;171.101.290,36;5.374,00;;2.057.726,00
CXCO11;69,00;0,750000;12,78;95,65;0,72;213.041,76;1,77;0,36;6,31;375.382.084,34;12.003,00;;3.924.500,00
CXRI11;65,30;0,630000;11,21;85,10;0,77;37.749,67;6,62;1,60;3,21;134.096.301,65;1.783,00;;1.575.760,00
CXTL11;250,00;0,943865;2,81;409,77;0,61;11.974,42;3,28;-32,44;2,71;21.962.684,82;562,00;;53.597,00
CYCR11;8,75;0,106000;14,54;9,44;0,93;465.842,05;2,05;0,32;13,34;345.052.936,12;16.858,00;;36.549.445,00
CYLD11;80,01;19,355643;24,19;129,43;0,62;670.044,41;28,68;;;160.738.242,07;116,00;;1.241.847,00
DAMA11;6,19;0,065558;13,61;7,44;0,83;2.338,62;2,64;;;41.189.388,34;908,00;;5.537.031,00
DAMT11B;11,45;0,582451;8,59;14,34;0,80;23,00;5,27;;-13,35;254.940.086,47;576,00;;17.779.747,00
DAYM11;3,99;0,037000;9,77;9,90;0,40;3.290,43;3,11;;-6,62;169.233.417,59;922,00;;17.100.937,00
DEVA11;17,90;0,300000;20,56;94,99;0,19;514.244,71;6,11;-13,96;-22,52;1.334.067.797,89;74.905,00;;14.044.908,00
DLMT11;0,00;0,000332;0,00;0,50;;;1,23;-19,71;;6.663.597,32;9,00;;13.225.796,00
DMAC11;13,00;4,894618;0,00;4,99;2,61;;105,14;;;778.257,90;2.352,00;;156.108,00
DOMC11;439,00;;0,00;104,27;4,21;;1,58;;;550.560.743,88;1.085,00;;5.280.066,00
DOVL11B;784,35;9,027475;9,43;583,04;1,35;0,00;5,74;1,25;-13,23;38.717.375,14;101,00;;66.406,00
DPRO11;5,35;0,060000;12,34;9,37;0,57;338,10;1,36;0,80;-10,37;46.867.527,41;787,00;;5.003.220,00
DRIT11;8,68;0,520000;0,00;133,56;0,07;1.246,00;23,67;8,33;-56,44;61.876.341,24;338,00;Ativa;463.277,00
DVFF11;5,27;0,065000;13,66;8,49;0,62;51.010,19;5,64;-3,95;-3,14;93.513.518,13;2.182,00;;11.009.500,00
DVLP11;150,29;;0,00;147,47;1,02;0,00;4,51;;;104.965.851,52;162,00;;711.756,00
DVLT11;103,41;;0,00;103,47;1,00;0,00;17,53;;;42.188.591,11;403,00;;407.744,00
EAGL11;0,00;;0,00;104,27;;;-0,03;;;193.812.411,56;14,00;;1.858.798,00
EDFO11;144,97;0,830000;7,26;190,62;0,76;18.297,68;12,44;-20,79;-8,51;56.899.819,30;448,00;;298.500,00
EDGA11;13,16;0,040000;2,37;42,73;0,31;36.394,71;0,00;-12,17;-8,56;162.882.793,64;3.549,00;;3.812.055,00
EDGE11;946,66;77,330000;16,54;1.234,05;0,77;157,56;28,24;;;14.110.278,03;127,00;;11.434,00
EGDB11;1.272,64;;0,00;1.006,18;1,26;35.643,74;6,19;;;109.431.634,84;2.792,00;;108.759,00
EGYR11;2,98;;0,00;132,25;0,02;519,00;0,00;;-36,79;100.818.968,57;89,00;;762.353,00
EIRA11;104,55;1,140000;12,77;103,68;1,01;3.772,39;17,37;;;35.901.915,52;242,00;;346.289,00
ELDO11;762,38;0,440000;16,28;1.721,11;0,44;;0,17;-0,12;;1.354.953.137,68;112,00;;787.256,00
EMET11;8,96;0,100000;18,08;9,43;0,95;287.927,90;2,08;;;47.171.380,07;242,00;;5.000.000,00
EQIR11;8,35;0,100000;14,44;9,69;0,86;59.169,33;3,85;0,12;12,72;105.679.976,17;9.594,00;;10.909.315,00
ERCR11;4.641,78;1.868,750000;0,00;10.568,62;0,44;179.298,53;1,06;;;25.111.040,17;9,00;;2.376,00
ERPA11;126,09;0,940000;8,88;165,59;0,76;2.103,60;1,00;7,25;9,84;82.946.204,77;841,00;;500.922,00
ESTQ11;0,00;;0,00;0,02;;;99,31;;;989.236,50;5,00;;65.361.974,00
EURO11;309,02;2,450000;8,38;394,11;0,80;48.615,62;6,75;5,39;19,02;161.540.825,25;1.943,00;;409.883,00
EXES11;9,74;0,130000;16,02;9,80;0,99;94.203,57;1,02;17,03;19,00;138.137.672,46;2.258,00;;14.101.455,00
FAED11;152,49;1,775891;13,40;224,56;0,68;189.204,24;1,55;3,95;8,05;155.481.948,48;3.952,00;;692.377,00
FAGL11;0,00;;0,00;63,81;;;3,50;;;118.155.565,38;8.102,00;;0,00
FAMB11;712,00;45,426656;0,00;972,61;0,73;5.380,67;0,21;45,38;-13,90;119.182.038,58;1.907,00;;122.538,00
FAOE11;926,90;11,160900;0,00;0,00;;;;;;0,00;0,00;Ativa;0,00
FARU11;0,00;;0,00;63,81;;;3,50;;;118.155.565,38;8.102,00;;0,00
FATN11;79,94;0,800000;12,01;96,92;0,82;2.866.767,62;1,49;-1,97;3,65;655.034.714,91;29.245,00;;6.758.261,00
FCAS11;0,00;0,121915;0,00;60,79;;;186,17;;;80.684.223,04;2,00;;1.327.300,00
FCFL11;122,50;0,930000;8,97;125,09;0,98;191.366,05;0,48;3,10;11,32;434.561.216,17;2.847,00;;3.474.010,00
FGPM11;0,00;;0,00;84,57;;;5,88;;;58.358.289,75;1.144,00;;690.040,00
FIGS11;50,02;0,500000;11,56;70,10;0,71;91.565,14;0,65;3,06;3,09;199.771.293,69;11.268,00;;2.850.000,00
FIIB11;440,51;1,940000;8,74;592,08;0,74;272.986,62;0,71;-3,56;3,68;405.576.425,35;14.156,00;;685.000,00
FIIC11;0,00;;0,00;0,00;;;;;;0,00;1,00;;500.000.005.738,00
FIIP11;132,44;1,420000;12,72;200,06;0,66;414.576,71;2,33;-0,86;-6,66;185.491.815,14;5.988,00;;927.162,00
FINF11;0,00;0,234290;0,00;110,17;;;1,22;-8,10;;90.352.448,20;4,00;;820.112,00
FISC11;58,59;0,600000;10,14;111,15;0,53;8.839,20;0,88;10,19;;188.957.666,37;221,00;;1.699.996,00
FISD11;149,33;6,526269;0,00;45,12;3,31;;2,87;;;48.395.099,56;22,00;;1.072.588,00
FIVN11;3,02;;0,00;5,98;0,51;3.382,52;0,03;;-10,13;56.309.306,79;4.311,00;;9.412.630,00
FLCR11;92,50;1,150000;12,92;94,05;0,98;241.888,00;10,19;0,80;13,76;70.709.624,35;2.683,00;;751.844,00
FLFL11;0,00;0,180000;0,00;137,68;;;0,89;;-100,00;475.591.739,84;1,00;;3.454.262,00
FLMA11;148,60;1,380000;9,29;250,72;0,59;46.936,81;0,99;6,36;11,02;346.156.033,36;10.833,00;;1.380.670,00
FLNR11;1.273,88;;0,00;1.213,55;1,05;;0,03;;;154.345.470,35;125,00;;127.184,00
FLRP11;20,23;0,150000;8,75;21,02;0,96;11.465,57;2,01;2,37;9,10;161.831.456,47;1.893,00;;7.698.953,00
FMOF11;35,02;0,100000;36,01;47,49;0,74;802,50;15,27;54,00;12,43;24.126.952,25;391,00;;508.008,00
FOFT11;123,00;1,900000;0,00;7,00;17,57;;2,33;-47,71;;250.509.603,82;11.454,00;Ativa;35.769.919,00
FPAB11;198,03;1,800000;10,43;357,89;0,55;21.545,21;5,14;11,39;11,00;268.415.948,26;653,00;;750.000,00
FPNG11;465,06;4,830000;0,00;216,77;2,15;49,68;4,79;15,77;;659.714.472,19;140,00;;3.043.447,00
FRHY11;0,00;1,030000;0,00;11,26;;;102,28;;;1.469.106,01;6,00;;130.500,00
FTCE11B;38.280,10;32,568789;0,15;2.951,79;12,97;20.943.483.170,84;3,32;;;3.982.023.511,94;124,00;;1.349.019,00
FVBI11;94,97;0,369573;0,00;0,00;1,49;;3,50;142,93;;0,00;0,00;;0,00
FVPQ11;56,81;0,400000;7,04;92,30;0,62;39.442,33;2,04;-25,73;-14,55;258.455.348,57;3.416,00;;2.800.149,00
FYTO11;8,17;0,102100;14,80;9,98;0,82;121.804,38;5,89;0,27;2,62;152.456.236,71;10.301,00;;15.281.388,00
GAME11;8,57;0,100000;12,49;9,58;0,89;276.966,19;1,54;0,43;10,05;272.386.907,66;20.760,00;;28.426.127,00
GARE11;8,13;0,083000;12,25;9,27;0,88;10.341.762,81;1,21;-0,79;7,52;2.680.905.837,98;522.157,00;;289.186.438,00
GCDL11;124,99;;0,00;112,17;1,11;31.292,86;0,41;;;44.433.165,29;2.023,00;;396.111,00
GCFF11;69,30;0,750000;0,00;77,51;0,89;;4,26;;0,00;27.939.468,78;1.759,00;;360.477,00
GCOI11;70,82;3,011600;8,49;74,99;0,94;291,38;5,42;;4,99;8.473.573,49;384,00;;113.000,00
GCRI11;67,49;0,850000;13,56;93,38;0,72;157.501,62;18,51;-4,07;3,55;135.757.181,26;4.048,00;;1.453.859,00
GESE11B;1.520,00;14,973763;0,00;1.119,08;1,36;;203,53;118,15;;58.192.036,94;56,00;;52.000,00
GFDL11;118,08;0,160000;0,14;94,77;1,25;12.264,30;0,34;;;24.160.022,64;2.052,00;;254.927,00
GGRC11;9,71;0,100000;12,35;11,03;0,88;13.725.680,52;0,86;2,85;5,75;2.363.600.563,21;356.495,00;;214.249.664,00
GLCR11;99,16;0,900000;11,37;99,57;1,00;4.888,58;0,65;;;49.598.220,68;887,00;;498.110,00
GLOG11;75,00;0,600000;6,96;108,96;0,69;8.200,94;2,22;-7,27;13,29;81.722.702,68;1.466,00;;750.000,00
GLPF11;109,21;0,670000;8,31;103,63;1,05;23.653,55;0,44;;;155.966.699,11;2.448,00;;1.505.000,00
GLPL11;0,00;;0,00;63,81;;;3,50;;;118.155.565,38;8.102,00;;0,00
GRLV11;104,51;0,170000;0,00;5,97;17,51;;2.489,44;135,25;;6.407.890,29;2.604,00;;1.073.530,00
GRUL11;8,12;0,080000;12,19;9,68;0,84;232.377,29;1,45;;;239.163.458,88;5.220,00;;24.700.000,00
GSFI11;11,18;;0,00;12,73;0,88;17.433.453,00;2,17;;14,59;1.223.710.564,51;6.708,00;;96.106.665,00
GTLG11;63,99;0,840000;0,00;60,62;1,06;;100,03;;-12,34;434.811.690,70;341,00;;7.173.000,00
GTWR11;80,25;0,900000;13,46;101,39;0,79;728.102,00;1,58;4,44;11,34;1.216.667.356,04;33.431,00;;12.000.000,00
GURB11;108,00;0,700000;0,00;128,27;0,84;;3,36;;1,27;145.476.950,69;1,00;;1.134.132,00
GVBI11;0,00;;0,00;63,81;;;3,50;;;118.155.565,38;8.102,00;;0,00
GZIT11;42,59;0,420000;17,75;87,05;0,49;465.985,67;4,33;;;2.028.146.076,20;8.032,00;;23.297.836,00
HAAA11;55,84;0,080000;5,64;64,64;0,86;373,55;2,46;4,50;0,50;223.322.900,36;231,00;;3.455.000,00
HABT11;71,53;0,970000;16,24;95,11;0,75;981.107,76;12,65;-2,43;4,58;772.911.596,36;57.158,00;;8.126.783,00
HBCR11;146,00;0,550000;10,19;116,75;1,25;47,17;0,14;24,54;23,00;186.801.196,94;73,00;;1.600.000,00
HBTT11;1.055,00;16,580000;0,00;0,00;16,53;;3,50;;;0,00;0,00;;0,00
HCHG11;74,98;0,710000;9,74;82,96;0,90;12.949,00;1,08;0,55;9,06;99.549.645,67;513,00;;1.200.000,00
HCPR11;0,00;;0,00;63,81;;;3,50;;;118.155.565,38;8.102,00;;0,00
HCRI11;267,60;2,530000;18,05;286,78;0,93;44.199,67;2,90;16,27;15,20;57.356.168,83;3.009,00;;200.000,00
HCST11;38,00;;0,00;57,83;0,66;1.073,56;0,94;;-8,75;50.365.846,01;57,00;;870.918,00
HCTR11;16,30;0,260000;19,34;100,37;0,16;637.342,90;0,55;-7,11;-24,27;2.216.689.880,53;123.678,00;;22.084.202,00
HDEL11;3,45;15,300000;443,48;4,40;0,78;204,89;19,56;;;3.697.614,77;144,00;;840.000,00
HDOF11;91,00;;0,00;92,65;0,98;784.666,58;1,97;;-7,85;312.224.041,24;122,00;;3.370.000,00
HFOF11;6,22;0,060000;11,15;7,77;0,80;2.113.403,67;0,97;-2,72;2,17;1.707.518.504,88;94.205,00;;219.693.000,00
HGBL11;8,80;0,072000;9,95;9,81;0,90;67.427,71;1,58;;;257.621.581,89;4.832,00;;26.261.802,00
HGBS11;19,33;0,170000;9,87;20,38;0,95;4.124.341,00;1,60;-4,67;4,72;2.942.000.393,20;194.805,00;;144.355.726,00
HGCR11;92,50;0,950000;12,81;98,47;0,94;3.685.599,52;2,71;-0,42;7,74;1.518.188.028,49;103.812,00;;15.418.106,00
HGFF11;62,38;1,990000;5,37;71,18;0,88;1.552.502,00;18,73;8,82;-2,84;203.824.815,19;14.789,00;;2.863.597,00
HGIC11;53,95;0,670000;16,04;110,66;0,49;2.366,86;2,00;-8,44;-10,02;51.204.172,04;727,00;;462.706,00
HGLG11;148,35;1,100000;8,90;166,00;0,89;13.647.294,71;0,64;0,00;3,95;7.570.056.166,40;573.386,00;;45.601.745,00
HGPO11;45,82;1,200879;237,45;49,35;0,93;78.489,08;318,61;142,33;-23,10;86.518.727,86;8.203,00;;1.753.057,00
HGRE11;122,95;1,500000;9,35;147,39;0,83;1.885.112,19;5,58;3,08;3,64;1.741.832.777,19;144.569,00;;11.817.767,00
HGRS11;0,00;8,300000;0,00;0,00;;;3,50;;;0,00;6,00;;1.492.940,00
HGRU11;128,75;0,950000;9,24;128,90;1,00;5.492.369,62;1,10;-0,42;9,60;2.995.424.135,35;232.223,00;;23.238.024,00
HILG11;184,96;0,982200;27,58;245,06;0,75;0,00;9,99;44,05;;128.961.347,44;107,00;;526.253,00
HIRE11;100,36;0,870000;5,37;100,18;1,00;2.236.176,83;6,21;;;274.535.713,93;110,00;;2.740.301,00
HLMB11;0,00;49,571629;0,00;910,52;;;8,12;;;49.750.189,06;49,00;;54.639,00
HLOG11;8,80;0,110000;10,74;11,93;0,74;62.989,14;4,86;12,04;5,52;507.210.129,52;4.071,00;;42.500.000,00
HMOC11;226,95;23,800000;0,00;238,79;0,95;;0,67;122,18;;91.223.530,50;209,00;;382.017,00
HOFC11;33,98;0,210000;0,00;56,70;0,60;241.241,29;0,27;-22,89;14,53;214.282.245,00;4.126,00;;3.779.001,00
HOMS11;131,51;;0,00;88,61;1,48;25.009,55;0,47;;;46.957.938,68;2.579,00;;529.951,00
HOSI11;77,56;0,158600;4,42;121,16;0,64;2.335,42;1,66;-16,46;12,28;69.477.364,30;1.085,00;;573.450,00
HPDP11;89,39;0,610000;9,32;95,51;0,94;13.983,90;7,25;6,90;12,56;673.427.789,71;610,00;;7.050.992,00
HPDR11;0,00;;0,00;99,11;;;1,11;;;39.645.911,70;3,00;;400.000,00
HRDF11;4,45;6,800000;0,00;8,70;0,51;34,20;8,29;;-2,90;13.195.695,60;839,00;;1.517.425,00
HREC11;8,13;0,095000;12,55;8,91;0,91;156.196,43;1,54;1,00;11,09;460.267.229,38;2.417,00;;51.685.917,00
HRES11;141,53;8,735900;27,74;112,26;1,26;2.140.733,00;18,52;;;52.564.815,88;135,00;;468.241,00
HSAF11;77,52;0,950000;14,71;89,25;0,87;515.229,43;10,88;3,44;7,81;225.481.752,46;8.802,00;;2.526.360,00
HSLG11;92,30;0,740000;9,26;109,49;0,84;839.332,00;6,25;-1,30;8,50;1.386.117.337,47;40.116,00;;12.660.067,00
HSML11;86,54;0,750000;9,73;104,20;0,83;4.184.427,71;3,56;-2,98;7,29;2.222.527.268,64;191.016,00;;21.329.976,00
HSRE11;87,73;0,850000;11,06;86,50;1,01;1.010.257,19;4,44;15,10;3,97;769.710.080,04;792,00;;8.898.724,00
HTMX11;138,75;2,950000;12,39;149,17;0,93;535.674,38;8,50;-15,10;21,87;430.803.119,92;33.089,00;;2.888.094,00
HUCG11;88,20;0,750000;10,63;128,27;0,69;1.296,10;0,82;;6,74;143.721.044,07;241,00;;1.120.448,00
HUSC11;96,01;0,940000;12,95;150,10;0,64;2.417,00;4,49;13,86;7,12;127.709.454,20;763,00;;850.821,00
HUSI11;1.089,98;9,343613;10,75;1.315,98;0,83;10.013,94;2,28;3,61;6,85;153.130.257,95;106,00;;116.362,00
HYPI11;180,54;1,148300;63,12;1,93;93,54;363,00;243,70;;;2.525.439,51;109,00;;1.306.304,00
IBBP11;7,63;0,082100;10,85;9,24;0,83;114.508,76;5,13;;;696.681.175,82;1.521,00;;75.370.654,00
IBCR11;44,50;0,600000;16,20;89,07;0,50;57.163,52;0,98;-10,95;-3,92;85.371.234,57;3.794,00;;958.423,00
IBFF11;66,40;0,296485;0,00;14,78;4,49;;101,13;;;9.855.905,16;3.870,00;;666.681,00
ICNE11;700,00;13,543727;19,65;614,35;1,14;490,45;0,33;;;73.722.465,55;10,00;;120.000,00
ICRI11;94,00;1,100000;12,71;101,89;0,92;691.253,86;6,98;;;393.021.351,52;11.954,00;;3.857.359,00
IDFI11;2,00;0,034026;0,00;1,60;1,25;;101,44;-50,79;-29,05;3.283.391,87;617,00;Ativa;2.057.925,00
IDGR11;1,50;0,008834;0,00;0,00;;;;;-29,39;0,00;0,00;Ativa;883.359,00
IDUA11;64,42;0,100187;8,17;7,88;8,18;;119,93;;;3.169.700,86;1,00;;402.311,00
IMOV11;0,00;0,100000;0,00;9,35;;;9,99;;;496.430.254,84;13.027,00;;53.092.572,00
INDE11;80,00;;0,00;111,25;0,72;2.662,37;0,66;;;49.832.661,60;183,00;;447.921,00
INLG11;67,12;0,600000;12,08;106,40;0,63;224.313,19;0,77;-1,09;-7,14;480.086.510,35;14.847,00;;4.512.103,00
INRD11;74,25;0,720000;10,90;118,43;0,63;94.357,67;1,49;7,07;6,88;133.794.671,29;5.856,00;;1.129.720,00
IRDM11;58,31;1,250056;5,99;78,62;0,74;5.300.561,00;3,42;-0,50;-2,89;2.959.621.783,69;258.917,00;;37.642.399,00
IRIM11;65,68;1,180000;15,36;83,83;0,78;2.577.318,95;26,49;0,44;0,99;2.953.072.420,00;205.624,00;;35.225.947,00
ISCJ11;50,71;0,350584;41,31;0,00;;10.174,00;;;;0,00;0,00;;0,00
ITIP11;58,22;0,730000;14,69;68,50;0,85;429.503,90;2,06;0,39;2,48;51.249.599,16;7.316,00;;748.151,00
ITIT11;58,66;0,640000;12,67;78,45;0,75;309.352,81;1,51;0,09;0,73;70.648.021,19;8.998,00;;900.494,00
ITRI11;78,96;0,850000;13,30;93,71;0,84;1.019.126,10;3,13;;;585.701.060,04;18.032,00;;6.250.000,00
IVCI11;96,86;2,230000;14,85;99,89;0,97;;12,94;;;49.944.439,00;16,00;;500.000,00
JASC11;100,00;0,720000;8,36;114,54;0,87;13.888,89;2,91;7,82;7,13;441.099.359,45;161,00;;3.851.187,00
JBFO11;15,03;0,043000;0,00;7,76;1,94;;100,61;-19,38;;9.919.792,95;369,00;;1.279.070,00
JCCJ11;142,10;1,770000;9,84;200,80;0,70;320.460,10;0,65;;;1.046.775.192,71;337,00;;5.213.036,00
JCDA11;0,00;;0,00;28,84;;;0,14;;;441.268.891,67;104,00;;15.303.215,00
JCDB11;0,00;;0,00;240,38;;;0,14;;;250.710.781,85;58,00;;1.042.957,00
JCIN11;148,90;7,082941;4.768,25;180,32;0,83;9.973.769,00;0,10;;;237.606.319,89;6,00;;1.317.717,00
JFLL11;55,83;0,200000;8,36;104,09;0,54;56.062,33;1,32;-14,38;6,59;156.191.025,81;2.068,00;;1.500.598,00
JPPA11;81,00;1,520000;17,04;100,26;0,81;119.134,19;1,44;3,02;8,67;90.636.492,03;6.017,00;;904.050,00
JPPC11;12.262,77;0,350000;0,24;61,16;200,50;10.205.711.351,16;101,26;;870,39;3.363.854,71;492,00;;55.000,00
JRDM11;85,00;0,400000;0,00;88,84;0,96;0,00;0,41;28,90;-0,35;224.143.181,16;4.001,00;;2.522.968,00
JSAF11;7,29;0,080000;13,53;9,28;0,79;1.453.087,14;20,19;-5,97;2,50;719.646.064,11;26.400,00;;77.523.290,00
JSCR11;7,90;0,102000;14,84;9,47;0,83;246.512,62;3,86;;;209.607.782,10;3.544,00;;22.137.100,00
JSRE11;59,00;0,480000;9,76;103,10;0,57;3.564.367,43;1,17;0,94;-2,26;2.141.161.745,88;88.932,00;;20.767.328,00
JTPR11;2.517,00;1,630372;0,00;31,34;80,31;;19,31;;;6.727.195,78;7,00;;214.674,00
KCRE11;8,92;0,130000;12,89;9,42;0,95;341.548,14;1,25;2,31;10,45;339.202.016,85;16.050,00;;36.000.000,00
KEVE11;446,20;10,832696;28,68;370,33;1,20;290,11;29,15;;4,74;54.697.687,97;429,00;;147.700,00
KFEN11;1.100,00;12,500000;10,73;937,23;1,17;;0,74;;;167.436.354,12;129,00;;178.651,00
KFOF11;77,83;0,800000;12,27;91,78;0,85;1.178.442,71;2,98;-0,45;4,53;643.796.104,69;27.026,00;;7.014.565,00
KINP11;10,00;3,053493;0,00;0,00;0,16;0,00;3,50;;;0,00;0,00;;0,00
KISU11;6,48;0,070000;11,88;8,07;0,80;448.581,62;3,53;-2,27;1,32;356.882.460,97;103.453,00;;44.196.050,00
KIVO11;58,73;0,850000;18,24;84,39;0,70;450.044,24;28,80;-6,97;-0,23;187.570.261,88;7.247,00;;2.222.736,00
KLOG11;0,00;;0,00;0,94;;;1,34;;;383.402.243,06;354,00;;406.398.891,00
KNCR11;107,97;1,100000;13,37;102,38;1,06;20.380.602,67;8,04;4,79;16,36;10.963.961.899,61;558.989,00;;107.089.622,00
KNHF11;94,60;1,000000;12,69;100,78;0,94;3.309.336,76;8,32;;;1.981.719.472,60;69.413,00;;19.663.235,00
KNHY11;101,39;1,200000;13,02;98,77;1,02;2.725.677,90;3,72;1,51;14,31;3.078.815.446,57;27.847,00;;31.173.083,00
KNIP11;91,67;1,120000;10,92;93,42;0,98;12.942.684,52;11,74;2,37;11,04;7.481.169.020,60;72.653,00;;80.078.186,00
KNPR11;71,89;5,700000;11,84;93,88;0,77;40.287,83;4,69;;;54.443.302,45;594,00;;579.911,00
KNRE11;0,34;0,001240;0,36;0,64;0,53;355,38;32,61;;37,78;11.910.967,91;5.382,00;;18.547.161,00
KNRI11;156,64;1,380000;8,25;163,15;0,96;8.239.170,38;2,68;2,75;7,37;4.601.415.318,82;313.130,00;;28.204.047,00
KNSC11;9,23;0,100000;12,36;8,76;1,05;4.150.366,86;7,53;6,08;13,84;1.771.689.563,66;265.223,00;;202.202.385,00
KNUQ11;104,92;1,150000;14,27;101,38;1,03;4.344.379,38;8,12;6,85;;2.178.113.477,92;54.995,00;;21.484.730,00
KOPI11;0,00;;0,00;63,81;;;3,50;;;118.155.565,38;8.102,00;;0,00
KORE11;65,14;0,600000;17,04;106,17;0,61;2.482.512,95;0,46;;;1.021.842.134,43;30.828,00;;9.625.000,00
KRES11;0,00;0,000843;0,00;1,00;;;1,80;;;244.171.560,62;131,00;;245.099.742,00
LASC11;111,97;0,560000;7,53;131,92;0,85;194.156,62;0,93;3,88;15,89;387.891.107,96;641,00;;2.940.298,00
LATR11B;774,06;9,998500;0,00;0,00;12,13;0,00;3,50;;;0,00;0,00;;0,00
LAVF11;0,00;1,300000;0,00;0,00;;;3,50;;;0,00;7,00;;44.600,00
LFTT11;2,10;3,668145;0,00;30,86;0,07;598.719,00;10,90;;-4,09;20.524.042,22;8,00;;665.000,00
LIFE11;6,82;0,120000;21,11;9,65;0,71;959.419,52;1,65;-1,72;1,30;383.768.615,88;20.449,00;;39.761.584,00
LKDV11;1.104,12;;0,00;1.104,12;1,00;101.354,50;9,38;;;73.767.629,67;101,00;;66.811,00
LLAO11;57,20;1,700000;0,00;53,32;1,07;57,00;5,71;;;19.256.284,02;78,00;;361.140,00
LMAI11;36,90;0,120000;11,30;104,27;0,35;12.981,80;1,58;-2,65;-1,50;550.560.743,88;1.085,00;;5.280.066,00
LOFT11B;29,90;0,201705;0,00;0,00;;;7.677,06;;;1.037,85;8,00;;1.958.596,00
LPLP11;230,00;3,378030;19,36;313,92;0,73;405,15;0,01;-20,09;;251.560.601,61;38,00;;801.344,00
LRDI11;114,09;29,710137;64,57;47,13;2,42;50,00;2,98;;;17.451.380,86;139,00;;370.244,00
LRED11;12,00;;0,00;10,87;1,10;0,00;6,20;;;15.309.327,14;108,00;;1.408.780,00
LSOI11;12,02;0,100000;0,00;13,29;0,90;0,00;0,60;;;71.298.448,94;40,00;;5.365.285,00
LSPA11;24,01;0,060000;0,00;20,95;1,15;;104,96;81,14;-26,11;8.473.824,04;727,00;Ativa;404.500,00
LTMT11;93,78;8,379118;0,00;94,12;1,00;0,00;4,17;;;14.730.216,79;115,00;;156.501,00
LVBI11;103,34;0,750000;8,70;120,46;0,86;2.889.185,62;0,67;-5,28;5,47;1.941.627.792,71;124.082,00;;16.118.565,00
MADS11;0,00;;0,00;63,81;;;3,50;;;118.155.565,38;8.102,00;;0,00
MAGM11;10,00;0,120000;7,10;10,08;0,99;3.853,10;13,87;;;125.405.482,53;182,00;Ativa;12.440.765,00
MANA11;9,15;0,125000;14,70;9,36;0,98;1.134.791,24;2,86;2,20;11,22;351.255.788,66;36.656,00;;37.536.140,00
MATV11;86,63;0,600000;0,00;93,73;0,92;;15,13;;0,44;39.926.993,67;325,00;;425.968,00
MAXR11;49,21;0,250000;7,32;93,17;0,53;42.688,29;3,90;-23,96;2,03;104.873.294,73;3.562,00;;1.125.655,00
MCCI11;93,80;1,000000;11,71;94,84;0,99;5.313.615,43;6,24;4,76;12,59;1.608.480.585,47;124.940,00;;16.960.024,00
MCEM11;26,97;0,670000;21,65;27,82;0,97;8.232,92;0,33;;;95.182.732,60;234,00;;3.421.153,00
MCHF11;9,10;0,070000;0,00;9,15;0,99;;28,30;;-0,54;295.957.071,40;82.189,00;;32.354.247,00
MCLO11;10,39;0,150080;10,27;13,83;0,75;577.455,35;2,95;;;1.723.795.824,67;247,00;;124.642.860,00
MCRE11;9,03;0,110000;14,67;10,17;0,89;2.130.661,43;-0,02;-3,52;6,22;1.135.090.129,68;94.007,00;;111.598.921,00
MFAI11;69,98;0,720000;0,00;0,00;;;;-11,46;3,32;0,00;0,00;Ativa;0,00
MFCR11;22,33;2,270000;0,00;0,00;;;;;-38,01;0,00;0,00;Ativa;0,00
MFII11;51,00;0,910000;24,10;96,60;0,53;2.738.801,05;1,04;-3,51;-5,58;656.905.292,98;32.542,00;;6.800.000,00
MGCR11;9,40;0,100000;0,00;9,78;0,96;;1,77;;0,29;131.240.792,97;4.360,00;;13.416.505,00
MGFF11;69,99;0,520000;0,00;0,00;1,10;;3,50;-2,71;1,61;0,00;0,00;;0,00
MGHT11;11,77;0,130000;0,00;22,28;0,53;18.155,43;7,07;-14,07;-41,59;29.275.843,03;3.235,00;;1.313.784,00
MGIM11;101,50;0,176173;0,00;98,41;1,03;;101,04;;;24.337.124,08;75,00;;247.300,00
MGLC11;0,00;;0,00;63,81;;;3,50;;;118.155.565,38;8.102,00;;0,00
MGRI11;58,18;0,830000;19,18;47,45;1,23;;0,77;-3,25;;15.648.267,87;1,00;;329.755,00
MINT11;96,50;0,749556;0,00;97,17;0,99;;16,33;;-1,61;50.527.673,91;94,00;Ativa;520.000,00
MMPD11;67,92;1,216124;46,53;67,24;1,01;1.008.803,00;7,81;;-100,00;35.668.292,11;102,00;;530.497,00
MMVE11;147,00;;0,00;155,79;0,94;12.228,56;0,79;;2,79;78.022.063,92;128,00;;500.814,00
MOFF11;0,00;;0,00;161,26;;;7,42;;;35.487.602,98;3,00;;220.066,00
MORC11;89,87;0,330000;0,00;0,00;1,41;;3,50;;-1,27;0,00;0,00;;0,00
MORE11;76,21;0,700000;0,00;0,00;1,19;;3,50;-3,30;0,67;0,00;0,00;;0,00
MOSO11;0,00;;0,00;;;;;;;;;;0,00
MTOF11;103,37;;0,00;43,18;2,39;;1,80;;;83.809.259,62;2,00;;1.941.019,00
MTRS11;0,00;;0,00;63,81;;;3,50;;;118.155.565,38;8.102,00;;0,00
MVFI11;0,00;;0,00;1,40;;;2,76;;;109.279.107,06;1,00;;78.155.673,00
MXRF11;9,69;0,100000;12,29;9,37;1,04;14.966.344,71;3,28;-2,01;9,22;4.313.692.471,65;1.468.513,00;;460.269.531,00
N4V1;0,00;;0,00;63,81;;;3,50;;;118.155.565,38;8.102,00;;0,00
N4V111;0,00;;0,00;63,81;;;3,50;;;118.155.565,38;8.102,00;;0,00
NAUI11;1.000,00;;0,00;435,66;2,30;0,00;10,06;;;22.538.654,50;110,00;;51.735,00
NAVT11;75,68;1,100000;12,87;87,64;0,86;42.809,29;78,29;-8,91;8,86;53.662.100,29;2.238,00;;612.282,00
NCRI11;9,00;0,120000;14,00;10,07;0,89;43.694,38;15,28;6,31;13,59;39.774.627,09;1.317,00;;3.949.999,00
NEWL11;103,02;1,000000;11,43;130,20;0,79;150.036,33;16,54;-0,11;9,30;365.885.730,64;7.480,00;;2.810.193,00
NEWU11;111,49;0,600000;3,90;95,92;1,16;3.607,76;12,28;26,09;26,25;73.157.639,77;1.056,00;;762.705,00
NIVT11;0,00;;0,00;11,02;;;2,23;;;92.090.911,12;483,00;;8.358.357,00
NPAR11;12,82;1,196695;0,00;11,02;1,16;;2,23;;;92.090.911,12;483,00;;8.358.357,00
NSLU11;171,98;1,720000;17,88;172,92;0,99;111.390,29;3,75;17,98;13,95;223.628.974,12;5.220,00;;1.293.286,00
NVHO11;12,15;0,083353;10,29;16,58;0,73;2.113,81;1,34;5,01;15,82;687.836.683,00;1.675,00;;41.494.533,00
NVIF11;227,50;0,889152;3,58;360,29;0,63;;4,64;8,91;;121.563.501,90;7,00;;337.400,00
OBAL11;1.095,00;93,515043;16,03;1.818,87;0,60;1.095,00;23,76;;;256.968.206,94;108,00;;141.279,00
OCRE11;64,90;0,362510;9,50;154,14;0,42;15.084,15;10,51;-12,37;-7,44;65.199.971,25;445,00;;422.986,00
OGHY11;8,72;0,090000;0,00;9,49;0,92;;72,24;;-4,53;25.780.971,88;1.565,00;;2.715.373,00
ONDA11;7,32;0,100000;17,90;11,02;0,66;14.344,76;2,23;;;92.090.911,12;483,00;;8.358.357,00
ONEF11;200,03;0,031000;0,00;182,79;1,09;;18,59;66,84;1,04;166.518.054,63;2.602,00;;911.000,00
OPTM11;0,00;0,140000;0,00;65,64;;;16,53;;;4.811.420,88;14,00;;73.304,00
ORPD11;93,00;1,379310;0,00;140,62;0,66;;0,00;;;40.780.903,28;6,00;;290.000,00
OUFF11;61,10;0,755800;0,00;0,00;;;;-0,22;-4,80;0,00;0,00;Ativa;0,00
OUJP11;71,00;1,580000;19,41;99,98;0,71;623.264,38;7,64;6,00;1,99;325.169.190,54;26.447,00;;3.252.384,00
OURE11;78,20;1,085000;0,00;0,00;;;;-3,46;-1,05;0,00;0,00;;0,00
PABY11;20,89;;0,00;-34,71;;811,75;;;-0,30;-26.327.409,60;518,00;;758.400,00
PATA11;9,01;0,115120;21,35;10,27;0,88;9.137,11;7,33;;;17.482.589,00;393,00;;1.702.007,00
PATB11;0,00;4,505153;0,00;213,21;;;0,77;;;879.819.564,41;1,00;;4.126.575,00
PATC11;39,50;0,050000;1,52;34,33;1,15;2.855.506,38;0,52;-55,89;5,90;119.369.914,50;4.260,00;;3.477.434,00
PATL11;0,01;0,570000;58.300,00;68,10;0,00;0,00;1,51;-0,19;-94,25;339.934.503,60;33.546,00;;4.991.535,00
PBLV11;663,11;46,797670;13,64;1.661,95;0,40;;5,14;;;8.076.332.727,90;2,00;;4.859.552,00
PCAS11;0,00;128,571429;0,00;3.802,90;;;0,02;;;266.203.128,91;100,00;;70.000,00
PCIP11;75,92;1,070000;14,40;92,88;0,81;2.249.294,00;3,50;0,37;4,75;1.580.092.878,48;113.410,00;;17.011.707,00
PDBM11;109,23;0,764706;17,36;112,77;0,97;5.218,13;1,50;;;38.340.741,67;118,00;;340.000,00
PEMA11;24,72;0,280000;28,69;53,21;0,46;289,47;0,66;-0,46;-3,66;29.370.112,09;281,00;;552.000,00
PLAG11;62,40;0,650000;10,64;65,57;0,95;132.127,29;6,23;7,72;20,95;357.535.366,72;13.748,00;;5.452.634,00
PLCR11;78,20;0,800000;2,17;83,40;0,94;864.020,00;7,46;-5,92;4,57;175.914.246,15;14.034,00;;2.109.169,00
PLRI11;7,95;0,660167;11,47;15,49;0,51;546,62;18,09;19,27;12,79;14.780.732,10;738,00;;954.304,00
PMFO11;87,00;0,840000;10,62;89,18;0,98;22.891,53;3,18;;;87.026.552,11;1,00;;975.907,00
PMIS11;7,80;0,099000;14,54;9,40;0,83;159.436,90;15,46;;;139.223.644,95;6.571,00;;14.803.242,00
PMLL11;100,97;1,000000;11,05;116,67;0,87;4.804.935,67;3,92;2,78;1,01;1.631.272.606,28;135.622,00;;13.982.093,00
PMRL11;108,59;0,573000;0,53;85,67;1,27;10.429,48;0,60;;;33.769.391,18;1.465,00;;394.163,00
PNCR11;45,20;1,560000;6,84;46,07;0,98;;101,19;;11,74;23.037.047,12;112,00;;500.000,00
PNDL11;160,00;3,410000;0,00;100,12;1,60;0,00;24,04;;-3,97;14.450.344,69;58,00;;144.332,00
PNLN11;0,00;;0,00;93,79;;;1,72;;;21.717.480,71;52,00;;231.547,00
PNPR11;48,00;1,230000;0,00;38,80;1,24;5.000.064,00;1,45;;-3,41;34.834.162,72;15,00;;897.816,00
PNRC11;28,11;0,015000;15,64;10,32;2,72;1,65;9,80;-35,97;6,90;4.231.534,23;103,00;;410.100,00
PORD11;8,45;0,098000;14,02;9,55;0,88;589.801,57;28,21;0,48;11,25;355.948.741,83;44.919,00;;37.283.750,00
PQAG11;53,97;0,490000;10,71;55,64;0,97;1.496,65;0,16;2,17;9,10;778.526.798,95;465,00;;13.991.890,00
PQDP11;2.500,00;17,808135;9,16;2.605,56;0,96;66.552,71;6,56;2,94;62,22;636.312.310,55;3.002,00;;244.213,00
PRSN11B;0,20;0,081427;40,71;2,62;0,08;0,00;45,90;;-44,02;8.454.733,38;491,00;;3.231.246,00
PRSV11;33,85;1,620000;0,00;102,09;0,33;1.710,60;0,20;28,92;-27,67;29.567.728,68;789,00;;289.621,00
PRTS11;18.206,64;0,054870;0,00;0,06;303.444,00;;103,36;;;3.111.607,44;11,00;;55.727.500,00
PRZS11;0,00;;0,00;61,45;;;0,10;;;91.755.256,10;19,00;;1.493.148,00
PSEC11;55,49;0,550000;12,89;74,12;0,75;2.398.768,48;5,39;-4,10;-2,09;1.363.714.663,33;84.072,00;;18.399.378,00
PULV11;8,72;0,095000;4,36;0,00;;61.949,00;;;;0,00;0,00;;0,00
PVBI11;72,90;0,400000;7,20;107,74;0,68;3.539.178,67;1,16;-13,60;-3,38;2.923.115.599,01;183.801,00;;27.130.067,00
QAMI11;84,68;1,000000;0,00;92,80;0,91;67.019,00;0,73;;2,14;74.367.555,48;1.440,00;;801.398,00
QIRI11;78,04;0,660000;0,00;89,61;0,87;;100,31;;;13.441.852,95;173,00;;150.000,00
QNTS11;0,00;1,930000;0,00;179,14;;;1,10;;;244.213.410,21;136,00;;1.363.236,00
QTZD11;0,00;;0,00;8,74;;;8,20;;;5.097.166,73;31,00;;583.340,00
RBBV11;100,00;0,224057;0,00;100,84;0,99;;1,01;75,40;;126.470.249,69;3.475,00;;1.254.164,00
RBCB11;19,00;0,300000;0,00;0,00;0,30;;3,50;-15,04;;0,00;462,00;;53.100,00
RBDS11;1,59;2,354143;0,00;18,43;0,09;68,10;13,22;18,99;-16,18;2.331.451,27;797,00;;126.523,00
RBED11;94,00;1,040000;0,00;0,00;;;;15,30;-4,71;0,00;10.734,00;Ativa;2.355.022,00
RBFM11;10,33;0,108000;13,17;12,85;0,80;306.285,67;6,43;3,80;6,72;240.895.325,60;22.122,00;;18.746.075,00
RBFY11;72,00;0,320000;1,19;94,72;0,76;8.837,47;2,69;;;91.864.653,27;82,00;;969.847,00
RBGS11;28,45;0,176600;0,00;90,78;0,31;;0,52;4,91;;97.865.283,71;2.808,00;;1.078.000,00
RBHG11;61,74;0,800000;15,68;86,58;0,71;228.515,48;0,98;-6,78;0,61;187.707.875,95;7.516,00;;2.167.957,00
RBHY11;72,45;1,000000;17,36;92,92;0,78;215.680,19;2,12;-0,63;5,60;175.939.153,17;3.499,00;;1.893.505,00
RBIR11;74,00;0,473060;16,30;78,77;0,94;193.181,19;12,32;;12,07;120.414.062,37;1.464,00;;1.528.615,00
RBLG11;17,72;0,064993;13,18;30,72;0,58;4,58;6,08;-23,66;-0,54;19.666.962,94;238,00;;640.199,00
RBOP11;223,01;1,100000;8,56;736,24;0,30;16.918,40;7,88;-33,12;-9,53;74.849.600,08;2.562,00;;101.664,00
RBRD11;37,05;0,550000;17,71;71,70;0,52;47.624,19;4,00;16,03;12,81;132.777.498,24;7.509,00;;1.851.786,00
RBRF11;6,53;0,120000;3,68;8,57;0,76;2.739.709,00;14,59;6,82;1,20;1.172.603.582,62;111.834,00;;136.807.700,00
RBRI11;250,55;13,000000;5,19;318,37;0,79;323,85;2,18;;19,33;44.465.056,94;143,00;;139.665,00
RBRK11;107,00;;0,00;115,52;0,93;0,00;2,69;;;200.848.511,63;19,00;;1.738.692,00
RBRL11;71,70;0,600000;11,92;98,07;0,73;531.933,48;8,67;1,61;1,05;655.781.197,05;16.902,00;;6.687.035,00
RBRM11;94.794,81;2.002,089652;0,00;5.301,98;17,88;;100,00;;;2.860.101,93;54,00;Ativa;539,00
RBRP11;46,50;0,400000;10,32;80,40;0,58;1.233.402,57;3,61;1,21;-0,69;979.206.851,27;54.487,00;;12.179.186,00
RBRR11;77,39;0,950000;11,56;93,29;0,83;4.593.981,86;3,62;3,52;6,26;1.520.653.656,87;143.366,00;;16.300.275,00
RBRS11;48,00;0,360000;4,13;96,01;0,50;2.162,32;4,14;-27,66;-1,14;73.392.606,42;865,00;;764.452,00
RBRU11;0,00;;0,00;63,81;;;3,50;;;118.155.565,38;8.102,00;;0,00
RBRX11;8,11;0,090000;13,39;9,76;0,83;2.325.710,19;2,47;-4,37;7,66;1.428.357.555,44;126.599,00;;146.354.302,00
RBRY11;86,37;1,000000;14,79;100,96;0,85;3.874.407,14;23,10;2,70;8,33;1.289.154.179,60;75.892,00;;12.769.512,00
RBTS11;247,95;7,341884;2,96;284,92;0,87;0,00;8,84;;;16.104.953,17;124,00;;56.525,00
RBVA11;8,95;0,090000;12,07;10,68;0,84;2.356.300,43;1,77;-3,45;5,10;1.667.803.737,09;92.652,00;;156.143.050,00
RBVO11;5,32;0,010000;0,00;0,00;;;;71,05;-15,70;0,00;0,00;Ativa;0,00
RCFA11;0,86;;0,00;18,12;0,05;12,89;0,00;;-34,35;10.578.486,81;279,00;;583.926,00
RCFF11;73,01;0,424400;0,58;103,01;0,71;20,28;96,41;;6,94;33.291.470,77;125,00;;323.200,00
RCKF11;0,00;;0,00;63,81;;;3,50;;;118.155.565,38;8.102,00;;0,00
RCRB11;133,94;1,080000;8,99;199,10;0,67;887.463,76;0,13;4,77;2,72;734.800.247,23;24.331,00;;3.690.695,00
RCRI11;100,59;1,150000;5,67;102,35;0,98;39.335,81;1,59;;;43.204.422,63;344,00;;422.144,00
RCRI11B;1.200,00;12,481836;0,00;365,40;3,28;;70,80;;;18.639.596,10;149,00;;51.012,00
RDCI11;0,00;3,930000;0,00;87,43;;;7,35;;;267.061.881,27;117,00;;3.054.449,00
RDIV11;100,00;0,750000;1,24;84,59;1,18;7.735.786,00;0,61;;;221.933.430,43;141,00;;2.623.752,00
RDLI11;10,80;15,111099;556,47;88,29;0,12;25.907,35;8,93;;;169.888.429,73;303,00;;1.924.193,00
RDLS11;0,00;;0,00;1.919,32;;;4,40;;;393.460.984,17;32,00;;205.000,00
RECD11;7,20;0,084900;13,89;6,83;1,05;545,48;8,29;;;37.253.634,66;507,00;;5.453.775,00
RECH11;0,00;;0,00;63,81;;;3,50;;;118.155.565,38;8.102,00;;0,00
RECM11;7,88;0,100000;16,50;9,18;0,86;56.558,24;9,04;;;77.085.017,28;1.266,00;;8.400.517,00
RECR11;79,93;1,118000;12,09;88,42;0,90;3.360.124,62;2,09;2,34;9,34;2.338.046.932,29;173.918,00;;26.441.650,00
RECT11;35,72;0,450000;14,45;89,73;0,40;416.019,90;0,39;3,36;0,02;766.585.546,53;47.166,00;;8.543.493,00
RECX11;67,99;0,600000;0,00;72,48;0,94;;17,45;-12,46;0,16;15.823.826,78;577,00;Ativa;218.313,00
REIT11;70,01;4,180000;22,34;302,41;0,23;8,89;101,28;-49,26;-18,25;7.950.552,80;60,00;;26.291,00
RELG11;68,52;0,800000;14,01;94,64;0,72;30.464,85;8,94;29,06;12,50;33.917.632,18;3.504,00;;358.379,00
REME11;76,20;1,220000;2,91;93,98;0,81;139.975,85;5,85;;;61.562.199,11;1,00;;655.087,00
RENV11;5,50;0,080000;14,45;14,29;0,38;15.600,14;2,81;;;14.670.063,13;898,00;;1.026.794,00
RFOF11;63,84;0,650000;10,18;0,43;148,47;173.508,00;1.016,26;-3,87;2,84;326.962,34;3.284,00;;767.207,00
RINV11;105,90;1,100000;11,39;106,39;1,00;465.299,71;79,62;-6,81;13,06;535.332.599,60;4.568,00;;5.031.676,00
RJDA11;115,00;;0,00;;;153,33;;;;;;;0,00
RMBS11;8,13;0,114500;2,91;9,56;0,85;5.326,86;14,40;;;24.242.316,04;4.705,00;;2.536.202,00
RNDP11;40,50;0,690000;0,00;0,00;;14.794,00;;-33,42;20,03;0,00;0,00;Ativa;0,00
RNGO11;51,81;0,520000;9,01;84,06;0,62;28.786,62;1,44;0,80;11,03;224.955.690,41;6.554,00;;2.676.000,00
ROOF11;323,31;41,715400;0,00;278,86;1,16;323,00;15,65;;3,44;21.609.995,86;81,00;;77.495,00
RPRI11;76,86;1,400000;15,41;100,81;0,76;888.704,86;6,35;0,13;4,21;349.994.153,75;4.676,00;;3.471.728,00
RSPD11;700,00;3,831391;7,03;767,25;0,91;2.320,78;1,50;;;114.328.809,38;194,00;;149.011,00
RTEL11;0,00;;0,00;48,95;;;34,87;;;16.996.441,30;571,00;;347.200,00
RZAK11;81,83;1,050000;16,19;88,29;0,93;1.278.501,38;27,20;-1,37;11,06;777.616.578,87;44.455,00;;8.807.885,00
RZAT11;94,40;1,700000;14,19;103,83;0,91;712.797,52;14,88;3,92;12,62;439.716.792,04;34.380,00;;4.235.042,00
RZDM11;550,16;2,900000;0,00;32,81;16,77;;100,81;;;5.249.451,62;4,00;;160.000,00
RZLC11;1.005,09;12,053894;14,82;996,05;1,01;627.396,24;78,70;;;161.323.254,64;160,00;;161.963,00
RZTR11;86,40;0,900000;13,77;98,07;0,88;2.911.577,71;1,41;-0,28;9,75;1.848.721.684,18;146.019,00;;18.851.720,00
RZZI11;982,82;6,800000;4,27;1.304,11;0,75;2.000.000,00;1,46;;;145.461.588,50;116,00;;111.541,00
RZZR11;129,00;1,232000;10,37;176,29;0,73;131.826,29;1,12;2,38;-6,04;984.983.121,02;557,00;;5.587.289,00
RZZV11;1.028,34;8,300000;7,98;1.194,84;0,86;105.000,00;3,82;;;207.352.351,72;131,00;;173.540,00
SACL11;0,00;;0,00;63,81;;;3,50;;;118.155.565,38;8.102,00;;0,00
SADI11;8,62;0,114000;5,29;8,73;0,99;17.163,00;7,98;0,14;12,09;135.150.517,24;10.994,00;;15.486.840,00
SAIC11B;0,00;0,662215;0,00;39,67;;;0,01;;;56.723.988,53;45,00;;1.429.740,00
SALI11;0,00;0,900000;0,00;95,21;;;7,31;;;7.575.553,97;2,00;;79.565,00
SAPI11;9,04;0,118500;15,93;10,06;0,90;141.728,48;13,06;;;297.516.319,92;13.178,00;;29.563.321,00
SARE11;4,80;0,026000;0,00;5,03;0,95;348.855,00;4,63;-28,39;-3,25;464.915.874,22;26.586,00;;92.343.290,00
SBCL11;0,00;;0,00;0,00;;;;;;0,00;0,00;Ativa;0,00
SCPF11;3,40;0,040000;1,71;9,89;0,34;1.410,86;1,22;8,93;-11,71;41.549.233,57;4.167,00;;4.200.000,00
SEED11;98,34;1,150000;11,63;90,98;1,08;;0,44;2,64;;149.202.234,27;131,00;;1.640.000,00
SEQR11;53,71;0,588300;13,03;98,96;0,54;79.462,86;2,19;-4,15;7,07;164.843.420,44;4.159,00;Ativa;1.665.695,00
SFND11;83,07;0,100000;0,00;0,00;1,30;;3,50;115,88;;0,00;54,00;;981.472,00
SFRO11;0,00;;0,00;5,93;;;102,53;;;5.191.438,53;20,00;;875.758,00
SHDP11B;0,00;151,997434;0,00;884,44;;;5,07;117,59;;1.052.234.698,91;2,00;;1.189.725,00
SHOP11;36,50;;0,00;30,32;1,20;740.552,08;0,92;;-11,25;76.507.752,26;99,00;;2.523.296,00
SHPH11;974,96;12,000000;6,75;1.037,36;0,94;134.928,00;1,95;5,97;16,29;631.698.081,98;2.037,00;;608.950,00
SHPP11;10,79;0,045000;5,78;10,15;1,06;6.548.133,81;2,23;;;518.198.391,88;125,00;;51.067.415,00
SHSO11;0,00;0,420000;0,00;98,85;;;4,29;;;19.769.049,00;1,00;;200.000,00
SIGR11;99,90;1,295000;0,00;9,38;10,65;100,00;0,61;;-0,03;183.000.003,55;10.920,00;;19.515.485,00
SJAU11;2,04;11,880000;0,00;14,87;0,14;3.850,38;24,58;;-69,71;11.795.798,91;838,00;;793.224,00
SLDZ11;0,00;;0,00;-85,58;;;;;;-430.039,32;2,00;Ativa;5.025,00
SMRE11;53,10;1,004753;23,13;104,33;0,51;102.181,52;1,40;;;104.105.096,46;1.233,00;;997.857,00
SNCI11;87,00;1,000000;13,79;96,93;0,90;408.931,10;17,49;0,99;8,24;407.107.304,43;35.129,00;;4.200.000,00
SNEL11;8,42;0,100000;14,27;7,99;1,05;7.405.102,57;5,12;;;883.624.281,88;99.294,00;;110.660.070,00
SNFF11;72,78;0,720000;13,55;85,85;0,85;293.600,00;12,11;0,86;5,84;345.157.144,75;25.703,00;;4.020.635,00
SNLG11;1,24;0,840000;0,00;2,04;0,61;0,00;144,97;;48,32;5.166.644,74;9.267,00;;2.529.966,00
SNME11;9,38;0,150000;15,78;9,43;0,99;445.161,38;18,61;;;69.984.048,36;7.492,00;;7.418.243,00
SOFF11;94,20;1,000000;0,00;102,43;0,92;12,53;0,00;;;187.944.047,94;309,00;;1.834.908,00
SOLR11;1.051,35;4,770765;0,00;919,31;1,14;;0,48;;;60.245.691,32;58,00;;65.533,00
SPAF11;0,00;8,572226;0,00;1.126,87;;;3,40;10,58;;12.699.858,78;1,00;;11.270,00
SPDE11;1.266,67;12,440000;10,28;1.541,05;0,82;;1,81;;;140.851.989,61;120,00;;91.400,00
SPGM11;13,36;;0,00;16,30;0,82;0,00;0,01;;;73.661.026,38;118,00;;4.518.848,00
SPMO11;120,00;0,430000;0,00;170,97;0,70;0,00;0,00;;;310.305.927,73;15,00;;1.814.984,00
SPTW11;37,75;0,850000;15,44;54,17;0,70;59.607,29;6,54;2,02;10,25;97.388.785,80;16.669,00;;1.798.000,00
SPVJ11;0,00;0,168000;0,00;24,46;;;24,75;-38,82;;154.423.844,13;23,00;;6.312.090,00
SPXC11;0,00;;0,00;63,81;;;3,50;;;118.155.565,38;8.102,00;;0,00
SPXG11;0,00;;0,00;9,77;;;0,00;;;7.513.330,76;61,00;;768.869,00
SPXL11;0,00;;0,00;8,82;;;100,81;;;38.765.966,71;28,00;;4.397.344,00
SPXS11;8,05;0,098000;15,06;9,42;0,85;346.681,43;12,47;0,17;7,89;190.094.764,86;20.343,00;;20.189.040,00
SRVD11;3,00;0,200000;0,00;0,16;18,75;0,00;0,00;;-19,26;15.751.874,97;108,00;;96.286.020,00
STRX11;140,31;0,810000;7,60;153,25;0,92;141,00;1,14;3,87;;247.273.997,22;111,00;;1.613.559,00
SURE11;0,00;0,580000;0,00;10,85;;;30,47;;;116.412.669,49;1,00;;10.728.379,00
TBOF11;15,56;0,822740;0,00;0,21;74,10;;492,15;74,62;;2.097.587,74;9.180,00;;10.050.000,00
TCIN11;145,92;;0,00;42,98;3,40;277.248,00;0,00;;3,03;36.689.578,22;107,00;;853.657,00
TCPF11;39,53;4,710000;11,92;98,62;0,40;;6,24;;;29.322.488,92;48,00;;297.327,00
TELD11;0,00;;0,00;24,62;;;16,14;;;11.567.171,92;2,00;;469.760,00
TELF11;0,00;;0,00;63,81;;;3,50;;;118.155.565,38;8.102,00;;0,00
TELM11;9,84;0,300000;17,64;10,20;0,96;5.208,81;34,65;;;31.636.978,60;299,00;;3.100.500,00
TEPP11;7,88;0,131000;14,48;9,58;0,82;1.356.970,14;5,10;5,89;7,86;475.561.606,76;44.450,00;;49.616.923,00
TFOF11;138,00;2,370000;0,00;121,20;1,14;;13,36;180,03;;103.080.374,68;3.278,00;;850.530,00
TGAR11;50,25;0,720000;20,51;108,79;0,46;4.525.312,67;0,23;-14,42;-15,39;2.564.030.458,11;137.575,00;;23.567.968,00
THRA11;138,50;0,130000;0,00;9,54;14,52;;140,47;90,73;;14.050.683,35;2.084,00;;1.472.728,00
TJKB11;253,44;2,900000;13,57;281,96;0,90;245.637,33;1,71;4,26;10,75;601.856.649,49;767,00;;2.134.524,00
TMPS11;74,00;1,800000;14,97;81,66;0,91;291.608,33;5,23;-0,54;5,24;79.940.394,80;1.875,00;;978.968,00
TOPP11;67,76;0,840000;13,64;105,67;0,64;596.517,29;3,33;;;478.478.280,75;4.522,00;;4.528.240,00
TORD11;1,14;0,003500;7,39;36,72;0,03;12.811,19;4,30;-72,73;-61,80;212.583.174,34;46.674,00;;5.841.933,00
TORM13;142,00;10,562960;0,00;0,00;2,23;;3,50;;;0,00;0,00;;0,00
TOUR11;8,80;0,242328;0,00;0,00;0,14;;3,50;;;0,00;0,00;;0,00
TRBL11;58,92;2,680000;17,24;79,54;0,74;1.132.777,81;8,86;2,44;-7,19;615.586.359,16;42.290,00;;7.739.092,00
TRNT11;97,51;0,070000;0,00;165,49;0,59;8.552,75;1,71;-13,28;-4,46;651.287.503,47;499,00;;3.935.562,00
TRPL11;1,10;;0,00;0,50;2,20;1.133,32;11,36;;;4.985.172,73;163,00;;10.000.000,00
TRUE11;24,05;0,018204;1,09;27,61;0,87;17.035,86;2,78;-10,27;0,31;68.520.470,28;2.855,00;;2.481.283,00
TRXB11;183,00;10,300000;19,92;99,01;1,85;1.349.346,29;1,79;38,97;29,95;402.558.572,70;803,00;;4.066.022,00
TRXF11;90,99;1,500000;12,97;98,33;0,93;19.415.286,43;2,04;0,14;5,06;6.138.975.528,57;313.615,00;;62.430.702,00
TRXY11;8,15;0,130000;16,69;8,67;0,94;223.379,33;0,88;;;307.573.206,43;2.714,00;;35.467.014,00
TSER11;103,79;1,647421;14,46;93,70;1,11;0,00;8,65;7,54;7,90;139.196.673,78;1,00;;1.485.504,00
TSNC11;58,90;7,361195;0,00;78,12;0,75;9,89;5,28;-32,82;;84.896.595,36;109,00;;1.086.780,00
TSNM11;0,00;;0,00;63,81;;;3,50;;;118.155.565,38;8.102,00;;0,00
TVRI11;91,63;1,050000;13,75;103,97;0,88;1.102.521,62;2,58;3,85;9,22;1.655.185.497,04;59.039,00;;15.919.690,00
URHF11;58,00;1,000000;22,53;97,89;0,59;8.419,65;21,97;;;10.808.169,28;303,00;;110.417,00
URPR11;19,56;0,300000;21,42;83,84;0,23;913.532,52;0,53;-31,92;-33,14;983.741.267,95;56.984,00;;11.733.895,00
VCHG11;0,00;;0,00;63,81;;;3,50;;;118.155.565,38;8.102,00;;0,00
VCJR11;73,98;1,250000;15,60;93,66;0,79;2.229.240,10;7,55;-0,22;6,12;1.379.078.036,91;29.327,00;;14.723.970,00
VCRI11;7,16;0,095000;15,29;9,53;0,75;202.923,95;1,04;0,15;7,58;195.790.064,97;12.810,00;;20.543.663,00
VCRR11;55,50;0,400000;9,73;103,75;0,53;121.797,95;7,74;-13,56;-2,74;207.503.327,78;2.693,00;;2.000.000,00
VCTH11;101,00;;0,00;95,10;1,06;505,00;4,77;;;68.087.340,16;176,00;;715.952,00
VDSV11;0,00;;0,00;935,15;;;13,86;;;37.212.244,82;83,00;;39.793,00
VERE11;127.709,34;4,890000;0,03;529,52;241,18;;2,53;29,26;;339.195.230,70;111,00;;640.565,00
VGHF11;5,87;0,070000;15,16;8,37;0,70;2.109.520,29;1,58;-9,48;-3,49;1.379.137.939,39;378.189,00;;164.721.683,00
VGII11;65,76;0,800000;7,60;65,88;1,00;0,00;11,03;;;34.181.530,66;9,00;;518.865,00
VGIP11;80,09;1,050000;11,04;91,40;0,88;2.285.453,33;3,86;0,77;7,90;1.077.329.646,94;83.612,00;;11.787.247,00
VGIR11;9,61;0,120000;14,67;9,80;0,98;3.831.632,90;5,69;3,50;15,11;1.431.263.745,53;270.326,00;;146.101.287,00
VGRI11;5,36;0,075000;23,51;8,70;0,62;329.242,29;3,87;;;304.819.560,55;26.071,00;;35.021.736,00
VIDS11;915,64;63,984592;8,74;700,32;1,31;;24,48;;;66.252.312,96;199,00;;94.603,00
VIFI11;6,96;0,070000;0,00;0,00;;;;5,09;0,34;0,00;0,00;Ativa;0,00
VILG11;95,58;0,820000;9,68;111,81;0,85;2.795.808,86;8,51;6,45;4,66;1.676.830.071,63;149.369,00;;14.997.396,00
VINO11;4,61;0,042000;11,81;9,81;0,47;522.217,48;6,80;-8,46;-11,72;812.151.045,20;127.379,00;;82.826.295,00
VISC11;105,66;0,840000;9,38;115,82;0,91;4.918.365,90;4,48;-4,98;4,55;3.339.028.785,11;350.230,00;;28.828.640,00
VIUR11;2,25;0,206700;28,03;3,51;0,64;153.688,00;60,10;3,78;2,98;94.664.702,09;37.666,00;;26.946.220,00
VJFD11;125,20;0,880000;9,07;170,97;0,73;0,00;0,74;8,19;;833.663.802,37;105,00;;4.876.129,00
VLIQ11;0,00;;0,00;0,00;;;3,50;;;0,00;1,00;;0,00
VLJS11;1.141,14;28,819221;0,00;593,11;1,92;;1,37;;;15.461.546,75;9,00;;26.068,00
VLOL11;88,00;1,856441;0,00;111,06;0,79;0,00;16,46;14,56;;198.219.080,15;3.127,00;;1.784.828,00
VOTS11;90,04;1,200000;12,51;91,73;0,98;1.078,48;11,14;2,36;13,44;75.945.003,22;534,00;;827.913,00
VPPR11;19,30;0,070000;0,00;41,44;0,47;58.290,00;1,35;-42,64;-3,47;303.211.367,07;30.154,00;;7.316.171,00
VPSI11;21,92;0,300261;14,23;33,61;0,65;22,00;0,86;9,81;;271.256.690,45;125,00;;8.071.897,00
VRTA11;73,20;0,850000;13,99;83,80;0,87;3.012.520,67;3,86;2,40;3,49;1.306.696.394,39;103.290,00;;15.592.424,00
VRTM11;6,98;0,090000;15,47;9,47;0,74;132.585,19;7,54;;;444.788.700,96;11.844,00;;46.971.245,00
VSEC11;0,21;0,080000;0,00;0,00;0,00;;3,50;-0,62;0,00;0,00;0,00;;0,00
VSHO11;73,60;0,700000;11,09;114,09;0,65;10.109,48;1,00;0,12;8,20;239.449.150,33;2.857,00;;2.098.800,00
VSLH11;1,77;0,035000;17,36;11,10;0,16;78.179,52;4,33;-7,97;-18,01;331.459.598,25;60.472,00;;29.864.091,00
VTBL11;0,00;1,544600;0,00;84,35;;;0,00;;;19.105.850,77;1,00;;226.505,00
VTLT11;88,98;1,262349;8,64;90,55;0,98;12.462.404,00;1,31;5,80;6,83;191.517.274,18;5.533,00;;2.115.000,00
VTPA11;0,00;;0,00;104,68;;;1,82;;;69.287.071,33;1,00;;661.867,00
VTPL11;64,25;0,490000;8,03;120,16;0,53;66,00;1,07;;;166.564.006,99;125,00;;1.386.242,00
VTRT11;0,00;0,107508;0,00;100,80;;;20,14;;;1.030.654.046,20;499,00;;10.224.963,00
VTVI11;0,00;;0,00;22,00;;;2,20;;;39.186.848,75;1,00;;1.780.984,00
VTXI11;0,00;;0,00;2,64;;;6,74;;;273.238,99;2,00;;103.500,00
VVCO11;9,01;0,323281;0,00;15,09;0,60;867,67;1,84;;-11,09;149.411.419,03;2.437,00;;9.900.000,00
VVCR11;8,84;0,100000;13,55;10,35;0,85;264.082,14;8,31;-1,46;4,04;189.111.807,20;2.050,00;;18.278.958,00
VVMR11;83,00;0,200000;1,45;84,24;0,99;952,89;0,28;-26,18;2,18;237.817.050,40;504,00;;2.823.180,00
VVPR11;101,50;0,892340;0,00;98,03;1,04;;1,27;;;226.032.234,18;1.372,00;;2.305.771,00
VVRI11;84,58;0,030442;6,07;90,18;0,94;13.225,84;0,26;-25,06;3,77;158.458.376,25;144,00;;1.757.140,00
VXXV11;785,00;93,020000;0,00;432,41;1,82;10.159.264,40;0,43;;5,01;206.637.182,67;15,00;;477.875,00
WHGR11;9,03;0,100000;13,68;9,76;0,93;279.471,00;2,10;0,14;11,58;301.604.364,00;15.134,00;;30.912.378,00
WPLZ11;48,00;0,370000;10,56;54,57;0,88;3.222,25;0,71;0,87;-1,72;64.752.127,01;1.441,00;;1.186.683,00
WSEC11;1,41;0,020354;14,54;1,47;0,96;1.533,00;103,39;-1,67;28,15;3.603.090,71;918,00;;2.456.510,00
WTSP11;67,00;0,600000;7,12;94,40;0,71;1.822,85;1,13;5,44;18,76;116.919.864,95;235,00;;1.238.572,00
XBXO11;0,00;;0,00;8,49;;;0,00;;;25.819.990,51;5,00;;3.042.600,00
XLPR11;69,26;0,379574;9,94;74,92;0,92;15.168,19;2,77;-5,68;6,28;36.093.674,05;1.379,00;;481.757,00
XPCI11;83,69;0,950000;13,03;88,56;0,94;1.723.712,52;4,80;0,12;11,64;770.578.224,59;83.304,00;;8.701.551,00
XPCM11;8,01;0,020000;0,00;20,21;0,40;17.830,29;0,90;-34,84;-14,62;48.789.846,88;15.567,00;;2.414.570,00
XPIN11;62,04;0,850000;14,60;74,78;0,83;817.241,95;1,95;8,89;0,87;534.690.266,89;37.186,00;;7.150.422,00
XPLG11;90,78;0,820000;10,84;105,25;0,86;10.890.159,24;3,06;1,68;1,31;5.408.721.355,72;344.319,00;;51.390.097,00
XPML11;106,02;0,920000;10,44;109,39;0,97;14.233.362,33;2,28;1,40;10,42;7.034.476.644,18;748.369,00;;64.308.055,00
XPRE11;0,00;;0,00;;;;;;;;;;0,00
XPSF11;6,15;0,070000;13,31;7,88;0,78;299.805,05;0,91;-2,88;1,91;341.027.173,18;54.411,00;;43.302.140,00
YEES11;102,00;;0,00;99,51;1,03;1.224,00;6,00;;;29.851.572,39;136,00;;300.000,00
YUFI11;15,00;0,171599;0,00;39,22;0,38;0,00;4,11;;-26,52;19.322.334,98;56,00;;492.650,00
ZAGH11;8,45;0,050000;6,97;9,11;0,93;1.487,67;0,00;;;200.651.360,59;0,00;;22.020.200,00
ZAVC11;9,16;0,130000;16,70;10,04;0,91;7.589,86;10,44;;;35.958.897,94;830,00;;3.582.421,00
ZAVI11;9,74;0,120000;13,96;13,65;0,71;30.226,81;4,10;-1,75;3,68;160.177.127,76;2.524,00;;11.733.220,00
ZIFI11;899,89;3,304958;0,00;1.537,32;0,59;2.508,50;0,00;;-3,46;72.999.472,52;91,00;;47.485,00
